level,hanzi,pinyin,pinyin_tone,pinyin_num,english,pos,tts_url,personal_interaction
1,爱,ai,ài,ai4,to love,动,https://api.wohuimandarin.com/nls/tts?text=%C3%A0i,8.0
1,八,ba,bā,ba1,eight,数,https://api.wohuimandarin.com/nls/tts?text=b%C4%81,8.0
1,爸爸,ba ba,bà ba,ba4 ba5,father,名,https://api.wohuimandarin.com/nls/tts?text=%E7%88%B8%E7%88%B8,8.0
1,杯子,bei zi,bēi zi,bei1 zi5,cup; glass; mug,名,https://api.wohuimandarin.com/nls/tts?text=%E6%9D%AF%E5%AD%90,8.0
1,北京,bei jing,běi jīng,bei3 jing1,Beijing,名,https://api.wohuimandarin.com/nls/tts?text=%E5%8C%97%E4%BA%AC,8.0
1,本,ben,běn,ben3,root; [measure word for books],量,https://api.wohuimandarin.com/nls/tts?text=b%C4%9Bn,8.0
1,不客气,bu ke qi,bú kè qi,bu2 ke4 qi5,you're welcome; impolite,,https://api.wohuimandarin.com/nls/tts?text=%E4%B8%8D%E5%AE%A2%E6%B0%94,8.0
1,不,bu,bù,bu4,not; no,副,https://api.wohuimandarin.com/nls/tts?text=b%C3%B9,8.0
1,菜,cai,cài,cai4,vegetable,名,https://api.wohuimandarin.com/nls/tts?text=c%C3%A0i,8.0
1,茶,cha,chá,cha2,tea,名,https://api.wohuimandarin.com/nls/tts?text=ch%C3%A1,8.0
1,吃,chi,chī,chi1,to eat,动,https://api.wohuimandarin.com/nls/tts?text=ch%C4%AB,8.0
1,出租车,chu zu che,chū zū chē,chu1 zu1 che1,taxi,名,https://api.wohuimandarin.com/nls/tts?text=%E5%87%BA%E7%A7%9F%E8%BD%A6,8.0
1,打电话,da dian hua,dǎ diàn huà,da3 dian4 hua4,to make a telephone call,,https://api.wohuimandarin.com/nls/tts?text=%E6%89%93%E7%94%B5%E8%AF%9D,8.0
1,大,da,dà,da4,big,形,https://api.wohuimandarin.com/nls/tts?text=d%C3%A0,8.0
1,的,de,de,de5,of,助,https://api.wohuimandarin.com/nls/tts?text=de,8.0
1,点,dian,diǎn,dian3,o’clock; spot; dot,量,https://api.wohuimandarin.com/nls/tts?text=di%C7%8En,8.0
1,电脑,dian nao,diàn nǎo,dian4 nao3,computer,名,https://api.wohuimandarin.com/nls/tts?text=%E7%94%B5%E8%84%91,8.0
1,电视,dian shi,diàn shì,dian4 shi4,TV,名,https://api.wohuimandarin.com/nls/tts?text=%E7%94%B5%E8%A7%86,8.0
1,电影,dian ying,diàn yǐng,dian4 ying3,film; movie,名,https://api.wohuimandarin.com/nls/tts?text=%E7%94%B5%E5%BD%B1,8.0
1,东西,dong xi,dōng xi,dong1 xi5,thing,名,https://api.wohuimandarin.com/nls/tts?text=%E4%B8%9C%E8%A5%BF,8.0
1,都,dou,dōu,dou1,both; all,副,https://api.wohuimandarin.com/nls/tts?text=d%C5%8Du,8.0
1,读,du,dú,du2,read aloud,动,https://api.wohuimandarin.com/nls/tts?text=d%C3%BA,8.0
1,对不起,dui bu qi,duì bu qǐ,dui4 bu5 qi3,sorry,动,https://api.wohuimandarin.com/nls/tts?text=%E5%AF%B9%E4%B8%8D%E8%B5%B7,8.0
1,多,duo,duō,duo1,much/many; how [+adjective],形/代,https://api.wohuimandarin.com/nls/tts?text=du%C5%8D,8.0
1,多少,duo shao,duō shǎo,duo1 shao3,how much/many?,代,https://api.wohuimandarin.com/nls/tts?text=%E5%A4%9A%E5%B0%91,8.0
1,儿子,er zi,ér zi,er2 zi5,son,名,https://api.wohuimandarin.com/nls/tts?text=%E5%84%BF%E5%AD%90,8.0
1,二,er,èr,er4,two,数,https://api.wohuimandarin.com/nls/tts?text=%C3%A8r,8.0
1,饭店,fan dian,fàn diàn,fan4 dian4,restaurant,名,https://api.wohuimandarin.com/nls/tts?text=%E9%A5%AD%E5%BA%97,8.0
1,飞机,fei ji,fēi jī,fei1 ji1,plane,名,https://api.wohuimandarin.com/nls/tts?text=%E9%A3%9E%E6%9C%BA,8.0
1,分钟,fen zhong,fēn zhōng,fen1 zhong1,minute,量,https://api.wohuimandarin.com/nls/tts?text=%E5%88%86%E9%92%9F,8.0
1,高兴,gao xing,gāo xìng,gao1 xing4,pleased; happy,形,https://api.wohuimandarin.com/nls/tts?text=%E9%AB%98%E5%85%B4,8.0
1,个,ge,gè,ge4,individual; [general measure word],量,https://api.wohuimandarin.com/nls/tts?text=g%C3%A8,8.0
1,工作,gong zuo,gōng zuò,gong1 zuo4,job; work,名/动,https://api.wohuimandarin.com/nls/tts?text=%E5%B7%A5%E4%BD%9C,8.0
1,狗,gou,gǒu,gou3,dog,名,https://api.wohuimandarin.com/nls/tts?text=g%C7%92u,8.0
1,汉语,han yu,hàn yǔ,han4 yu3,Standard Chinese language,名,https://api.wohuimandarin.com/nls/tts?text=%E6%B1%89%E8%AF%AD,8.0
1,好,hao,hǎo,hao3,good,形,https://api.wohuimandarin.com/nls/tts?text=h%C7%8Eo,8.0
1,号,hao,hào,hao4,number; day of a month,量,https://api.wohuimandarin.com/nls/tts?text=h%C3%A0o,8.0
1,喝,he,hē,he1,to drink,动,https://api.wohuimandarin.com/nls/tts?text=h%C4%93,8.0
1,和,he,hé,he2,and,连/介,https://api.wohuimandarin.com/nls/tts?text=h%C3%A9,8.0
1,很,hen,hěn,hen3,very,副,https://api.wohuimandarin.com/nls/tts?text=h%C4%9Bn,8.0
1,后面,hou mian,hòu miàn,hou4 mian4,at the back; behind; later,名,https://api.wohuimandarin.com/nls/tts?text=%E5%90%8E%E9%9D%A2,8.0
1,回,hui,huí,hui2,to return,动,https://api.wohuimandarin.com/nls/tts?text=hu%C3%AD,8.0
1,会,hui,huì,hui4,to know how to; can; meeting,动,https://api.wohuimandarin.com/nls/tts?text=hu%C3%AC,8.0
1,几,ji,jǐ,ji3,how much/many? [expecting a small number],代/数,https://api.wohuimandarin.com/nls/tts?text=j%C7%90,8.0
1,家,jia,jiā,jia1,family; home,名,https://api.wohuimandarin.com/nls/tts?text=ji%C4%81,8.0
1,叫,jiao,jiào,jiao4,to call; to be named,动,https://api.wohuimandarin.com/nls/tts?text=ji%C3%A0o,8.0
1,今天,jin tian,jīn tiān,jin1 tian1,today,名,https://api.wohuimandarin.com/nls/tts?text=%E4%BB%8A%E5%A4%A9,8.0
1,九,jiu,jiǔ,jiu3,nine,数,https://api.wohuimandarin.com/nls/tts?text=ji%C7%94,8.0
1,开,kai,kāi,kai1,to switch on; open,动,https://api.wohuimandarin.com/nls/tts?text=k%C4%81i,8.0
1,看,kan,kàn,kan4,to see; to read; to watch; to look at,动,https://api.wohuimandarin.com/nls/tts?text=k%C3%A0n,8.0
1,看见,kan jian,kàn jiàn,kan4 jian4,see,动,https://api.wohuimandarin.com/nls/tts?text=%E7%9C%8B%E8%A7%81,8.0
1,块,kuai,kuài,kuai4,lump; piece,量,https://api.wohuimandarin.com/nls/tts?text=ku%C3%A0i,8.0
1,来,lai,lái,lai2,to come,动,https://api.wohuimandarin.com/nls/tts?text=l%C3%A1i,8.0
1,老师,lao shi,lǎo shī,lao3 shi1,teacher,名,https://api.wohuimandarin.com/nls/tts?text=%E8%80%81%E5%B8%88,8.0
1,了,le,le,le5,[makes an exclamation],助,https://api.wohuimandarin.com/nls/tts?text=le,8.0
1,冷,leng,lěng,leng3,cold,形,https://api.wohuimandarin.com/nls/tts?text=l%C4%9Bng,8.0
1,里,li,lǐ,li3,in,名,https://api.wohuimandarin.com/nls/tts?text=l%C7%90,8.0
1,六,liu,liù,liu4,six,数,https://api.wohuimandarin.com/nls/tts?text=li%C3%B9,8.0
1,妈妈,ma ma,mā ma,ma1 ma5,mother,名,https://api.wohuimandarin.com/nls/tts?text=%E5%A6%88%E5%A6%88,8.0
1,吗,ma,ma,ma5,[makes a yes; no question],助,https://api.wohuimandarin.com/nls/tts?text=ma,8.0
1,买,mai,mǎi,mai3,buy,动,https://api.wohuimandarin.com/nls/tts?text=m%C7%8Ei,8.0
1,猫,mao,māo,mao1,cat,名,https://api.wohuimandarin.com/nls/tts?text=m%C4%81o,8.0
1,没关系,mei guan xi,méi guān xi,mei2 guan1 xi5,no problem,,https://api.wohuimandarin.com/nls/tts?text=%E6%B2%A1%E5%85%B3%E7%B3%BB,8.0
1,没有,mei you,méi yǒu,mei2 you3,don't have,动/副,https://api.wohuimandarin.com/nls/tts?text=%E6%B2%A1%E6%9C%89,8.0
1,米饭,mi fan,mǐ fàn,mi3 fan4,rice [cooked; boiled],名,https://api.wohuimandarin.com/nls/tts?text=%E7%B1%B3%E9%A5%AD,8.0
1,明天,ming tian,míng tiān,ming2 tian1,tomorrow,名,https://api.wohuimandarin.com/nls/tts?text=%E6%98%8E%E5%A4%A9,8.0
1,名字,ming zi,míng zi,ming2 zi5,given name,名,https://api.wohuimandarin.com/nls/tts?text=%E5%90%8D%E5%AD%97,8.0
1,哪,na,nǎ,na3,which?,代,https://api.wohuimandarin.com/nls/tts?text=n%C7%8E,8.0
1,哪儿,na er,nǎ er,na3 er5,where?,代,https://api.wohuimandarin.com/nls/tts?text=%E5%93%AA%E5%84%BF,8.0
1,那,na,nà,na4,that,代,https://api.wohuimandarin.com/nls/tts?text=n%C3%A0,8.0
1,呢,ne,ne,ne5,[returns; forwards a question],助,https://api.wohuimandarin.com/nls/tts?text=ne,8.0
1,能,neng,néng,neng2,to be able to; can,动,https://api.wohuimandarin.com/nls/tts?text=n%C3%A9ng,8.0
1,你,ni,nǐ,ni3,you,代,https://api.wohuimandarin.com/nls/tts?text=n%C7%90,8.0
1,年,nian,nián,nian2,year,名/量,https://api.wohuimandarin.com/nls/tts?text=ni%C3%A1n,8.0
1,女儿,nv er,nǚ ér,nv3 er2,daughter,名,https://api.wohuimandarin.com/nls/tts?text=%E5%A5%B3%E5%84%BF,8.0
1,朋友,peng you,péng you,peng2 you5,friend,名,https://api.wohuimandarin.com/nls/tts?text=%E6%9C%8B%E5%8F%8B,8.0
1,漂亮,piao liang,piào liang,piao4 liang5,beautiful,形,https://api.wohuimandarin.com/nls/tts?text=%E6%BC%82%E4%BA%AE,8.0
1,苹果,ping guo,píng guǒ,ping2 guo3,apple,名,https://api.wohuimandarin.com/nls/tts?text=%E8%8B%B9%E6%9E%9C,8.0
1,七,qi,qī,qi1,seven,数,https://api.wohuimandarin.com/nls/tts?text=q%C4%AB,8.0
1,钱,qian,qián,qian2,money,名,https://api.wohuimandarin.com/nls/tts?text=qi%C3%A1n,8.0
1,前面,qian mian,qián miàn,qian2 mian4,front,名,https://api.wohuimandarin.com/nls/tts?text=%E5%89%8D%E9%9D%A2,8.0
1,请,qing,qǐng,qing3,to invite; please,动,https://api.wohuimandarin.com/nls/tts?text=q%C7%90ng,8.0
1,去,qu,qù,qu4,to go,动,https://api.wohuimandarin.com/nls/tts?text=q%C3%B9,8.0
1,热,re,rè,re4,hot,形,https://api.wohuimandarin.com/nls/tts?text=r%C3%A8,8.0
1,人,ren,rén,ren2,person; people,名,https://api.wohuimandarin.com/nls/tts?text=r%C3%A9n,8.0
1,认识,ren shi,rèn shi,ren4 shi5,to know [be familiar with],动,https://api.wohuimandarin.com/nls/tts?text=%E8%AE%A4%E8%AF%86,8.0
1,三,san,sān,san1,three,数,https://api.wohuimandarin.com/nls/tts?text=s%C4%81n,8.0
1,商店,shang dian,shāng diàn,shang1 dian4,shop,名,https://api.wohuimandarin.com/nls/tts?text=%E5%95%86%E5%BA%97,8.0
1,上,shang,shàng,shang4,up; above,名,https://api.wohuimandarin.com/nls/tts?text=sh%C3%A0ng,8.0
1,上午,shang wu,shàng wǔ,shang4 wu3,morning,名,https://api.wohuimandarin.com/nls/tts?text=%E4%B8%8A%E5%8D%88,8.0
1,少,shao,shǎo,shao3,few,形,https://api.wohuimandarin.com/nls/tts?text=sh%C7%8Eo,8.0
1,谁,shei,shéi,shei2,who?,代,https://api.wohuimandarin.com/nls/tts?text=sh%C3%A9i,8.0
1,什么,shen me,shén me,shen2 me5,what?,代,https://api.wohuimandarin.com/nls/tts?text=%E4%BB%80%E4%B9%88,8.0
1,十,shi,shí,shi2,ten,数,https://api.wohuimandarin.com/nls/tts?text=sh%C3%AD,8.0
1,时候,shi hou,shí hou,shi2 hou5,[duration of] time,名,https://api.wohuimandarin.com/nls/tts?text=%E6%97%B6%E5%80%99,8.0
1,是,shi,shì,shi4,to be,动,https://api.wohuimandarin.com/nls/tts?text=sh%C3%AC,8.0
1,书,shu,shū,shu1,book,名,https://api.wohuimandarin.com/nls/tts?text=sh%C5%AB,8.0
1,水,shui,shuǐ,shui3,water,名,https://api.wohuimandarin.com/nls/tts?text=shu%C7%90,8.0
1,水果,shui guo,shuǐ guǒ,shui3 guo3,fruit,名,https://api.wohuimandarin.com/nls/tts?text=%E6%B0%B4%E6%9E%9C,8.0
1,睡觉,shui jiao,shuì jiào,shui4 jiao4,to go to bed; to sleep,动,https://api.wohuimandarin.com/nls/tts?text=%E7%9D%A1%E8%A7%89,8.0
1,说,shuo,shuō,shuo1,speak,动,https://api.wohuimandarin.com/nls/tts?text=shu%C5%8D,8.0
1,四,si,sì,si4,four,数,https://api.wohuimandarin.com/nls/tts?text=s%C3%AC,8.0
1,岁,sui,suì,sui4,year (of crop harvests),量,https://api.wohuimandarin.com/nls/tts?text=su%C3%AC,8.0
1,他,ta,tā,ta1,he; him,代,https://api.wohuimandarin.com/nls/tts?text=t%C4%81,8.0
1,她,ta,tā,ta1,she; her,代,https://api.wohuimandarin.com/nls/tts?text=t%C4%81,8.0
1,太,tai,tài,tai4,very,副,https://api.wohuimandarin.com/nls/tts?text=t%C3%A0i,8.0
1,天气,tian qi,tiān qì,tian1 qi4,weather,名,https://api.wohuimandarin.com/nls/tts?text=%E5%A4%A9%E6%B0%94,8.0
1,听,ting,tīng,ting1,to listen; hear,动,https://api.wohuimandarin.com/nls/tts?text=t%C4%ABng,8.0
1,同学,tong xue,tóng xué,tong2 xue2,schoolmate; classmate,名,https://api.wohuimandarin.com/nls/tts?text=%E5%90%8C%E5%AD%A6,8.0
1,喂,wei,wèi,wei4,hello,叹,https://api.wohuimandarin.com/nls/tts?text=w%C3%A8i,8.0
1,我,wo,wǒ,wo3,I; me,代,https://api.wohuimandarin.com/nls/tts?text=w%C7%92,8.0
1,我们,wo men,wǒ men,wo3 men5,we; us,代,https://api.wohuimandarin.com/nls/tts?text=%E6%88%91%E4%BB%AC,8.0
1,五,wu,wǔ,wu3,five,数,https://api.wohuimandarin.com/nls/tts?text=w%C7%94,8.0
1,喜欢,xi huan,xǐ huan,xi3 huan5,to like,动,https://api.wohuimandarin.com/nls/tts?text=%E5%96%9C%E6%AC%A2,8.0
1,下,xia,xià,xia4,down; below,名,https://api.wohuimandarin.com/nls/tts?text=xi%C3%A0,8.0
1,下午,xia wu,xià wǔ,xia4 wu3,afternoon,名,https://api.wohuimandarin.com/nls/tts?text=%E4%B8%8B%E5%8D%88,8.0
1,下雨,xia yu,xià yǔ,xia4 yu3,rain,动,https://api.wohuimandarin.com/nls/tts?text=%E4%B8%8B%E9%9B%A8,8.0
1,先生,xian sheng,xiān sheng,xian1 sheng5,Mr; Sir,名,https://api.wohuimandarin.com/nls/tts?text=%E5%85%88%E7%94%9F,8.0
1,现在,xian zai,xiàn zài,xian4 zai4,now,名,https://api.wohuimandarin.com/nls/tts?text=%E7%8E%B0%E5%9C%A8,8.0
1,想,xiang,xiǎng,xiang3,to want; to think,动,https://api.wohuimandarin.com/nls/tts?text=xi%C7%8Eng,8.0
1,小,xiao,xiǎo,xiao3,small,形,https://api.wohuimandarin.com/nls/tts?text=xi%C7%8Eo,8.0
1,小姐,xiao jie,xiǎo jiě,xiao3 jie3,Miss; young lady,名,https://api.wohuimandarin.com/nls/tts?text=%E5%B0%8F%E5%A7%90,8.0
1,些,xie,xiē,xie1,some,量,https://api.wohuimandarin.com/nls/tts?text=xi%C4%93,8.0
1,写,xie,xiě,xie3,to write,动,https://api.wohuimandarin.com/nls/tts?text=xi%C4%9B,8.0
1,谢谢,xie xie,xiè xie,xie4 xie5,thank you,动,https://api.wohuimandarin.com/nls/tts?text=%E8%B0%A2%E8%B0%A2,8.0
1,星期,xing qi,xīng qī,xing1 qi1,week,名,https://api.wohuimandarin.com/nls/tts?text=%E6%98%9F%E6%9C%9F,8.0
1,学生,xue sheng,xué sheng,xue2 sheng5,student,名,https://api.wohuimandarin.com/nls/tts?text=%E5%AD%A6%E7%94%9F,8.0
1,学习,xue xi,xué xí,xue2 xi2,to learn; to study,动,https://api.wohuimandarin.com/nls/tts?text=%E5%AD%A6%E4%B9%A0,8.0
1,学校,xue xiao,xué xiào,xue2 xiao4,school,名,https://api.wohuimandarin.com/nls/tts?text=%E5%AD%A6%E6%A0%A1,8.0
1,一,yi,yī,yi1,one; once; first; structural word between two of the same verb; as soon as; throughout,数,https://api.wohuimandarin.com/nls/tts?text=y%C4%AB,8.0
1,一点儿,yi dian er,yī diǎn er,yi1 dian3 er0,a bit,数量,https://api.wohuimandarin.com/nls/tts?text=%E4%B8%80%E7%82%B9%E5%84%BF,8.0
1,衣服,yi fu,yī fu,yi1 fu5,clothes,名,https://api.wohuimandarin.com/nls/tts?text=%E8%A1%A3%E6%9C%8D,8.0
1,医生,yi sheng,yī shēng,yi1 sheng1,doctor,名,https://api.wohuimandarin.com/nls/tts?text=%E5%8C%BB%E7%94%9F,8.0
1,医院,yi yuan,yī yuàn,yi1 yuan4,hospital,名,https://api.wohuimandarin.com/nls/tts?text=%E5%8C%BB%E9%99%A2,8.0
1,椅子,yi zi,yǐ zi,yi3 zi5,chair,名,https://api.wohuimandarin.com/nls/tts?text=%E6%A4%85%E5%AD%90,8.0
1,有,you,yǒu,you3,to have,动,https://api.wohuimandarin.com/nls/tts?text=y%C7%92u,8.0
1,月,yue,yuè,yue4,month; moon,名,https://api.wohuimandarin.com/nls/tts?text=yu%C3%A8,8.0
1,在,zai,zài,zai4,in; at; on,动/介,https://api.wohuimandarin.com/nls/tts?text=z%C3%A0i,8.0
1,再见,zai jian,zài jiàn,zai4 jian4,goodbye,动,https://api.wohuimandarin.com/nls/tts?text=%E5%86%8D%E8%A7%81,8.0
1,怎么,zen me,zěn me,zen3 me5,how?,代,https://api.wohuimandarin.com/nls/tts?text=%E6%80%8E%E4%B9%88,8.0
1,怎么样,zen me yang,zěn me yàng,zen3 me5 yang4,how about it,代,https://api.wohuimandarin.com/nls/tts?text=%E6%80%8E%E4%B9%88%E6%A0%B7,8.0
1,这,zhe,zhè,zhe4,this,代,https://api.wohuimandarin.com/nls/tts?text=zh%C3%A8,8.0
1,中国,zhong guo,zhōng guó,zhong1 guo2,China,名,https://api.wohuimandarin.com/nls/tts?text=%E4%B8%AD%E5%9B%BD,8.0
1,中午,zhong wu,zhōng wǔ,zhong1 wu3,midday,名,https://api.wohuimandarin.com/nls/tts?text=%E4%B8%AD%E5%8D%88,8.0
1,住,zhu,zhù,zhu4,to live; stay (a number of nights),动,https://api.wohuimandarin.com/nls/tts?text=zh%C3%B9,8.0
1,桌子,zhuo zi,zhuō zi,zhuo1 zi5,table,名,https://api.wohuimandarin.com/nls/tts?text=%E6%A1%8C%E5%AD%90,8.0
1,字,zi,zì,zi4,(Chinese) character,名,https://api.wohuimandarin.com/nls/tts?text=z%C3%AC,8.0
1,昨天,zuo tian,zuó tiān,zuo2 tian1,yesterday,名,https://api.wohuimandarin.com/nls/tts?text=%E6%98%A8%E5%A4%A9,8.0
1,坐,zuo,zuò,zuo4,to sit,动,https://api.wohuimandarin.com/nls/tts?text=zu%C3%B2,8.0
1,做,zuo,zuò,zuo4,to do; to be; become (an occupation),动,https://api.wohuimandarin.com/nls/tts?text=zu%C3%B2,8.0
2,吧,ba,ba,ba5,"[makes a suggestion, eg. ""Let's …"")]",助,https://api.wohuimandarin.com/nls/tts?text=ba,8.0
2,白,bai,bái,bai2,white,形,https://api.wohuimandarin.com/nls/tts?text=b%C3%A1i,8.0
2,百,bai,bǎi,bai3,hundred,数,https://api.wohuimandarin.com/nls/tts?text=b%C7%8Ei,8.0
2,帮助,bang zhu,bāng zhù,bang1 zhu4,to help,动,https://api.wohuimandarin.com/nls/tts?text=%E5%B8%AE%E5%8A%A9,8.0
2,报纸,bao zhi,bào zhǐ,bao4 zhi3,newspaper,名,https://api.wohuimandarin.com/nls/tts?text=%E6%8A%A5%E7%BA%B8,8.0
2,比,bi,bǐ,bi3,to compare,介,https://api.wohuimandarin.com/nls/tts?text=b%C7%90,8.0
2,别,bie,bié,bie2,separate,副,https://api.wohuimandarin.com/nls/tts?text=bi%C3%A9,8.0
2,宾馆,bin guan,bīn guǎn,bin1 guan3,guesthouse,名,https://api.wohuimandarin.com/nls/tts?text=%E5%AE%BE%E9%A6%86,8.0
2,长,chang,cháng,chang2,long,形,https://api.wohuimandarin.com/nls/tts?text=ch%C3%A1ng,8.0
2,唱歌,chang ge,chàng gē,chang4 ge1,to sing; singing,动,https://api.wohuimandarin.com/nls/tts?text=%E5%94%B1%E6%AD%8C,8.0
2,出,chu,chū,chu1,to go out,动,https://api.wohuimandarin.com/nls/tts?text=ch%C5%AB,8.0
2,穿,chuan,chuān,chuan1,to wear; to put on,动,https://api.wohuimandarin.com/nls/tts?text=chu%C4%81n,8.0
2,次,ci,cì,ci4,time,名,https://api.wohuimandarin.com/nls/tts?text=c%C3%AC,8.0
2,从,cong,cóng,cong2,from; follow; comply with,介,https://api.wohuimandarin.com/nls/tts?text=c%C3%B3ng,8.0
2,错,cuo,cuò,cuo4,wrong,形,https://api.wohuimandarin.com/nls/tts?text=cu%C3%B2,8.0
2,打篮球,da lan qiu,dǎ lán qiú,da3 lan2 qiu2,play basketball,,https://api.wohuimandarin.com/nls/tts?text=%E6%89%93%E7%AF%AE%E7%90%83,8.0
2,大家,da jia,dà jiā,da4 jia1,everybody,名,https://api.wohuimandarin.com/nls/tts?text=%E5%A4%A7%E5%AE%B6,8.0
2,到,dao,dào,dao4,to arrive; to get to,动,https://api.wohuimandarin.com/nls/tts?text=d%C3%A0o,8.0
2,得,de,de,de0,[particle to connect verb to adverb],助,https://api.wohuimandarin.com/nls/tts?text=de,8.0
2,等,deng,děng,deng3,wait,动,https://api.wohuimandarin.com/nls/tts?text=d%C4%9Bng,8.0
2,弟弟,di di,dì di,di4 di5,younger brother,名,https://api.wohuimandarin.com/nls/tts?text=%E5%BC%9F%E5%BC%9F,8.0
2,第一,di yi,dì yī,di4 yi1,firstly,数,https://api.wohuimandarin.com/nls/tts?text=%E7%AC%AC%E4%B8%80,8.0
2,懂,dong,dǒng,dong3,to understand,动,https://api.wohuimandarin.com/nls/tts?text=d%C7%92ng,8.0
2,对,dui,duì,dui4,correct; right,介/形,https://api.wohuimandarin.com/nls/tts?text=du%C3%AC,8.0
2,房间,fang jian,fáng jiān,fang2 jian1,room,名,https://api.wohuimandarin.com/nls/tts?text=%E6%88%BF%E9%97%B4,8.0
2,非常,fei chang,fēi cháng,fei1 chang2,extremely,副,https://api.wohuimandarin.com/nls/tts?text=%E9%9D%9E%E5%B8%B8,8.0
2,服务员,fu wu yuan,fú wù yuán,fu2 wu4 yuan2,waiter/waitress; attendant,名,https://api.wohuimandarin.com/nls/tts?text=%E6%9C%8D%E5%8A%A1%E5%91%98,8.0
2,高,gao,gāo,gao1,high; tall,形,https://api.wohuimandarin.com/nls/tts?text=g%C4%81o,8.0
2,告诉,gao su,gào su,gao4 su5,to tell,动,https://api.wohuimandarin.com/nls/tts?text=%E5%91%8A%E8%AF%89,8.0
2,哥哥,ge ge,gē ge,ge1 ge5,elder brother,名,https://api.wohuimandarin.com/nls/tts?text=%E5%93%A5%E5%93%A5,8.0
2,给,gei,gěi,gei3,to give,动,https://api.wohuimandarin.com/nls/tts?text=g%C4%9Bi,8.0
2,公共汽车,gong gong qi che,gōng gòng qì chē,gong1 gong4 qi4 che1,bus,名,https://api.wohuimandarin.com/nls/tts?text=%E5%85%AC%E5%85%B1%E6%B1%BD%E8%BD%A6,8.0
2,公司,gong si,gōng sī,gong1 si1,company; office,名,https://api.wohuimandarin.com/nls/tts?text=%E5%85%AC%E5%8F%B8,8.0
2,贵,gui,guì,gui4,expensive,形,https://api.wohuimandarin.com/nls/tts?text=gu%C3%AC,8.0
2,过,guo,guò,guo4,[marker after a verb to indicate experience],助,https://api.wohuimandarin.com/nls/tts?text=gu%C3%B2,8.0
2,还,hai,hái,hai2,even,副,https://api.wohuimandarin.com/nls/tts?text=h%C3%A1i,8.0
2,孩子,hai zi,hái zi,hai2 zi5,child; children,名,https://api.wohuimandarin.com/nls/tts?text=%E5%AD%A9%E5%AD%90,8.0
2,好吃,hao chi,hǎo chī,hao3 chi1,delicious,形,https://api.wohuimandarin.com/nls/tts?text=%E5%A5%BD%E5%90%83,8.0
2,黑,hei,hēi,hei1,black,形,https://api.wohuimandarin.com/nls/tts?text=h%C4%93i,8.0
2,红,hong,hóng,hong2,red,形,https://api.wohuimandarin.com/nls/tts?text=h%C3%B3ng,8.0
2,火车站,huo che zhan,huǒ chē zhàn,huo3 che1 zhan4,railway station,名,https://api.wohuimandarin.com/nls/tts?text=%E7%81%AB%E8%BD%A6%E7%AB%99,8.0
2,机场,ji chang,jī chǎng,ji1 chang3,airport,名,https://api.wohuimandarin.com/nls/tts?text=%E6%9C%BA%E5%9C%BA,8.0
2,鸡蛋,ji dan,jī dàn,ji1 dan4,(chicken) egg,名,https://api.wohuimandarin.com/nls/tts?text=%E9%B8%A1%E8%9B%8B,8.0
2,件,jian,jiàn,jian4,item; [measure word for items of clothing],量,https://api.wohuimandarin.com/nls/tts?text=ji%C3%A0n,8.0
2,教室,jiao shi,jiào shì,jiao4 shi4,classroom,名,https://api.wohuimandarin.com/nls/tts?text=%E6%95%99%E5%AE%A4,8.0
2,姐姐,jie jie,jiě jie,jie3 jie5,elder sister,名,https://api.wohuimandarin.com/nls/tts?text=%E5%A7%90%E5%A7%90,8.0
2,介绍,jie shao,jiè shào,jie4 shao4,introduce,动,https://api.wohuimandarin.com/nls/tts?text=%E4%BB%8B%E7%BB%8D,8.0
2,近,jin,jìn,jin4,near; close by,形,https://api.wohuimandarin.com/nls/tts?text=j%C3%ACn,8.0
2,进,jin,jìn,jin4,to enter,动,https://api.wohuimandarin.com/nls/tts?text=j%C3%ACn,8.0
2,就,jiu,jiù,jiu4,simply,副,https://api.wohuimandarin.com/nls/tts?text=ji%C3%B9,8.0
2,觉得,jue de,jué de,jue2 de5,to think; feel,动,https://api.wohuimandarin.com/nls/tts?text=%E8%A7%89%E5%BE%97,8.0
2,咖啡,ka fei,kā fēi,ka1 fei1,coffee,名,https://api.wohuimandarin.com/nls/tts?text=%E5%92%96%E5%95%A1,8.0
2,开始,kai shi,kāi shǐ,kai1 shi3,to begin,动,https://api.wohuimandarin.com/nls/tts?text=%E5%BC%80%E5%A7%8B,8.0
2,考试,kao shi,kǎo shì,kao3 shi4,examination,动,https://api.wohuimandarin.com/nls/tts?text=%E8%80%83%E8%AF%95,8.0
2,可能,ke neng,kě néng,ke3 neng2,perhaps; possibly,动,https://api.wohuimandarin.com/nls/tts?text=%E5%8F%AF%E8%83%BD,8.0
2,可以,ke yi,kě yǐ,ke3 yi3,can; may,动,https://api.wohuimandarin.com/nls/tts?text=%E5%8F%AF%E4%BB%A5,8.0
2,课,ke,kè,ke4,lesson,名,https://api.wohuimandarin.com/nls/tts?text=k%C3%A8,8.0
2,快,kuai,kuài,kuai4,fast; quick,形,https://api.wohuimandarin.com/nls/tts?text=ku%C3%A0i,8.0
2,快乐,kuai le,kuài lè,kuai4 le4,happy,形,https://api.wohuimandarin.com/nls/tts?text=%E5%BF%AB%E4%B9%90,8.0
2,累,lei,lèi,lei4,tired,形,https://api.wohuimandarin.com/nls/tts?text=l%C3%A8i,8.0
2,离,li,lí,li2,to be distant from; to leave,动,https://api.wohuimandarin.com/nls/tts?text=l%C3%AD,8.0
2,两,liang,liǎng,liang3,two (of something),数,https://api.wohuimandarin.com/nls/tts?text=li%C7%8Eng,8.0
2,零,ling,líng,ling2,zero,数,https://api.wohuimandarin.com/nls/tts?text=l%C3%ADng,8.0
2,路,lu,lù,lu4,road; route; bus number,名,https://api.wohuimandarin.com/nls/tts?text=l%C3%B9,8.0
2,旅游,lv you,lǚ yóu,lv3 you2,tourism,动,https://api.wohuimandarin.com/nls/tts?text=%E6%97%85%E6%B8%B8,8.0
2,卖,mai,mài,mai4,to sell,动,https://api.wohuimandarin.com/nls/tts?text=m%C3%A0i,8.0
2,慢,man,màn,man4,slow,形,https://api.wohuimandarin.com/nls/tts?text=m%C3%A0n,8.0
2,忙,mang,máng,mang2,busy,形,https://api.wohuimandarin.com/nls/tts?text=m%C3%A1ng,8.0
2,每,mei,měi,mei3,every; each,代,https://api.wohuimandarin.com/nls/tts?text=m%C4%9Bi,8.0
2,妹妹,mei mei,mèi mei,mei4 mei5,younger sister,名,https://api.wohuimandarin.com/nls/tts?text=%E5%A6%B9%E5%A6%B9,8.0
2,门,men,mén,men2,door,名,https://api.wohuimandarin.com/nls/tts?text=m%C3%A9n,8.0
2,面条,mian tiao,miàn tiáo,mian4 tiao2,noodles,,https://api.wohuimandarin.com/nls/tts?text=%E9%9D%A2%E6%9D%A1,8.0
2,男,,nán,nan2,male,区别,https://api.wohuimandarin.com/nls/tts?text=n%C3%A1n,8.0
2,您,nin,nín,nin2,you [polite form],代,https://api.wohuimandarin.com/nls/tts?text=n%C3%ADn,8.0
2,牛奶,niu nai,niú nǎi,niu2 nai3,milk,名,https://api.wohuimandarin.com/nls/tts?text=%E7%89%9B%E5%A5%B6,8.0
2,女,nv,nǚ,nv3,female,区别,https://api.wohuimandarin.com/nls/tts?text=n%C7%9A,8.0
2,旁边,pang bian,páng biān,pang2 bian1,next to,名,https://api.wohuimandarin.com/nls/tts?text=%E6%97%81%E8%BE%B9,8.0
2,跑步,pao bu,pǎo bù,pao3 bu4,running; jogging,动,https://api.wohuimandarin.com/nls/tts?text=%E8%B7%91%E6%AD%A5,8.0
2,便宜,pian yi,pián yi,pian2 yi5,cheap,形,https://api.wohuimandarin.com/nls/tts?text=%E4%BE%BF%E5%AE%9C,8.0
2,票,piao,piào,piao4,ticket,名,https://api.wohuimandarin.com/nls/tts?text=pi%C3%A0o,8.0
2,妻子,qi zi,qī zi,qi1 zi5,wife,名,https://api.wohuimandarin.com/nls/tts?text=%E5%A6%BB%E5%AD%90,8.0
2,起床,qi chuang,qǐ chuáng,qi3 chuang2,get up (out of bed),动,https://api.wohuimandarin.com/nls/tts?text=%E8%B5%B7%E5%BA%8A,8.0
2,千,qian,qiān,qian1,thousand,数,https://api.wohuimandarin.com/nls/tts?text=qi%C4%81n,8.0
2,铅笔,qian bi,qiān bǐ,qian1 bi3,pencil,名,https://api.wohuimandarin.com/nls/tts?text=%E9%93%85%E7%AC%94,8.0
2,晴,qing,qíng,qing2,fine; sunny,形,https://api.wohuimandarin.com/nls/tts?text=q%C3%ADng,8.0
2,去年,qu nian,qù nián,qu4 nian2,last year,名,https://api.wohuimandarin.com/nls/tts?text=%E5%8E%BB%E5%B9%B4,8.0
2,让,rang,ràng,rang4,to let; allow,动,https://api.wohuimandarin.com/nls/tts?text=r%C3%A0ng,8.0
2,日,ri,rì,ri4,day [date]; sun,量,https://api.wohuimandarin.com/nls/tts?text=r%C3%AC,8.0
2,上班,shang ban,shàng bān,shang4 ban1,start work,动,https://api.wohuimandarin.com/nls/tts?text=%E4%B8%8A%E7%8F%AD,8.0
2,身体,shen ti,shēn tǐ,shen1 ti3,body; health,名,https://api.wohuimandarin.com/nls/tts?text=%E8%BA%AB%E4%BD%93,8.0
2,生病,sheng bing,shēng bìng,sheng1 bing4,ill; sick; unwell,动,https://api.wohuimandarin.com/nls/tts?text=%E7%94%9F%E7%97%85,8.0
2,生日,sheng ri,shēng rì,sheng1 ri4,birthday,名,https://api.wohuimandarin.com/nls/tts?text=%E7%94%9F%E6%97%A5,8.0
2,时间,shi jian,shí jiān,shi2 jian1,time,名,https://api.wohuimandarin.com/nls/tts?text=%E6%97%B6%E9%97%B4,8.0
2,事情,shi qing,shì qing,shi4 qing5,matter; affair; thing,名,https://api.wohuimandarin.com/nls/tts?text=%E4%BA%8B%E6%83%85,8.0
2,手表,shou biao,shǒu biǎo,shou3 biao3,watch,名,https://api.wohuimandarin.com/nls/tts?text=%E6%89%8B%E8%A1%A8,8.0
2,手机,shou ji,shǒu jī,shou3 ji1,mobile phone,名,https://api.wohuimandarin.com/nls/tts?text=%E6%89%8B%E6%9C%BA,8.0
2,说话,shuo hua,shuō huà,shuo1 hua4,speak,动,https://api.wohuimandarin.com/nls/tts?text=%E8%AF%B4%E8%AF%9D,8.0
2,送,song,sòng,song4,to give (present); deliver; see someone off,动,https://api.wohuimandarin.com/nls/tts?text=s%C3%B2ng,8.0
2,虽然……但是……,sui ran dan shi,suī rán ……dàn shì ……,sui1 ran2 dan4 shi4,although,关联,https://api.wohuimandarin.com/nls/tts?text=%E8%99%BD%E7%84%B6%E2%80%A6%E2%80%A6%E4%BD%86%E6%98%AF%E2%80%A6%E2%80%A6,8.0
2,它,ta,tā,ta1,it,代,https://api.wohuimandarin.com/nls/tts?text=t%C4%81,8.0
2,踢足球,ti zu qiu,tī zú qiú,ti1 zu2 qiu2,play football,,https://api.wohuimandarin.com/nls/tts?text=%E8%B8%A2%E8%B6%B3%E7%90%83,8.0
2,题,ti,tí,ti2,question,名,https://api.wohuimandarin.com/nls/tts?text=t%C3%AD,8.0
2,跳舞,tiao wu,tiào wǔ,tiao4 wu3,to dance,动,https://api.wohuimandarin.com/nls/tts?text=%E8%B7%B3%E8%88%9E,8.0
2,外,wai,wài,wai4,outside,名,https://api.wohuimandarin.com/nls/tts?text=w%C3%A0i,8.0
2,完,wan,wán,wan2,to finish; [+ verb indicates completion],动,https://api.wohuimandarin.com/nls/tts?text=w%C3%A1n,8.0
2,玩,wan,wán,wan2,to play,动,https://api.wohuimandarin.com/nls/tts?text=w%C3%A1n,8.0
2,晚上,wan shang,wǎn shang,wan3 shang5,evening,名,https://api.wohuimandarin.com/nls/tts?text=%E6%99%9A%E4%B8%8A,8.0
2,往,wang,wǎng,wang3,towards,介,https://api.wohuimandarin.com/nls/tts?text=w%C7%8Eng,8.0
2,为什么,wei shen me,wèi shén me,wei4 shen2 me5,why?,,https://api.wohuimandarin.com/nls/tts?text=%E4%B8%BA%E4%BB%80%E4%B9%88,8.0
2,问,wen,wèn,wen4,to ask,动,https://api.wohuimandarin.com/nls/tts?text=w%C3%A8n,8.0
2,问题,wen ti,wèn tí,wen4 ti2,problem,名,https://api.wohuimandarin.com/nls/tts?text=%E9%97%AE%E9%A2%98,8.0
2,西瓜,xi gua,xī guā,xi1 gua1,watermelon,名,https://api.wohuimandarin.com/nls/tts?text=%E8%A5%BF%E7%93%9C,8.0
2,希望,xi wang,xī wàng,xi1 wang4,hope; wish,名,https://api.wohuimandarin.com/nls/tts?text=%E5%B8%8C%E6%9C%9B,8.0
2,洗,xi,xǐ,xi3,to wash,动,https://api.wohuimandarin.com/nls/tts?text=x%C7%90,8.0
2,小时,xiao shi,xiǎo shí,xiao3 shi2,hour,名,https://api.wohuimandarin.com/nls/tts?text=%E5%B0%8F%E6%97%B6,8.0
2,笑,xiao,xiào,xiao4,to laugh; smile,动,https://api.wohuimandarin.com/nls/tts?text=xi%C3%A0o,8.0
2,新,xin,xīn,xin1,new,形,https://api.wohuimandarin.com/nls/tts?text=x%C4%ABn,8.0
2,姓,xing,xìng,xing4,surname,动,https://api.wohuimandarin.com/nls/tts?text=x%C3%ACng,8.0
2,休息,xiu xi,xiū xi,xiu1 xi5,to rest,动,https://api.wohuimandarin.com/nls/tts?text=%E4%BC%91%E6%81%AF,8.0
2,雪,xue,xuě,xue3,snow,名,https://api.wohuimandarin.com/nls/tts?text=xu%C4%9B,8.0
2,颜色,yan se,yán sè,yan2 se4,colour,名,https://api.wohuimandarin.com/nls/tts?text=%E9%A2%9C%E8%89%B2,8.0
2,眼睛,yan jing,yǎn jing,yan3 jing5,eye,名,https://api.wohuimandarin.com/nls/tts?text=%E7%9C%BC%E7%9D%9B,8.0
2,羊肉,yang rou,yáng ròu,yang2 rou4,mutton,名,https://api.wohuimandarin.com/nls/tts?text=%E7%BE%8A%E8%82%89,8.0
2,要,yao,yào,yao4,want; be going to; ask for; demand,动,https://api.wohuimandarin.com/nls/tts?text=y%C3%A0o,8.0
2,药,yao,yào,yao4,medicine,名,https://api.wohuimandarin.com/nls/tts?text=y%C3%A0o,8.0
2,也,ye,yě,ye3,too; also,副,https://api.wohuimandarin.com/nls/tts?text=y%C4%9B,8.0
2,一下,yi xia,yī xià,yi1 xia4,[used after a verb] give something a go,数量,https://api.wohuimandarin.com/nls/tts?text=%E4%B8%80%E4%B8%8B,8.0
2,已经,yi jing,yǐ jīng,yi3 jing1,already,副,https://api.wohuimandarin.com/nls/tts?text=%E5%B7%B2%E7%BB%8F,8.0
2,一起,yi qi,yì qǐ,yi4 qi3,together,副,https://api.wohuimandarin.com/nls/tts?text=%E4%B8%80%E8%B5%B7,8.0
2,意思,yi si,yì si,yi4 si5,meaning,名,https://api.wohuimandarin.com/nls/tts?text=%E6%84%8F%E6%80%9D,8.0
2,阴,yin,yīn,yin1,cloudy,形,https://api.wohuimandarin.com/nls/tts?text=y%C4%ABn,8.0
2,因为……所以……,yin wei suo yi,yīn wèi ……suǒ yǐ ……,yin1 wei4 suo3 yi3,because,关联,https://api.wohuimandarin.com/nls/tts?text=%E5%9B%A0%E4%B8%BA%E2%80%A6%E2%80%A6%E6%89%80%E4%BB%A5%E2%80%A6%E2%80%A6,8.0
2,游泳,you yong,yóu yǒng,you2 yong3,swimming,动,https://api.wohuimandarin.com/nls/tts?text=%E6%B8%B8%E6%B3%B3,8.0
2,右边,you bian,yòu bian,you4 bian5,on the right,名,https://api.wohuimandarin.com/nls/tts?text=%E5%8F%B3%E8%BE%B9,8.0
2,鱼,yu,yú,yu2,fish,名,https://api.wohuimandarin.com/nls/tts?text=y%C3%BA,8.0
2,远,yuan,yuǎn,yuan3,far,形,https://api.wohuimandarin.com/nls/tts?text=yu%C7%8En,8.0
2,运动,yun dong,yùn dòng,yun4 dong4,sport,动/名,https://api.wohuimandarin.com/nls/tts?text=%E8%BF%90%E5%8A%A8,8.0
2,再,zai,zài,zai4,again,副,https://api.wohuimandarin.com/nls/tts?text=z%C3%A0i,8.0
2,早上,zao shang,zǎo shang,zao3 shang5,early morning,名,https://api.wohuimandarin.com/nls/tts?text=%E6%97%A9%E4%B8%8A,8.0
2,丈夫,zhang fu,zhàng fu,zhang4 fu5,husband,名,https://api.wohuimandarin.com/nls/tts?text=%E4%B8%88%E5%A4%AB,8.0
2,找,zhao,zhǎo,zhao3,to find; to look for,动,https://api.wohuimandarin.com/nls/tts?text=zh%C7%8Eo,8.0
2,着,zhe,zhe,zhe5,-ing,助,https://api.wohuimandarin.com/nls/tts?text=zhe,8.0
2,真,zhen,zhēn,zhen1,real; so (+adjective),副,https://api.wohuimandarin.com/nls/tts?text=zh%C4%93n,8.0
2,正在,zheng zai,zhèng zài,zheng4 zai4,to be in the process of,副,https://api.wohuimandarin.com/nls/tts?text=%E6%AD%A3%E5%9C%A8,8.0
2,只,zhi,zhī,zhi1,individual [measure word for small animals],量,https://api.wohuimandarin.com/nls/tts?text=zh%C4%AB,8.0
2,知道,zhi dao,zhī dào,zhi1 dao4,know; realise; be aware of,动,https://api.wohuimandarin.com/nls/tts?text=%E7%9F%A5%E9%81%93,8.0
2,准备,zhun bei,zhǔn bèi,zhun3 bei4,to prepare,动,https://api.wohuimandarin.com/nls/tts?text=%E5%87%86%E5%A4%87,8.0
2,走,zou,zǒu,zou3,go; walk,动,https://api.wohuimandarin.com/nls/tts?text=z%C7%92u,8.0
2,最,zui,zuì,zui4,most,副,https://api.wohuimandarin.com/nls/tts?text=zu%C3%AC,8.0
2,左边,zuo bian,zuǒ bian,zuo3 bian5,on the left,名,https://api.wohuimandarin.com/nls/tts?text=%E5%B7%A6%E8%BE%B9,8.0
3,阿姨,a yi,ā yí,a1 yi2,auntie [mother's younger sister],名,https://api.wohuimandarin.com/nls/tts?text=%E9%98%BF%E5%A7%A8,4.0
3,啊,a,a,a5,ah,助,https://api.wohuimandarin.com/nls/tts?text=a,4.0
3,矮,ai,ǎi,ai3,short [height],形,https://api.wohuimandarin.com/nls/tts?text=%C7%8Ei,4.0
3,爱好,ai hao,ài hào,ai4 hao4,interests; hobbies,名,https://api.wohuimandarin.com/nls/tts?text=%E7%88%B1%E5%A5%BD,4.0
3,安静,an jing,ān jìng,an1 jing4,to be quiet,动,https://api.wohuimandarin.com/nls/tts?text=%E5%AE%89%E9%9D%99,5.0
3,把,ba,bǎ,ba3,grasp; [measure word for knives],介,https://api.wohuimandarin.com/nls/tts?text=b%C7%8E,5.0
3,搬,ban,bān,ban1,to move,动,https://api.wohuimandarin.com/nls/tts?text=b%C4%81n,4.0
3,班,ban,bān,ban1,class,名,https://api.wohuimandarin.com/nls/tts?text=b%C4%81n,4.0
3,半,ban,bàn,ban4,half,数,https://api.wohuimandarin.com/nls/tts?text=b%C3%A0n,4.0
3,办法,ban fa,bàn fǎ,ban4 fa3,way; method; solution,名,https://api.wohuimandarin.com/nls/tts?text=%E5%8A%9E%E6%B3%95,5.0
3,办公室,ban gong shi,bàn gōng shì,ban4 gong1 shi4,office,名,https://api.wohuimandarin.com/nls/tts?text=%E5%8A%9E%E5%85%AC%E5%AE%A4,4.0
3,帮忙,bang mang,bāng máng,bang1 mang2,lend a hand,动,https://api.wohuimandarin.com/nls/tts?text=%E5%B8%AE%E5%BF%99,5.0
3,包,bao,bāo,bao1,a packet of; package,名,https://api.wohuimandarin.com/nls/tts?text=b%C4%81o,4.0
3,饱,bao,bǎo,bao3,full up; eaten to one’s satisfaction,形,https://api.wohuimandarin.com/nls/tts?text=b%C7%8Eo,4.0
3,北方,bei fang,běi fāng,bei3 fang1,the north,名,https://api.wohuimandarin.com/nls/tts?text=%E5%8C%97%E6%96%B9,4.0
3,被,bei,bèi,bei4,quilt; by (somebody/something),介,https://api.wohuimandarin.com/nls/tts?text=b%C3%A8i,4.0
3,鼻子,bi zi,bí zi,bi2 zi5,nose,名,https://api.wohuimandarin.com/nls/tts?text=%E9%BC%BB%E5%AD%90,4.0
3,笔记本,bi ji ben,bǐ jì běn,bi3 ji4 ben3,notebook,名,https://api.wohuimandarin.com/nls/tts?text=%E7%AC%94%E8%AE%B0%E6%9C%AC,4.0
3,比较,bi jiao,bǐ jiào,bi3 jiao4,compare,副,https://api.wohuimandarin.com/nls/tts?text=%E6%AF%94%E8%BE%83,4.0
3,比赛,bi sai,bǐ sài,bi3 sai4,competition; match,名,https://api.wohuimandarin.com/nls/tts?text=%E6%AF%94%E8%B5%9B,4.0
3,必须,bi xu,bì xū,bi4 xu1,must,副,https://api.wohuimandarin.com/nls/tts?text=%E5%BF%85%E9%A1%BB,5.0
3,变化,bian hua,biàn huà,bian4 hua4,change,名/动,https://api.wohuimandarin.com/nls/tts?text=%E5%8F%98%E5%8C%96,5.0
3,别人,bie ren,bié ren,bie2 ren5,other people,代,https://api.wohuimandarin.com/nls/tts?text=%E5%88%AB%E4%BA%BA,5.0
3,冰箱,bing xiang,bīng xiāng,bing1 xiang1,fridge,名,https://api.wohuimandarin.com/nls/tts?text=%E5%86%B0%E7%AE%B1,4.0
3,不但……而且……,bu dan er qie,bù dàn ……ér qiě ……,bu4 dan4 er2 qie3,not only……but also……,关联,https://api.wohuimandarin.com/nls/tts?text=%E4%B8%8D%E4%BD%86%E2%80%A6%E2%80%A6%E8%80%8C%E4%B8%94%E2%80%A6%E2%80%A6,4.0
3,菜单,cai dan,cài dān,cai4 dan1,menu,名,https://api.wohuimandarin.com/nls/tts?text=%E8%8F%9C%E5%8D%95,4.0
3,参加,can jia,cān jiā,can1 jia1,to take part,动,https://api.wohuimandarin.com/nls/tts?text=%E5%8F%82%E5%8A%A0,4.0
3,草,cao,cǎo,cao3,grass,名,https://api.wohuimandarin.com/nls/tts?text=c%C7%8Eo,4.0
3,层,ceng,céng,ceng2,storey,量,https://api.wohuimandarin.com/nls/tts?text=c%C3%A9ng,4.0
3,差,cha,chà,cha4,lack; lacking,动/形,https://api.wohuimandarin.com/nls/tts?text=ch%C3%A0,4.0
3,尝,chang,cháng,chang2,taste,动,https://api.wohuimandarin.com/nls/tts?text=ch%C3%A1ng,4.0
3,超市,chao shi,chāo shì,chao1 shi4,supermarket,名,https://api.wohuimandarin.com/nls/tts?text=%E8%B6%85%E5%B8%82,4.0
3,衬衫,chen shan,chèn shān,chen4 shan1,shirt,名,https://api.wohuimandarin.com/nls/tts?text=%E8%A1%AC%E8%A1%AB,4.0
3,成绩,cheng ji,chéng jì,cheng2 ji4,results; marks; achievement,名,https://api.wohuimandarin.com/nls/tts?text=%E6%88%90%E7%BB%A9,4.0
3,城市,cheng shi,chéng shì,cheng2 shi4,city,名,https://api.wohuimandarin.com/nls/tts?text=%E5%9F%8E%E5%B8%82,4.0
3,迟到,chi dao,chí dào,chi2 dao4,arrive late,动,https://api.wohuimandarin.com/nls/tts?text=%E8%BF%9F%E5%88%B0,4.0
3,除了,chu le,chú le,chu2 le5,"apart from (""chule...yiwai"" construction)",介,https://api.wohuimandarin.com/nls/tts?text=%E9%99%A4%E4%BA%86,4.0
3,船,chuan,chuán,chuan2,boat; ship; ferry,名,https://api.wohuimandarin.com/nls/tts?text=chu%C3%A1n,4.0
3,春,chun,chūn,chun1,spring,名,https://api.wohuimandarin.com/nls/tts?text=ch%C5%ABn,4.0
3,词典,ci dian,cí diǎn,ci2 dian3,dictionary,名,https://api.wohuimandarin.com/nls/tts?text=%E8%AF%8D%E5%85%B8,4.0
3,聪明,cong ming,cōng ming,cong1 ming5,clever; intelligent,形,https://api.wohuimandarin.com/nls/tts?text=%E8%81%AA%E6%98%8E,6.0
3,打扫,da sao,dǎ sǎo,da3 sao3,to clean,动,https://api.wohuimandarin.com/nls/tts?text=%E6%89%93%E6%89%AB,4.0
3,打算,da suan,dǎ suàn,da3 suan4,plan; intention,动,https://api.wohuimandarin.com/nls/tts?text=%E6%89%93%E7%AE%97,5.0
3,带,dai,dài,dai4,carry,动,https://api.wohuimandarin.com/nls/tts?text=d%C3%A0i,5.0
3,担心,dan xin,dān xīn,dan1 xin1,worry,动,https://api.wohuimandarin.com/nls/tts?text=%E6%8B%85%E5%BF%83,5.0
3,蛋糕,dan gao,dàn gāo,dan4 gao1,cake,名,https://api.wohuimandarin.com/nls/tts?text=%E8%9B%8B%E7%B3%95,4.0
3,当然,dang ran,dāng rán,dang1 ran2,of course,副,https://api.wohuimandarin.com/nls/tts?text=%E5%BD%93%E7%84%B6,4.0
3,地,de,de,de0,...ly [particle to connect adverb to verb],助,https://api.wohuimandarin.com/nls/tts?text=de,5.0
3,灯,deng,dēng,deng1,lamp,名,https://api.wohuimandarin.com/nls/tts?text=d%C4%93ng,4.0
3,地方,di fang,dì fang,di4 fang5,place,名,https://api.wohuimandarin.com/nls/tts?text=%E5%9C%B0%E6%96%B9,5.0
3,地铁,di tie,dì tiě,di4 tie3,underground train; tube; metro,名,https://api.wohuimandarin.com/nls/tts?text=%E5%9C%B0%E9%93%81,4.0
3,地图,di tu,dì tú,di4 tu2,map,名,https://api.wohuimandarin.com/nls/tts?text=%E5%9C%B0%E5%9B%BE,4.0
3,电梯,dian ti,diàn tī,dian4 ti1,lift; elevator,名,https://api.wohuimandarin.com/nls/tts?text=%E7%94%B5%E6%A2%AF,4.0
3,电子邮件,dian zi you jian,diàn zǐ yóu jiàn,dian4 zi3 you2 jian4,email,,https://api.wohuimandarin.com/nls/tts?text=%E7%94%B5%E5%AD%90%E9%82%AE%E4%BB%B6,4.0
3,东,dong,dōng,dong1,east,名,https://api.wohuimandarin.com/nls/tts?text=d%C5%8Dng,4.0
3,冬,dong,dōng,dong1,winter,名,https://api.wohuimandarin.com/nls/tts?text=d%C5%8Dng,4.0
3,动物,dong wu,dòng wù,dong4 wu4,animals,名,https://api.wohuimandarin.com/nls/tts?text=%E5%8A%A8%E7%89%A9,4.0
3,短,duan,duǎn,duan3,short,形,https://api.wohuimandarin.com/nls/tts?text=du%C7%8En,4.0
3,段,duan,duàn,duan4,"section; paragraph; [measure word for stories, pieces of music, recordings etc.]",量,https://api.wohuimandarin.com/nls/tts?text=du%C3%A0n,5.0
3,锻炼,duan lian,duàn liàn,duan4 lian4,to engage in physical exercise,动,https://api.wohuimandarin.com/nls/tts?text=%E9%94%BB%E7%82%BC,4.0
3,多么,duo me,duō me,duo1 me5,how ...,副,https://api.wohuimandarin.com/nls/tts?text=%E5%A4%9A%E4%B9%88,4.0
3,饿,e,è,e4,hungry,形,https://api.wohuimandarin.com/nls/tts?text=%C3%A8,4.0
3,耳朵,er duo,ěr duo,er3 duo5,ears,名,https://api.wohuimandarin.com/nls/tts?text=%E8%80%B3%E6%9C%B5,4.0
3,发,fa,fā,fa1,to send (an email),动,https://api.wohuimandarin.com/nls/tts?text=f%C4%81,5.0
3,发烧,fa shao,fā shāo,fa1 shao1,fever; have a fever,动,https://api.wohuimandarin.com/nls/tts?text=%E5%8F%91%E7%83%A7,4.0
3,发现,fa xian,fā xiàn,fa1 xian4,discover,动,https://api.wohuimandarin.com/nls/tts?text=%E5%8F%91%E7%8E%B0,5.0
3,方便,fang bian,fāng biàn,fang1 bian4,convenient,形,https://api.wohuimandarin.com/nls/tts?text=%E6%96%B9%E4%BE%BF,4.0
3,放,fang,fàng,fang4,to put; set free,动,https://api.wohuimandarin.com/nls/tts?text=f%C3%A0ng,4.0
3,放心,fang xin,fàng xīn,fang4 xin1,relax; feel relieved,动,https://api.wohuimandarin.com/nls/tts?text=%E6%94%BE%E5%BF%83,4.0
3,分,fen,fēn,fen1,minute,量/动,https://api.wohuimandarin.com/nls/tts?text=f%C4%93n,4.0
3,附近,fu jin,fù jìn,fu4 jin4,nearby,名,https://api.wohuimandarin.com/nls/tts?text=%E9%99%84%E8%BF%91,4.0
3,复习,fu xi,fù xí,fu4 xi2,revise,动,https://api.wohuimandarin.com/nls/tts?text=%E5%A4%8D%E4%B9%A0,4.0
3,干净,gan jing,gān jìng,gan1 jing4,clean,形,https://api.wohuimandarin.com/nls/tts?text=%E5%B9%B2%E5%87%80,4.0
3,感冒,gan mao,gǎn mào,gan3 mao4,to catch a cold,动,https://api.wohuimandarin.com/nls/tts?text=%E6%84%9F%E5%86%92,4.0
3,感兴趣,gan xing qu,gǎn xìng qù,gan3 xing4 qu4,to be interested (in),动,https://api.wohuimandarin.com/nls/tts?text=%E6%84%9F%E5%85%B4%E8%B6%A3,4.0
3,刚才,gang cai,gāng cái,gang1 cai2,just now,名,https://api.wohuimandarin.com/nls/tts?text=%E5%88%9A%E6%89%8D,4.0
3,个子,ge zi,gè zi,ge4 zi5,height; stature,名,https://api.wohuimandarin.com/nls/tts?text=%E4%B8%AA%E5%AD%90,4.0
3,跟,gen,gēn,gen1,with,介,https://api.wohuimandarin.com/nls/tts?text=g%C4%93n,5.0
3,根据,gen ju,gēn jù,gen1 ju4,according to,介/名,https://api.wohuimandarin.com/nls/tts?text=%E6%A0%B9%E6%8D%AE,4.0
3,更,geng,gèng,geng4,even more,副,https://api.wohuimandarin.com/nls/tts?text=g%C3%A8ng,5.0
3,公斤,gong jin,gōng jīn,gong1 jin1,kilogram,量,https://api.wohuimandarin.com/nls/tts?text=%E5%85%AC%E6%96%A4,4.0
3,公园,gong yuan,gōng yuán,gong1 yuan2,park,名,https://api.wohuimandarin.com/nls/tts?text=%E5%85%AC%E5%9B%AD,4.0
3,故事,gu shi,gù shi,gu4 shi5,story; tale; plot,名,https://api.wohuimandarin.com/nls/tts?text=%E6%95%85%E4%BA%8B,6.0
3,刮风,gua feng,guā fēng,gua1 feng1,windy,动,https://api.wohuimandarin.com/nls/tts?text=%E5%88%AE%E9%A3%8E,4.0
3,关,guan,guān,guan1,to close,动,https://api.wohuimandarin.com/nls/tts?text=gu%C4%81n,4.0
3,关系,guan xi,guān xì,guan1 xi4,relationship,名,https://api.wohuimandarin.com/nls/tts?text=%E5%85%B3%E7%B3%BB,5.0
3,关心,guan xin,guān xīn,guan1 xin1,care about,动,https://api.wohuimandarin.com/nls/tts?text=%E5%85%B3%E5%BF%83,4.0
3,关于,guan yu,guān yú,guan1 yu2,about,介,https://api.wohuimandarin.com/nls/tts?text=%E5%85%B3%E4%BA%8E,5.0
3,国家,guo jia,guó jiā,guo2 jia1,country,名,https://api.wohuimandarin.com/nls/tts?text=%E5%9B%BD%E5%AE%B6,4.0
3,过,guo,guò,guo4,to celebrate (a birthday),动,https://api.wohuimandarin.com/nls/tts?text=gu%C3%B2,4.0
3,过去,guo qu,guò qu,guo4 qu5,(in the) past,名,https://api.wohuimandarin.com/nls/tts?text=%E8%BF%87%E5%8E%BB,5.0
3,还是,hai shi,hái shì,hai2 shi4,...or...? [in a question],副/连,https://api.wohuimandarin.com/nls/tts?text=%E8%BF%98%E6%98%AF,5.0
3,害怕,hai pa,hài pà,hai4 pa4,afraid,动,https://api.wohuimandarin.com/nls/tts?text=%E5%AE%B3%E6%80%95,6.0
3,黑板,hei ban,hēi bǎn,hei1 ban3,blackboard,名,https://api.wohuimandarin.com/nls/tts?text=%E9%BB%91%E6%9D%BF,4.0
3,后来,hou lai,hòu lái,hou4 lai2,afterward,名,https://api.wohuimandarin.com/nls/tts?text=%E5%90%8E%E6%9D%A5,5.0
3,护照,hu zhao,hù zhào,hu4 zhao4,passport,名,https://api.wohuimandarin.com/nls/tts?text=%E6%8A%A4%E7%85%A7,4.0
3,花,hua,huā,hua1,spend,动,https://api.wohuimandarin.com/nls/tts?text=hu%C4%81,4.0
3,花,hua,huā,hua1,flower,名,https://api.wohuimandarin.com/nls/tts?text=hu%C4%81,4.0
3,画,hua,huà,hua4,to draw; paint (pictures),名/动,https://api.wohuimandarin.com/nls/tts?text=hu%C3%A0,4.0
3,坏,huai,huài,huai4,bad,形,https://api.wohuimandarin.com/nls/tts?text=hu%C3%A0i,4.0
3,欢迎,huan ying,huān yíng,huan1 ying2,to welcome,动,https://api.wohuimandarin.com/nls/tts?text=%E6%AC%A2%E8%BF%8E,4.0
3,还,huan,huán,huan2,to return,动,https://api.wohuimandarin.com/nls/tts?text=hu%C3%A1n,4.0
3,环境,huan jing,huán jìng,huan2 jing4,environment,名,https://api.wohuimandarin.com/nls/tts?text=%E7%8E%AF%E5%A2%83,4.0
3,换,huan,huàn,huan4,to change (to another one),动,https://api.wohuimandarin.com/nls/tts?text=hu%C3%A0n,4.0
3,黄河,huang he,huáng hé,huang2 he2,Yellow River,名,https://api.wohuimandarin.com/nls/tts?text=%E9%BB%84%E6%B2%B3,4.0
3,回答,hui da,huí dá,hui2 da2,reply,动,https://api.wohuimandarin.com/nls/tts?text=%E5%9B%9E%E7%AD%94,4.0
3,会议,hui yi,huì yì,hui4 yi4,meeting,名,https://api.wohuimandarin.com/nls/tts?text=%E4%BC%9A%E8%AE%AE,4.0
3,或者,huo zhe,huò zhě,huo4 zhe3,perhaps,副,https://api.wohuimandarin.com/nls/tts?text=%E6%88%96%E8%80%85,4.0
3,几乎,ji hu,jī hū,ji1 hu1,almost,副,https://api.wohuimandarin.com/nls/tts?text=%E5%87%A0%E4%B9%8E,4.0
3,机会,ji hui,jī huì,ji1 hui4,opportunity,名,https://api.wohuimandarin.com/nls/tts?text=%E6%9C%BA%E4%BC%9A,5.0
3,极,ji,jí,ji2,extreme,副,https://api.wohuimandarin.com/nls/tts?text=j%C3%AD,5.0
3,记得,ji de,jì de,ji4 de5,to remember,动,https://api.wohuimandarin.com/nls/tts?text=%E8%AE%B0%E5%BE%97,5.0
3,季节,ji jie,jì jié,ji4 jie2,season,名,https://api.wohuimandarin.com/nls/tts?text=%E5%AD%A3%E8%8A%82,4.0
3,检查,jian cha,jiǎn chá,jian3 cha2,inspect,动,https://api.wohuimandarin.com/nls/tts?text=%E6%A3%80%E6%9F%A5,4.0
3,简单,jian dan,jiǎn dān,jian3 dan1,simple,形,https://api.wohuimandarin.com/nls/tts?text=%E7%AE%80%E5%8D%95,4.0
3,健康,jian kang,jiàn kāng,jian4 kang1,healthy; health,形,https://api.wohuimandarin.com/nls/tts?text=%E5%81%A5%E5%BA%B7,4.0
3,见面,jian mian,jiàn miàn,jian4 mian4,to meet,动,https://api.wohuimandarin.com/nls/tts?text=%E8%A7%81%E9%9D%A2,4.0
3,讲,jiang,jiǎng,jiang3,speak,动,https://api.wohuimandarin.com/nls/tts?text=ji%C7%8Eng,5.0
3,教,jiao,jiāo,jiao1,to teach,动,https://api.wohuimandarin.com/nls/tts?text=ji%C4%81o,4.0
3,脚,jiao,jiǎo,jiao3,foot,名,https://api.wohuimandarin.com/nls/tts?text=ji%C7%8Eo,4.0
3,角,jiao,jiǎo,jiao3,horn; corner; jiao (written) [unit of currency = 0.1 yuan],量,https://api.wohuimandarin.com/nls/tts?text=ji%C7%8Eo,4.0
3,接,jie,jiē,jie1,connect,动,https://api.wohuimandarin.com/nls/tts?text=ji%C4%93,4.0
3,街道,jie dao,jiē dào,jie1 dao4,road,名,https://api.wohuimandarin.com/nls/tts?text=%E8%A1%97%E9%81%93,4.0
3,结婚,jie hun,jié hūn,jie2 hun1,marry,动,https://api.wohuimandarin.com/nls/tts?text=%E7%BB%93%E5%A9%9A,4.0
3,节目,jie mu,jié mù,jie2 mu4,programme,名,https://api.wohuimandarin.com/nls/tts?text=%E8%8A%82%E7%9B%AE,4.0
3,节日,jie ri,jié rì,jie2 ri4,festival,名,https://api.wohuimandarin.com/nls/tts?text=%E8%8A%82%E6%97%A5,4.0
3,结束,jie shu,jié shù,jie2 shu4,finish,动,https://api.wohuimandarin.com/nls/tts?text=%E7%BB%93%E6%9D%9F,5.0
3,解决,jie jue,jiě jué,jie3 jue2,to resolve; solve,动,https://api.wohuimandarin.com/nls/tts?text=%E8%A7%A3%E5%86%B3,5.0
3,借,jie,jiè,jie4,to lend,动,https://api.wohuimandarin.com/nls/tts?text=ji%C3%A8,4.0
3,经常,jing chang,jīng cháng,jing1 chang2,often; regularly,副,https://api.wohuimandarin.com/nls/tts?text=%E7%BB%8F%E5%B8%B8,5.0
3,经过,jing guo,jīng guò,jing1 guo4,pass through,动,https://api.wohuimandarin.com/nls/tts?text=%E7%BB%8F%E8%BF%87,4.0
3,经理,jing li,jīng lǐ,jing1 li3,manager,名,https://api.wohuimandarin.com/nls/tts?text=%E7%BB%8F%E7%90%86,4.0
3,久,jiu,jiǔ,jiu3,long time,形,https://api.wohuimandarin.com/nls/tts?text=ji%C7%94,4.0
3,旧,jiu,jiù,jiu4,old; former,形,https://api.wohuimandarin.com/nls/tts?text=ji%C3%B9,5.0
3,句子,ju zi,jù zi,ju4 zi5,sentence,名,https://api.wohuimandarin.com/nls/tts?text=%E5%8F%A5%E5%AD%90,4.0
3,决定,jue ding,jué dìng,jue2 ding4,decide,动,https://api.wohuimandarin.com/nls/tts?text=%E5%86%B3%E5%AE%9A,5.0
3,渴,ke,kě,ke3,thirsty,形,https://api.wohuimandarin.com/nls/tts?text=k%C4%9B,4.0
3,可爱,ke ai,kě ài,ke3 ai4,lovely; loveable,形,https://api.wohuimandarin.com/nls/tts?text=%E5%8F%AF%E7%88%B1,4.0
3,刻,ke,kè,ke4,quarter (of an hour); to carve,量,https://api.wohuimandarin.com/nls/tts?text=k%C3%A8,4.0
3,客人,ke ren,kè rén,ke4 ren2,guest,名,https://api.wohuimandarin.com/nls/tts?text=%E5%AE%A2%E4%BA%BA,4.0
3,空调,kong tiao,kōng tiáo,kong1 tiao2,air-conditioning,名,https://api.wohuimandarin.com/nls/tts?text=%E7%A9%BA%E8%B0%83,4.0
3,口,kou,kǒu,kou3,mouth; [measure word for family members],名,https://api.wohuimandarin.com/nls/tts?text=k%C7%92u,4.0
3,哭,ku,kū,ku1,cry,动,https://api.wohuimandarin.com/nls/tts?text=k%C5%AB,4.0
3,裤子,ku zi,kù zi,ku4 zi5,trousers,名,https://api.wohuimandarin.com/nls/tts?text=%E8%A3%A4%E5%AD%90,4.0
3,筷子,kuai zi,kuài zi,kuai4 zi5,chopsticks,名,https://api.wohuimandarin.com/nls/tts?text=%E7%AD%B7%E5%AD%90,4.0
3,蓝,lan,lán,lan2,blue,形,https://api.wohuimandarin.com/nls/tts?text=l%C3%A1n,4.0
3,老,lao,lǎo,lao3,old; aged,形,https://api.wohuimandarin.com/nls/tts?text=l%C7%8Eo,4.0
3,离开,li kai,lí kāi,li2 kai1,leave,动,https://api.wohuimandarin.com/nls/tts?text=%E7%A6%BB%E5%BC%80,5.0
3,礼物,li wu,lǐ wù,li3 wu4,gift; present,名,https://api.wohuimandarin.com/nls/tts?text=%E7%A4%BC%E7%89%A9,4.0
3,历史,li shi,lì shǐ,li4 shi3,history,名,https://api.wohuimandarin.com/nls/tts?text=%E5%8E%86%E5%8F%B2,4.0
3,脸,lian,liǎn,lian3,face,名,https://api.wohuimandarin.com/nls/tts?text=li%C7%8En,4.0
3,练习,lian xi,liàn xí,lian4 xi2,to practise,动/名,https://api.wohuimandarin.com/nls/tts?text=%E7%BB%83%E4%B9%A0,4.0
3,辆,liang,liàng,liang4,[measure word for vehicles],量,https://api.wohuimandarin.com/nls/tts?text=li%C3%A0ng,4.0
3,聊天,liao tian,liáo tiān,liao2 tian1,to chat,动,https://api.wohuimandarin.com/nls/tts?text=%E8%81%8A%E5%A4%A9,4.0
3,了解,liao jie,liǎo jiě,liao3 jie3,understand,动,https://api.wohuimandarin.com/nls/tts?text=%E4%BA%86%E8%A7%A3,6.0
3,邻居,lin ju,lín jū,lin2 ju1,neighbour,名,https://api.wohuimandarin.com/nls/tts?text=%E9%82%BB%E5%B1%85,4.0
3,留学,liu xue,liú xué,liu2 xue2,study abroad,动,https://api.wohuimandarin.com/nls/tts?text=%E7%95%99%E5%AD%A6,4.0
3,楼,lou,lóu,lou2,multi-storied building,名,https://api.wohuimandarin.com/nls/tts?text=l%C3%B3u,4.0
3,绿,lv,lǜ,lv4,green,形,https://api.wohuimandarin.com/nls/tts?text=l%C7%9C,4.0
3,马,ma,mǎ,ma3,horse,名,https://api.wohuimandarin.com/nls/tts?text=m%C7%8E,4.0
3,马上,ma shang,mǎ shàng,ma3 shang4,immediately,副,https://api.wohuimandarin.com/nls/tts?text=%E9%A9%AC%E4%B8%8A,4.0
3,满意,man yi,mǎn yì,man3 yi4,pleased; satisfied,动,https://api.wohuimandarin.com/nls/tts?text=%E6%BB%A1%E6%84%8F,4.0
3,帽子,mao zi,mào zi,mao4 zi5,hat,名,https://api.wohuimandarin.com/nls/tts?text=%E5%B8%BD%E5%AD%90,4.0
3,米,mi,mǐ,mi3,rice; metre,量,https://api.wohuimandarin.com/nls/tts?text=m%C7%90,4.0
3,面包,mian bao,miàn bāo,mian4 bao1,bread,名,https://api.wohuimandarin.com/nls/tts?text=%E9%9D%A2%E5%8C%85,4.0
3,明白,ming bai,míng bai,ming2 bai5,to understand,动/形,https://api.wohuimandarin.com/nls/tts?text=%E6%98%8E%E7%99%BD,4.0
3,拿,na,ná,na2,to take,动,https://api.wohuimandarin.com/nls/tts?text=n%C3%A1,5.0
3,奶奶,nai nai,nǎi nai,nai3 nai5,grandmother [father's mother],名,https://api.wohuimandarin.com/nls/tts?text=%E5%A5%B6%E5%A5%B6,4.0
3,难,,nán,nan2,hard; difficult,形,https://api.wohuimandarin.com/nls/tts?text=n%C3%A1n,5.0
3,南,,nán,nan2,south,名,https://api.wohuimandarin.com/nls/tts?text=n%C3%A1n,4.0
3,难过,nan guo,nán guò,nan2 guo4,have a hard time,形,https://api.wohuimandarin.com/nls/tts?text=%E9%9A%BE%E8%BF%87,4.0
3,年级,nian ji,nián jí,nian2 ji2,(school) year/grade,名,https://api.wohuimandarin.com/nls/tts?text=%E5%B9%B4%E7%BA%A7,4.0
3,年轻,nian qing,nián qīng,nian2 qing1,young,形,https://api.wohuimandarin.com/nls/tts?text=%E5%B9%B4%E8%BD%BB,5.0
3,鸟,niao,niǎo,niao3,bird,名,https://api.wohuimandarin.com/nls/tts?text=ni%C7%8Eo,4.0
3,努力,nu li,nǔ lì,nu3 li4,hardworking,形,https://api.wohuimandarin.com/nls/tts?text=%E5%8A%AA%E5%8A%9B,5.0
3,爬山,pa shan,pá shān,pa2 shan1,to climb hills/mountains,动,https://api.wohuimandarin.com/nls/tts?text=%E7%88%AC%E5%B1%B1,4.0
3,盘子,pan zi,pán zi,pan2 zi5,tray,名,https://api.wohuimandarin.com/nls/tts?text=%E7%9B%98%E5%AD%90,4.0
3,胖,pang,pàng,pang4,fat,名,https://api.wohuimandarin.com/nls/tts?text=p%C3%A0ng,4.0
3,啤酒,pi jiu,pí jiǔ,pi2 jiu3,beer,名,https://api.wohuimandarin.com/nls/tts?text=%E5%95%A4%E9%85%92,4.0
3,皮鞋,pi xie,pí xié,pi2 xie2,leather shoes,名,https://api.wohuimandarin.com/nls/tts?text=%E7%9A%AE%E9%9E%8B,4.0
3,瓶子,ping zi,píng zi,ping2 zi5,bottle,名,https://api.wohuimandarin.com/nls/tts?text=%E7%93%B6%E5%AD%90,4.0
3,骑,qi,qí,qi2,"to ride (a bicycle, horse)",动,https://api.wohuimandarin.com/nls/tts?text=q%C3%AD,4.0
3,奇怪,qi guai,qí guài,qi2 guai4,strange,形,https://api.wohuimandarin.com/nls/tts?text=%E5%A5%87%E6%80%AA,5.0
3,其实,qi shi,qí shí,qi2 shi2,in fact,副,https://api.wohuimandarin.com/nls/tts?text=%E5%85%B6%E5%AE%9E,5.0
3,其他,qi ta,qí tā,qi2 ta1,other,代,https://api.wohuimandarin.com/nls/tts?text=%E5%85%B6%E4%BB%96,4.0
3,起飞,qi fei,qǐ fēi,qi3 fei1,take off [plane],动,https://api.wohuimandarin.com/nls/tts?text=%E8%B5%B7%E9%A3%9E,4.0
3,起来,qi lai,qǐ lái,qi3 lai2,stand up; sit up; rise to one's feet,动,https://api.wohuimandarin.com/nls/tts?text=%E8%B5%B7%E6%9D%A5,4.0
3,清楚,qing chu,qīng chu,qing1 chu5,clear,形,https://api.wohuimandarin.com/nls/tts?text=%E6%B8%85%E6%A5%9A,5.0
3,请假,qing jia,qǐng jià,qing3 jia4,ask for leave,动,https://api.wohuimandarin.com/nls/tts?text=%E8%AF%B7%E5%81%87,4.0
3,秋,qiu,qiū,qiu1,autumn,名,https://api.wohuimandarin.com/nls/tts?text=qi%C5%AB,4.0
3,裙子,qun zi,qún zi,qun2 zi5,skirt,名,https://api.wohuimandarin.com/nls/tts?text=%E8%A3%99%E5%AD%90,4.0
3,然后,ran hou,rán hòu,ran2 hou4,and then; after that,连,https://api.wohuimandarin.com/nls/tts?text=%E7%84%B6%E5%90%8E,4.0
3,热情,re qing,rè qíng,re4 qing2,enthusiastic,形,https://api.wohuimandarin.com/nls/tts?text=%E7%83%AD%E6%83%85,4.0
3,认为,ren wei,rèn wéi,ren4 wei2,to think that; consider,动,https://api.wohuimandarin.com/nls/tts?text=%E8%AE%A4%E4%B8%BA,5.0
3,认真,ren zhen,rèn zhēn,ren4 zhen1,earnest,形,https://api.wohuimandarin.com/nls/tts?text=%E8%AE%A4%E7%9C%9F,4.0
3,容易,rong yi,róng yì,rong2 yi4,easy,形,https://api.wohuimandarin.com/nls/tts?text=%E5%AE%B9%E6%98%93,5.0
3,如果,ru guo,rú guǒ,ru2 guo3,if,连,https://api.wohuimandarin.com/nls/tts?text=%E5%A6%82%E6%9E%9C,5.0
3,伞,san,sǎn,san3,umbrella,名,https://api.wohuimandarin.com/nls/tts?text=s%C7%8En,4.0
3,上网,shang wang,shàng wǎng,shang4 wang3,get on the internet,动,https://api.wohuimandarin.com/nls/tts?text=%E4%B8%8A%E7%BD%91,4.0
3,生气,sheng qi,shēng qì,sheng1 qi4,to get angry,动,https://api.wohuimandarin.com/nls/tts?text=%E7%94%9F%E6%B0%94,5.0
3,声音,sheng yin,shēng yīn,sheng1 yin1,sound,名,https://api.wohuimandarin.com/nls/tts?text=%E5%A3%B0%E9%9F%B3,5.0
3,试,shi,shì,shi4,to try,动,https://api.wohuimandarin.com/nls/tts?text=sh%C3%AC,4.0
3,世界,shi jie,shì jiè,shi4 jie4,world,名,https://api.wohuimandarin.com/nls/tts?text=%E4%B8%96%E7%95%8C,5.0
3,瘦,shou,shòu,shou4,thin,形,https://api.wohuimandarin.com/nls/tts?text=sh%C3%B2u,4.0
3,舒服,shu fu,shū fu,shu1 fu5,comfortable,形,https://api.wohuimandarin.com/nls/tts?text=%E8%88%92%E6%9C%8D,4.0
3,叔叔,shu shu,shū shu,shu1 shu5,uncle [father's younger brother],名,https://api.wohuimandarin.com/nls/tts?text=%E5%8F%94%E5%8F%94,4.0
3,树,shu,shù,shu4,tree,名,https://api.wohuimandarin.com/nls/tts?text=sh%C3%B9,5.0
3,数学,shu xue,shù xué,shu4 xue2,maths,名,https://api.wohuimandarin.com/nls/tts?text=%E6%95%B0%E5%AD%A6,4.0
3,刷牙,shua ya,shuā yá,shua1 ya2,brush teeth,动,https://api.wohuimandarin.com/nls/tts?text=%E5%88%B7%E7%89%99,4.0
3,双,shuang,shuāng,shuang1,a pair of,量,https://api.wohuimandarin.com/nls/tts?text=shu%C4%81ng,4.0
3,水平,shui ping,shuǐ píng,shui3 ping2,level,名,https://api.wohuimandarin.com/nls/tts?text=%E6%B0%B4%E5%B9%B3,4.0
3,司机,si ji,sī jī,si1 ji1,driver,名,https://api.wohuimandarin.com/nls/tts?text=%E5%8F%B8%E6%9C%BA,4.0
3,太阳,tai yang,tài yáng,tai4 yang2,sun,名,https://api.wohuimandarin.com/nls/tts?text=%E5%A4%AA%E9%98%B3,4.0
3,特别,te bie,tè bié,te4 bie2,special; especially,副/形,https://api.wohuimandarin.com/nls/tts?text=%E7%89%B9%E5%88%AB,4.0
3,疼,teng,téng,teng2,pain,形,https://api.wohuimandarin.com/nls/tts?text=t%C3%A9ng,4.0
3,提高,ti gao,tí gāo,ti2 gao1,raise,动,https://api.wohuimandarin.com/nls/tts?text=%E6%8F%90%E9%AB%98,5.0
3,体育,ti yu,tǐ yù,ti3 yu4,physical education,名,https://api.wohuimandarin.com/nls/tts?text=%E4%BD%93%E8%82%B2,4.0
3,甜,tian,tián,tian2,sweet,形,https://api.wohuimandarin.com/nls/tts?text=ti%C3%A1n,4.0
3,条,tiao,tiáo,tiao2,"[measure word for long pieces (hair, branch, trousers etc.)]",量,https://api.wohuimandarin.com/nls/tts?text=ti%C3%A1o,4.0
3,同事,tong shi,tóng shì,tong2 shi4,colleague,名,https://api.wohuimandarin.com/nls/tts?text=%E5%90%8C%E4%BA%8B,4.0
3,同意,tong yi,tóng yì,tong2 yi4,to agree,动,https://api.wohuimandarin.com/nls/tts?text=%E5%90%8C%E6%84%8F,5.0
3,头发,tou fa,tóu fa,tou2 fa5,hair,名,https://api.wohuimandarin.com/nls/tts?text=%E5%A4%B4%E5%8F%91,4.0
3,突然,tu ran,tū rán,tu1 ran2,suddenly,形,https://api.wohuimandarin.com/nls/tts?text=%E7%AA%81%E7%84%B6,5.0
3,图书馆,tu shu guan,tú shū guǎn,tu2 shu1 guan3,library,名,https://api.wohuimandarin.com/nls/tts?text=%E5%9B%BE%E4%B9%A6%E9%A6%86,4.0
3,腿,tui,tuǐ,tui3,leg,名,https://api.wohuimandarin.com/nls/tts?text=tu%C7%90,4.0
3,完成,wan cheng,wán chéng,wan2 cheng2,complete,动,https://api.wohuimandarin.com/nls/tts?text=%E5%AE%8C%E6%88%90,4.0
3,碗,wan,wǎn,wan3,a bowl of,名,https://api.wohuimandarin.com/nls/tts?text=w%C7%8En,4.0
3,万,wan,wàn,wan4,ten thousand,数,https://api.wohuimandarin.com/nls/tts?text=w%C3%A0n,4.0
3,忘记,wang ji,wàng jì,wang4 ji4,forget,动,https://api.wohuimandarin.com/nls/tts?text=%E5%BF%98%E8%AE%B0,5.0
3,位,wei,wèi,wei4,position,量,https://api.wohuimandarin.com/nls/tts?text=w%C3%A8i,5.0
3,为,wei,wèi,wei4,for (someone; something); to do; to be,介,https://api.wohuimandarin.com/nls/tts?text=w%C3%A8i,4.0
3,为了,wei le,wèi le,wei4 le5,in order to,介,https://api.wohuimandarin.com/nls/tts?text=%E4%B8%BA%E4%BA%86,6.0
3,文化,wen hua,wén huà,wen2 hua4,culture,名,https://api.wohuimandarin.com/nls/tts?text=%E6%96%87%E5%8C%96,4.0
3,西,xi,xī,xi1,west,名,https://api.wohuimandarin.com/nls/tts?text=x%C4%AB,4.0
3,习惯,xi guan,xí guàn,xi2 guan4,be used to,动/名,https://api.wohuimandarin.com/nls/tts?text=%E4%B9%A0%E6%83%AF,4.0
3,洗手间,xi shou jian,xǐ shǒu jiān,xi3 shou3 jian1,toilets; washroom,名,https://api.wohuimandarin.com/nls/tts?text=%E6%B4%97%E6%89%8B%E9%97%B4,4.0
3,洗澡,xi zao,xǐ zǎo,xi3 zao3,have a shower; bath,动,https://api.wohuimandarin.com/nls/tts?text=%E6%B4%97%E6%BE%A1,4.0
3,夏,xia,xià,xia4,summer,名,https://api.wohuimandarin.com/nls/tts?text=xi%C3%A0,4.0
3,先,xian,xiān,xian1,first,副,https://api.wohuimandarin.com/nls/tts?text=xi%C4%81n,4.0
3,香蕉,xiang jiao,xiāng jiāo,xiang1 jiao1,banana,名,https://api.wohuimandarin.com/nls/tts?text=%E9%A6%99%E8%95%89,4.0
3,相信,xiang xin,xiāng xìn,xiang1 xin4,to believe,动,https://api.wohuimandarin.com/nls/tts?text=%E7%9B%B8%E4%BF%A1,6.0
3,像,xiang,xiàng,xiang4,likeness; resemble; look as if,动,https://api.wohuimandarin.com/nls/tts?text=xi%C3%A0ng,5.0
3,向,xiang,xiàng,xiang4,towards,介,https://api.wohuimandarin.com/nls/tts?text=xi%C3%A0ng,5.0
3,小心,xiao xin,xiǎo xīn,xiao3 xin1,take care,形/动,https://api.wohuimandarin.com/nls/tts?text=%E5%B0%8F%E5%BF%83,4.0
3,校长,xiao zhang,xiào zhǎng,xiao4 zhang3,head teacher; principal,名,https://api.wohuimandarin.com/nls/tts?text=%E6%A0%A1%E9%95%BF,4.0
3,新闻,xin wen,xīn wén,xin1 wen2,news,名,https://api.wohuimandarin.com/nls/tts?text=%E6%96%B0%E9%97%BB,4.0
3,新鲜,xin xian,xīn xiān,xin1 xian1,fresh,形,https://api.wohuimandarin.com/nls/tts?text=%E6%96%B0%E9%B2%9C,4.0
3,信用卡,xin yong ka,xìn yòng kǎ,xin4 yong4 ka3,credit card,名,https://api.wohuimandarin.com/nls/tts?text=%E4%BF%A1%E7%94%A8%E5%8D%A1,4.0
3,行李箱,xing li xiang,xíng li xiāng,xing2 li5 xiang1,trunk [luggage],名,https://api.wohuimandarin.com/nls/tts?text=%E8%A1%8C%E6%9D%8E%E7%AE%B1,4.0
3,熊猫,xiong mao,xióng māo,xiong2 mao1,panda,名,https://api.wohuimandarin.com/nls/tts?text=%E7%86%8A%E7%8C%AB,4.0
3,需要,xu yao,xū yào,xu1 yao4,need,动,https://api.wohuimandarin.com/nls/tts?text=%E9%9C%80%E8%A6%81,4.0
3,选择,xuan ze,xuǎn zé,xuan3 ze2,choice,动,https://api.wohuimandarin.com/nls/tts?text=%E9%80%89%E6%8B%A9,4.0
3,越,e,yuè,e4,the more...the more….,副,https://api.wohuimandarin.com/nls/tts?text=yu%C3%A8,4.0
3,要求,yao qiu,yāo qiú,yao1 qiu2,requirement,动/名,https://api.wohuimandarin.com/nls/tts?text=%E8%A6%81%E6%B1%82,4.0
3,爷爷,ye ye,yé ye,ye2 ye5,grandfather [father's father],名,https://api.wohuimandarin.com/nls/tts?text=%E7%88%B7%E7%88%B7,4.0
3,一般,yi ban,yī bān,yi1 ban1,ordinary,形,https://api.wohuimandarin.com/nls/tts?text=%E4%B8%80%E8%88%AC,4.0
3,一边,yi bian,yī biān,yi1 bian1,on the one hand …,副,https://api.wohuimandarin.com/nls/tts?text=%E4%B8%80%E8%BE%B9,4.0
3,一定,yi ding,yī dìng,yi1 ding4,definitely,副/形,https://api.wohuimandarin.com/nls/tts?text=%E4%B8%80%E5%AE%9A,5.0
3,一共,yi gong,yī gòng,yi1 gong4,altogether,副,https://api.wohuimandarin.com/nls/tts?text=%E4%B8%80%E5%85%B1,4.0
3,一会儿,yi hui er,yī huì er,yi1 hui4 er5,a short while,数量,https://api.wohuimandarin.com/nls/tts?text=%E4%B8%80%E4%BC%9A%E5%84%BF,4.0
3,一样,yi yang,yī yàng,yi1 yang4,same; identical,形,https://api.wohuimandarin.com/nls/tts?text=%E4%B8%80%E6%A0%B7,5.0
3,一直,yi zhi,yī zhí,yi1 zhi2,straight on; always,副,https://api.wohuimandarin.com/nls/tts?text=%E4%B8%80%E7%9B%B4,4.0
3,以前,yi qian,yǐ qián,yi3 qian2,before,名,https://api.wohuimandarin.com/nls/tts?text=%E4%BB%A5%E5%89%8D,4.0
3,音乐,yin yue,yīn yuè,yin1 yue4,music,名,https://api.wohuimandarin.com/nls/tts?text=%E9%9F%B3%E4%B9%90,4.0
3,银行,yin hang,yín háng,yin2 hang2,bank,名,https://api.wohuimandarin.com/nls/tts?text=%E9%93%B6%E8%A1%8C,4.0
3,饮料,yin liao,yǐn liào,yin3 liao4,drink,名,https://api.wohuimandarin.com/nls/tts?text=%E9%A5%AE%E6%96%99,4.0
3,应该,ying gai,yīng gāi,ying1 gai1,should,动,https://api.wohuimandarin.com/nls/tts?text=%E5%BA%94%E8%AF%A5,5.0
3,影响,ying xiang,yǐng xiǎng,ying3 xiang3,influence; to affect,动/名,https://api.wohuimandarin.com/nls/tts?text=%E5%BD%B1%E5%93%8D,4.0
3,用,yong,yòng,yong4,to use,动,https://api.wohuimandarin.com/nls/tts?text=y%C3%B2ng,5.0
3,游戏,you xi,yóu xì,you2 xi4,game,名,https://api.wohuimandarin.com/nls/tts?text=%E6%B8%B8%E6%88%8F,4.0
3,有名,you ming,yǒu míng,you3 ming2,famous,形,https://api.wohuimandarin.com/nls/tts?text=%E6%9C%89%E5%90%8D,4.0
3,又,you,yòu,you4,again,副,https://api.wohuimandarin.com/nls/tts?text=y%C3%B2u,4.0
3,遇到,yu dao,yù dào,yu4 dao4,to meet,动,https://api.wohuimandarin.com/nls/tts?text=%E9%81%87%E5%88%B0,5.0
3,元,yuan,yuán,yuan2,yuan [unit of Chinese currency]; dollar,量,https://api.wohuimandarin.com/nls/tts?text=yu%C3%A1n,4.0
3,愿意,yuan yi,yuàn yì,yuan4 yi4,willing,动,https://api.wohuimandarin.com/nls/tts?text=%E6%84%BF%E6%84%8F,4.0
3,月亮,yue liang,yuè liang,yue4 liang5,moon,名,https://api.wohuimandarin.com/nls/tts?text=%E6%9C%88%E4%BA%AE,5.0
3,站,zhan,zhàn,zhan4,stand,动,https://api.wohuimandarin.com/nls/tts?text=zh%C3%A0n,5.0
3,张,zhang,zhāng,zhang1,"to open up; to spread; [measure word for table, picture, paper etc]",量,https://api.wohuimandarin.com/nls/tts?text=zh%C4%81ng,4.0
3,长,zhang,zhǎng,zhang3,to grow,动,https://api.wohuimandarin.com/nls/tts?text=zh%C7%8Eng,5.0
3,着急,zhao ji,zháo jí,zhao2 ji2,anxious,形,https://api.wohuimandarin.com/nls/tts?text=%E7%9D%80%E6%80%A5,5.0
3,照顾,zhao gu,zhào gu,zhao4 gu5,to look after,动,https://api.wohuimandarin.com/nls/tts?text=%E7%85%A7%E9%A1%BE,5.0
3,照片,zhao pian,zhào piàn,zhao4 pian4,photograph,名,https://api.wohuimandarin.com/nls/tts?text=%E7%85%A7%E7%89%87,4.0
3,照相机,zhao xiang ji,zhào xiàng jī,zhao4 xiang4 ji1,camera,名,https://api.wohuimandarin.com/nls/tts?text=%E7%85%A7%E7%9B%B8%E6%9C%BA,4.0
3,只,zhi,zhǐ,zhi3,only,副,https://api.wohuimandarin.com/nls/tts?text=zh%C7%90,4.0
3,只有……才……,zhi you cai,zhǐ yǒu ……cái,zhi3 you3 cai2,only if…then...,关联,https://api.wohuimandarin.com/nls/tts?text=%E5%8F%AA%E6%9C%89%E2%80%A6%E2%80%A6%E6%89%8D%E2%80%A6%E2%80%A6,5.0
3,中间,zhong jian,zhōng jiān,zhong1 jian1,middle,名,https://api.wohuimandarin.com/nls/tts?text=%E4%B8%AD%E9%97%B4,4.0
3,中文,zhong wen,zhōng wén,zhong1 wen2,Chinese [written language],名,https://api.wohuimandarin.com/nls/tts?text=%E4%B8%AD%E6%96%87,4.0
3,终于,zhong yu,zhōng yú,zhong1 yu2,at last,副,https://api.wohuimandarin.com/nls/tts?text=%E7%BB%88%E4%BA%8E,5.0
3,种,zhong,zhǒng,zhong3,kind,量,https://api.wohuimandarin.com/nls/tts?text=zh%C7%92ng,4.0
3,重要,zhong yao,zhòng yào,zhong4 yao4,important,形,https://api.wohuimandarin.com/nls/tts?text=%E9%87%8D%E8%A6%81,4.0
3,周末,zhou mo,zhōu mò,zhou1 mo4,weekend,名,https://api.wohuimandarin.com/nls/tts?text=%E5%91%A8%E6%9C%AB,4.0
3,主要,zhu yao,zhǔ yào,zhu3 yao4,mainly,形,https://api.wohuimandarin.com/nls/tts?text=%E4%B8%BB%E8%A6%81,4.0
3,注意,zhu yi,zhù yì,zhu4 yi4,take note of,动,https://api.wohuimandarin.com/nls/tts?text=%E6%B3%A8%E6%84%8F,4.0
3,自己,zi ji,zì jǐ,zi4 ji3,self; oneself,代,https://api.wohuimandarin.com/nls/tts?text=%E8%87%AA%E5%B7%B1,5.0
3,自行车,zi xing che,zì xíng chē,zi4 xing2 che1,bicycle,名,https://api.wohuimandarin.com/nls/tts?text=%E8%87%AA%E8%A1%8C%E8%BD%A6,4.0
3,总是,zong shi,zǒng shì,zong3 shi4,always,副,https://api.wohuimandarin.com/nls/tts?text=%E6%80%BB%E6%98%AF,4.0
3,嘴,zui,zuǐ,zui3,mouth,名,https://api.wohuimandarin.com/nls/tts?text=zu%C7%90,4.0
3,最后,zui hou,zuì hòu,zui4 hou4,lastly,名,https://api.wohuimandarin.com/nls/tts?text=%E6%9C%80%E5%90%8E,4.0
3,最近,zui jin,zuì jìn,zui4 jin4,recently,名,https://api.wohuimandarin.com/nls/tts?text=%E6%9C%80%E8%BF%91,4.0
3,作业,zuo ye,zuò yè,zuo4 ye4,homework,名,https://api.wohuimandarin.com/nls/tts?text=%E4%BD%9C%E4%B8%9A,4.0
4,爱情,ai qing,ài qíng,ai4 qing2,romantic love,名,https://api.wohuimandarin.com/nls/tts?text=%E7%88%B1%E6%83%85,4.0
4,安排,an pai,ān pái,an1 pai2,to arrange; plan,动,https://api.wohuimandarin.com/nls/tts?text=%E5%AE%89%E6%8E%92,1.0
4,安全,an quan,ān quán,an1 quan2,safe; security,形,https://api.wohuimandarin.com/nls/tts?text=%E5%AE%89%E5%85%A8,1.0
4,按时,an shi,àn shí,an4 shi2,on time,副,https://api.wohuimandarin.com/nls/tts?text=%E6%8C%89%E6%97%B6,0.0
4,按照,an zhao,àn zhào,an4 zhao4,according to,介,https://api.wohuimandarin.com/nls/tts?text=%E6%8C%89%E7%85%A7,0.0
4,百分之,bai fen zhi,bǎi fēn zhī,bai3 fen1 zhi1,percent,,https://api.wohuimandarin.com/nls/tts?text=%E7%99%BE%E5%88%86%E4%B9%8B,0.0
4,棒,bang,bàng,bang4,stick; staff; excellent,形,https://api.wohuimandarin.com/nls/tts?text=b%C3%A0ng,0.0
4,包子,bao zi,bāo zi,bao1 zi5,bao zi [steamed stuffed bun],名,https://api.wohuimandarin.com/nls/tts?text=%E5%8C%85%E5%AD%90,1.0
4,保护,bao hu,bǎo hù,bao3 hu4,protection; to protect,动,https://api.wohuimandarin.com/nls/tts?text=%E4%BF%9D%E6%8A%A4,5.0
4,保证,bao zheng,bǎo zhèng,bao3 zheng4,guarantee,动,https://api.wohuimandarin.com/nls/tts?text=%E4%BF%9D%E8%AF%81,1.0
4,抱,bao,bào,bao4,to hold,动,https://api.wohuimandarin.com/nls/tts?text=b%C3%A0o,4.0
4,报名,bao ming,bào míng,bao4 ming2,sign up,动,https://api.wohuimandarin.com/nls/tts?text=%E6%8A%A5%E5%90%8D,0.0
4,抱歉,bao qian,bào qiàn,bao4 qian4,apologise,形,https://api.wohuimandarin.com/nls/tts?text=%E6%8A%B1%E6%AD%89,1.0
4,倍,bei,bèi,bei4,times; double; twice as much,量,https://api.wohuimandarin.com/nls/tts?text=b%C3%A8i,0.0
4,本来,ben lai,běn lái,ben3 lai2,originally,副,https://api.wohuimandarin.com/nls/tts?text=%E6%9C%AC%E6%9D%A5,0.0
4,笨,ben,bèn,ben4,stupid,形,https://api.wohuimandarin.com/nls/tts?text=b%C3%A8n,0.0
4,比如,bi ru,bǐ rú,bi3 ru2,for example; for instance; such as,动,https://api.wohuimandarin.com/nls/tts?text=%E6%AF%94%E5%A6%82,0.0
4,毕业,bi ye,bì yè,bi4 ye4,graduate,动,https://api.wohuimandarin.com/nls/tts?text=%E6%AF%95%E4%B8%9A,0.0
4,遍,bian,biàn,bian4,time [when doing something repeatedly],量,https://api.wohuimandarin.com/nls/tts?text=bi%C3%A0n,0.0
4,标准,biao zhun,biāo zhǔn,biao1 zhun3,standard; standardised,名/形,https://api.wohuimandarin.com/nls/tts?text=%E6%A0%87%E5%87%86,0.0
4,表格,biao ge,biǎo gé,biao3 ge2,form; table,名,https://api.wohuimandarin.com/nls/tts?text=%E8%A1%A8%E6%A0%BC,0.0
4,表示,biao shi,biǎo shì,biao3 shi4,express; indicate,动,https://api.wohuimandarin.com/nls/tts?text=%E8%A1%A8%E7%A4%BA,0.0
4,表演,biao yan,biǎo yǎn,biao3 yan3,performance,动,https://api.wohuimandarin.com/nls/tts?text=%E8%A1%A8%E6%BC%94,0.0
4,表扬,biao yang,biǎo yáng,biao3 yang2,to praise,动,https://api.wohuimandarin.com/nls/tts?text=%E8%A1%A8%E6%89%AC,0.0
4,饼干,bing gan,bǐng gān,bing3 gan1,cookie; biscuit,名,https://api.wohuimandarin.com/nls/tts?text=%E9%A5%BC%E5%B9%B2,0.0
4,并且,bing qie,bìng qiě,bing4 qie3,and,连,https://api.wohuimandarin.com/nls/tts?text=%E5%B9%B6%E4%B8%94,0.0
4,博士,bo shi,bó shì,bo2 shi4,doctor,名,https://api.wohuimandarin.com/nls/tts?text=%E5%8D%9A%E5%A3%AB,0.0
4,不过,bu guo,bú guò,bu2 guo4,however,连,https://api.wohuimandarin.com/nls/tts?text=%E4%B8%8D%E8%BF%87,0.0
4,不得不,bu de bu,bù dé bù,bu4 de2 bu4,to have to,,https://api.wohuimandarin.com/nls/tts?text=%E4%B8%8D%E5%BE%97%E4%B8%8D,0.0
4,部分,bu fen,bù fen,bu4 fen5,part; section; portion,名,https://api.wohuimandarin.com/nls/tts?text=%E9%83%A8%E5%88%86,0.0
4,不管,bu guan,bù guǎn,bu4 guan3,regardless of; no matter (what/how),连,https://api.wohuimandarin.com/nls/tts?text=%E4%B8%8D%E7%AE%A1,0.0
4,不仅,bu jin,bù jǐn,bu4 jin3,not only [this one],连,https://api.wohuimandarin.com/nls/tts?text=%E4%B8%8D%E4%BB%85,0.0
4,擦,ca,cā,ca1,rub,动,https://api.wohuimandarin.com/nls/tts?text=c%C4%81,0.0
4,猜,cai,cāi,cai1,guess,动,https://api.wohuimandarin.com/nls/tts?text=c%C4%81i,1.0
4,材料,cai liao,cái liào,cai2 liao4,material,名,https://api.wohuimandarin.com/nls/tts?text=%E6%9D%90%E6%96%99,0.0
4,参观,can guan,cān guān,can1 guan1,to visit (a place; a museum; etc.),动,https://api.wohuimandarin.com/nls/tts?text=%E5%8F%82%E8%A7%82,0.0
4,餐厅,can ting,cān tīng,can1 ting1,canteen,名,https://api.wohuimandarin.com/nls/tts?text=%E9%A4%90%E5%8E%85,0.0
4,厕所,ce suo,cè suǒ,ce4 suo3,toilets; lavatory,名,https://api.wohuimandarin.com/nls/tts?text=%E5%8E%95%E6%89%80,0.0
4,差不多,cha bu duo,chà bu duō,cha4 bu5 duo1,almost,副/形,https://api.wohuimandarin.com/nls/tts?text=%E5%B7%AE%E4%B8%8D%E5%A4%9A,0.0
4,长城,chang cheng,Cháng chéng,chang2 cheng2,The Great Wall,名,https://api.wohuimandarin.com/nls/tts?text=%E9%95%BF%E5%9F%8E,0.0
4,长江,chang jiang,Cháng jiāng,chang2 jiang1,Yangtze River,名,https://api.wohuimandarin.com/nls/tts?text=%E9%95%BF%E6%B1%9F,0.0
4,场,chang,chǎng,chang3,"[a level open space (eg. a threshing ground, market, sports field, square etc)]",量,https://api.wohuimandarin.com/nls/tts?text=ch%C7%8Eng,0.0
4,超过,chao guo,chāo guò,chao1 guo4,exceed,动,https://api.wohuimandarin.com/nls/tts?text=%E8%B6%85%E8%BF%87,0.0
4,成功,cheng gong,chéng gōng,cheng2 gong1,success; successful,动/形,https://api.wohuimandarin.com/nls/tts?text=%E6%88%90%E5%8A%9F,4.0
4,诚实,cheng shi,chéng shí,cheng2 shi2,honest,形,https://api.wohuimandarin.com/nls/tts?text=%E8%AF%9A%E5%AE%9E,0.0
4,成为,cheng wei,chéng wéi,cheng2 wei2,become,动,https://api.wohuimandarin.com/nls/tts?text=%E6%88%90%E4%B8%BA,5.0
4,乘坐,cheng zuo,chéng zuò,cheng2 zuo4,to ride (in a vehicle),动,https://api.wohuimandarin.com/nls/tts?text=%E4%B9%98%E5%9D%90,0.0
4,吃惊,chi jing,chī jīng,chi1 jing1,to be startled,动,https://api.wohuimandarin.com/nls/tts?text=%E5%90%83%E6%83%8A,0.0
4,重新,chong xin,chóng xīn,chong2 xin1,again,副,https://api.wohuimandarin.com/nls/tts?text=%E9%87%8D%E6%96%B0,2.0
4,抽烟,chou yan,chōu yān,chou1 yan1,to smoke,动,https://api.wohuimandarin.com/nls/tts?text=%E6%8A%BD%E7%83%9F,0.0
4,出差,chu chai,chū chāi,chu1 chai1,go on business trip,动,https://api.wohuimandarin.com/nls/tts?text=%E5%87%BA%E5%B7%AE,0.0
4,出发,chu fa,chū fā,chu1 fa1,set off; depart,动,https://api.wohuimandarin.com/nls/tts?text=%E5%87%BA%E5%8F%91,0.0
4,出生,chu sheng,chū shēng,chu1 sheng1,birth; to be born,动,https://api.wohuimandarin.com/nls/tts?text=%E5%87%BA%E7%94%9F,0.0
4,出现,chu xian,chū xiàn,chu1 xian4,emerge,动,https://api.wohuimandarin.com/nls/tts?text=%E5%87%BA%E7%8E%B0,5.0
4,厨房,chu fang,chú fáng,chu2 fang2,kitchen,名,https://api.wohuimandarin.com/nls/tts?text=%E5%8E%A8%E6%88%BF,0.0
4,传真,chuan zhen,chuán zhēn,chuan2 zhen1,fax,名,https://api.wohuimandarin.com/nls/tts?text=%E4%BC%A0%E7%9C%9F,0.0
4,窗户,chuang hu,chuāng hu,chuang1 hu5,window,名,https://api.wohuimandarin.com/nls/tts?text=%E7%AA%97%E6%88%B7,0.0
4,词语,ci yu,cí yǔ,ci2 yu3,words and expressions,名,https://api.wohuimandarin.com/nls/tts?text=%E8%AF%8D%E8%AF%AD,0.0
4,从来,cong lai,cóng lái,cong2 lai2,always,副,https://api.wohuimandarin.com/nls/tts?text=%E4%BB%8E%E6%9D%A5,0.0
4,粗心,cu xin,cū xīn,cu1 xin1,careless,形,https://api.wohuimandarin.com/nls/tts?text=%E7%B2%97%E5%BF%83,0.0
4,存,cun,cún,cun2,store; keep; survive,动,https://api.wohuimandarin.com/nls/tts?text=c%C3%BAn,0.0
4,错误,cuo wu,cuò wù,cuo4 wu4,error; mistake,名/形,https://api.wohuimandarin.com/nls/tts?text=%E9%94%99%E8%AF%AF,0.0
4,答案,da an,dá àn,da2 an4,answer,名,https://api.wohuimandarin.com/nls/tts?text=%E7%AD%94%E6%A1%88,0.0
4,打扮,da ban,dǎ ban,da3 ban5,to decorate,动,https://api.wohuimandarin.com/nls/tts?text=%E6%89%93%E6%89%AE,0.0
4,打扰,da rao,dǎ rǎo,da3 rao3,disturb,动,https://api.wohuimandarin.com/nls/tts?text=%E6%89%93%E6%89%B0,0.0
4,打印,da yin,dǎ yìn,da3 yin4,print,动,https://api.wohuimandarin.com/nls/tts?text=%E6%89%93%E5%8D%B0,0.0
4,打招呼,da zhao hu,dǎ zhāo hu,da3 zhao1 hu5,greet somebody,,https://api.wohuimandarin.com/nls/tts?text=%E6%89%93%E6%8B%9B%E5%91%BC,0.0
4,打折,da zhe,dǎ zhé,da3 zhe2,to give a discount,动,https://api.wohuimandarin.com/nls/tts?text=%E6%89%93%E6%8A%98,0.0
4,打针,da zhen,dǎ zhēn,da3 zhen1,give/have an injection,动,https://api.wohuimandarin.com/nls/tts?text=%E6%89%93%E9%92%88,0.0
4,大概,da gai,dà gài,da4 gai4,probably; maybe,副,https://api.wohuimandarin.com/nls/tts?text=%E5%A4%A7%E6%A6%82,1.0
4,大使馆,da shi guan,dà shǐ guǎn,da4 shi3 guan3,embassy,名,https://api.wohuimandarin.com/nls/tts?text=%E5%A4%A7%E4%BD%BF%E9%A6%86,0.0
4,大约,da yue,dà yuē,da4 yue1,approximately; around; about,形/副,https://api.wohuimandarin.com/nls/tts?text=%E5%A4%A7%E7%BA%A6,0.0
4,戴,dai,dài,dai4,to wear (accessories),动,https://api.wohuimandarin.com/nls/tts?text=d%C3%A0i,0.0
4,大夫,dai fu,dài fu,dai4 fu5,doctor,名,https://api.wohuimandarin.com/nls/tts?text=%E5%A4%A7%E5%A4%AB,0.0
4,当,dang,dāng,dang1,work as,介,https://api.wohuimandarin.com/nls/tts?text=d%C4%81ng,0.0
4,当时,dang shi,dāng shí,dang1 shi2,at that time,名,https://api.wohuimandarin.com/nls/tts?text=%E5%BD%93%E6%97%B6,0.0
4,刀,dao,dāo,dao1,knife,名,https://api.wohuimandarin.com/nls/tts?text=d%C4%81o,4.0
4,导游,dao you,dǎo yóu,dao3 you2,lead a site-seeing tour,名,https://api.wohuimandarin.com/nls/tts?text=%E5%AF%BC%E6%B8%B8,0.0
4,倒,dao,dào,dao4,to reverse; turn upside down; to pour,动,https://api.wohuimandarin.com/nls/tts?text=d%C3%A0o,1.0
4,到处,dao chu,dào chù,dao4 chu4,everywhere,副,https://api.wohuimandarin.com/nls/tts?text=%E5%88%B0%E5%A4%84,0.0
4,到底,dao di,dào dǐ,dao4 di3,in the end,副,https://api.wohuimandarin.com/nls/tts?text=%E5%88%B0%E5%BA%95,1.0
4,道歉,dao qian,dào qiàn,dao4 qian4,apology,动,https://api.wohuimandarin.com/nls/tts?text=%E9%81%93%E6%AD%89,1.0
4,得,de,de,de0,feel,助动,https://api.wohuimandarin.com/nls/tts?text=de,0.0
4,得意,de yi,dé yì,de2 yi4,proud of oneself,形,https://api.wohuimandarin.com/nls/tts?text=%E5%BE%97%E6%84%8F,0.0
4,登机牌,deng ji pai,dēng jī pái,deng1 ji1 pai2,boarding pass,名,https://api.wohuimandarin.com/nls/tts?text=%E7%99%BB%E6%9C%BA%E7%89%8C,0.0
4,等,deng,děng,deng3,etc.,助,https://api.wohuimandarin.com/nls/tts?text=d%C4%9Bng,0.0
4,低,di,dī,di1,low,形,https://api.wohuimandarin.com/nls/tts?text=d%C4%AB,0.0
4,底,di,dǐ,di3,bottom,名,https://api.wohuimandarin.com/nls/tts?text=d%C7%90,0.0
4,地点,di dian,dì diǎn,di4 dian3,location,名,https://api.wohuimandarin.com/nls/tts?text=%E5%9C%B0%E7%82%B9,0.0
4,地球,di qiu,dì qiú,di4 qiu2,earth,名,https://api.wohuimandarin.com/nls/tts?text=%E5%9C%B0%E7%90%83,0.0
4,地址,di zhi,dì zhǐ,di4 zhi3,address,名,https://api.wohuimandarin.com/nls/tts?text=%E5%9C%B0%E5%9D%80,0.0
4,掉,diao,diào,diao4,lose; [as a complement after some verbs to indicate result of action],动,https://api.wohuimandarin.com/nls/tts?text=di%C3%A0o,1.0
4,调查,diao cha,diào chá,diao4 cha2,investigation,动,https://api.wohuimandarin.com/nls/tts?text=%E8%B0%83%E6%9F%A5,0.0
4,丢,diu,diū,diu1,lose,动,https://api.wohuimandarin.com/nls/tts?text=di%C5%AB,0.0
4,动作,dong zuo,dòng zuò,dong4 zuo4,movement,名,https://api.wohuimandarin.com/nls/tts?text=%E5%8A%A8%E4%BD%9C,3.0
4,堵车,du che,dǔ chē,du3 che1,traffic jam,动,https://api.wohuimandarin.com/nls/tts?text=%E5%A0%B5%E8%BD%A6,0.0
4,肚子,du zi,dù zi,du4 zi5,belly,名,https://api.wohuimandarin.com/nls/tts?text=%E8%82%9A%E5%AD%90,0.0
4,短信,duan xin,duǎn xìn,duan3 xin4,text message; SMS,名,https://api.wohuimandarin.com/nls/tts?text=%E7%9F%AD%E4%BF%A1,0.0
4,对话,dui hua,duì huà,dui4 hua4,dialogue,动,https://api.wohuimandarin.com/nls/tts?text=%E5%AF%B9%E8%AF%9D,0.0
4,对面,dui mian,duì miàn,dui4 mian4,opposite,名,https://api.wohuimandarin.com/nls/tts?text=%E5%AF%B9%E9%9D%A2,0.0
4,对于,dui yu,duì yú,dui4 yu2,about; with regard to,介,https://api.wohuimandarin.com/nls/tts?text=%E5%AF%B9%E4%BA%8E,0.0
4,而,er,ér,er2,and; while,连,https://api.wohuimandarin.com/nls/tts?text=%C3%A9r,0.0
4,儿童,er tong,ér tóng,er2 tong2,child; children,名,https://api.wohuimandarin.com/nls/tts?text=%E5%84%BF%E7%AB%A5,0.0
4,发生,fa sheng,fā shēng,fa1 sheng1,happen,动,https://api.wohuimandarin.com/nls/tts?text=%E5%8F%91%E7%94%9F,5.0
4,发展,fa zhan,fā zhǎn,fa1 zhan3,develop,动,https://api.wohuimandarin.com/nls/tts?text=%E5%8F%91%E5%B1%95,0.0
4,法律,fa lv,fǎ lǜ,fa3 lv4,law,名,https://api.wohuimandarin.com/nls/tts?text=%E6%B3%95%E5%BE%8B,0.0
4,翻译,fan yi,fān yì,fan1 yi4,to translate,名/动,https://api.wohuimandarin.com/nls/tts?text=%E7%BF%BB%E8%AF%91,0.0
4,烦恼,fan nao,fán nǎo,fan2 nao3,to be worried,形,https://api.wohuimandarin.com/nls/tts?text=%E7%83%A6%E6%81%BC,0.0
4,反对,fan dui,fǎn duì,fan3 dui4,to fight against; to opposed to something,动,https://api.wohuimandarin.com/nls/tts?text=%E5%8F%8D%E5%AF%B9,0.0
4,方法,fang fa,fāng fǎ,fang1 fa3,method,名,https://api.wohuimandarin.com/nls/tts?text=%E6%96%B9%E6%B3%95,0.0
4,方面,fang mian,fāng miàn,fang1 mian4,aspect,名,https://api.wohuimandarin.com/nls/tts?text=%E6%96%B9%E9%9D%A2,0.0
4,方式,fang shi,fāng shì,fang1 shi4,way; fashion; pattern,名,https://api.wohuimandarin.com/nls/tts?text=%E6%96%B9%E5%BC%8F,0.0
4,方向,fang xiang,fāng xiàng,fang1 xiang4,direction,名,https://api.wohuimandarin.com/nls/tts?text=%E6%96%B9%E5%90%91,0.0
4,房东,fang dong,fáng dōng,fang2 dong1,landlord/landlady,名,https://api.wohuimandarin.com/nls/tts?text=%E6%88%BF%E4%B8%9C,0.0
4,放弃,fang qi,fàng qì,fang4 qi4,to renounce,动,https://api.wohuimandarin.com/nls/tts?text=%E6%94%BE%E5%BC%83,3.0
4,放暑假,fang shu jia,fàng shǔ jià,fang4 shu3 jia4,to be on summer vacation,,https://api.wohuimandarin.com/nls/tts?text=%E6%94%BE%E6%9A%91%E5%81%87,0.0
4,放松,fang song,fàng sōng,fang4 song1,to relax; slacken; loosen,动,https://api.wohuimandarin.com/nls/tts?text=%E6%94%BE%E6%9D%BE,0.0
4,份,fen,fèn,fen4,portion,量,https://api.wohuimandarin.com/nls/tts?text=f%C3%A8n,0.0
4,丰富,feng fu,fēng fù,feng1 fu4,enrich; abundant rich; plentiful,形,https://api.wohuimandarin.com/nls/tts?text=%E4%B8%B0%E5%AF%8C,0.0
4,否则,fou ze,fǒu zé,fou3 ze2,if not,连,https://api.wohuimandarin.com/nls/tts?text=%E5%90%A6%E5%88%99,0.0
4,符合,fu he,fú hé,fu2 he2,tally with; accord with,动,https://api.wohuimandarin.com/nls/tts?text=%E7%AC%A6%E5%90%88,0.0
4,富,fu,fù,fu4,rich,形,https://api.wohuimandarin.com/nls/tts?text=f%C3%B9,0.0
4,付款,fu kuan,fù kuǎn,fu4 kuan3,pay a sum of money,动,https://api.wohuimandarin.com/nls/tts?text=%E4%BB%98%E6%AC%BE,0.0
4,父亲,fu qin,fù qīn,fu4 qin1,father,名,https://api.wohuimandarin.com/nls/tts?text=%E7%88%B6%E4%BA%B2,0.0
4,复印,fu yin,fù yìn,fu4 yin4,to photocopy,动,https://api.wohuimandarin.com/nls/tts?text=%E5%A4%8D%E5%8D%B0,0.0
4,复杂,fu za,fù zá,fu4 za2,complicated,形,https://api.wohuimandarin.com/nls/tts?text=%E5%A4%8D%E6%9D%82,4.0
4,负责,fu ze,fù zé,fu4 ze2,responsible for,动,https://api.wohuimandarin.com/nls/tts?text=%E8%B4%9F%E8%B4%A3,0.0
4,改变,gai bian,gǎi biàn,gai3 bian4,to change,动,https://api.wohuimandarin.com/nls/tts?text=%E6%94%B9%E5%8F%98,5.0
4,干杯,gan bei,gān bēi,gan1 bei1,cheers,动,https://api.wohuimandarin.com/nls/tts?text=%E5%B9%B2%E6%9D%AF,0.0
4,赶,gan,gǎn,gan3,to catch up,动,https://api.wohuimandarin.com/nls/tts?text=g%C7%8En,0.0
4,敢,gan,gǎn,gan3,dare to,动,https://api.wohuimandarin.com/nls/tts?text=g%C7%8En,0.0
4,感动,gan dong,gǎn dòng,gan3 dong4,move (emotionally),动,https://api.wohuimandarin.com/nls/tts?text=%E6%84%9F%E5%8A%A8,0.0
4,感觉,gan jue,gǎn jué,gan3 jue2,feel,动,https://api.wohuimandarin.com/nls/tts?text=%E6%84%9F%E8%A7%89,0.0
4,感情,gan qing,gǎn qíng,gan3 qing2,feeling,名,https://api.wohuimandarin.com/nls/tts?text=%E6%84%9F%E6%83%85,0.0
4,感谢,gan xie,gǎn xiè,gan3 xie4,to thank,动,https://api.wohuimandarin.com/nls/tts?text=%E6%84%9F%E8%B0%A2,0.0
4,干,gan,gàn,gan4,trunk; main part; do; work,动,https://api.wohuimandarin.com/nls/tts?text=g%C3%A0n,0.0
4,刚,gang,gāng,gang1,just,副,https://api.wohuimandarin.com/nls/tts?text=g%C4%81ng,0.0
4,高速公路,gao su gong lu,gāo sù gōng lù,gao1 su4 gong1 lu4,expressway; motorway; freeway,,https://api.wohuimandarin.com/nls/tts?text=%E9%AB%98%E9%80%9F%E5%85%AC%E8%B7%AF,0.0
4,胳膊,ge bo,gē bo,ge1 bo5,arm,名,https://api.wohuimandarin.com/nls/tts?text=%E8%83%B3%E8%86%8A,0.0
4,各,ge,gè,ge4,each,代,https://api.wohuimandarin.com/nls/tts?text=g%C3%A8,0.0
4,功夫,gong fu,gōng fu,gong1 fu5,labour; ability; kung fu,名,https://api.wohuimandarin.com/nls/tts?text=%E5%8A%9F%E5%A4%AB,5.0
4,公里,gong li,gōng lǐ,gong1 li3,kilometre,量,https://api.wohuimandarin.com/nls/tts?text=%E5%85%AC%E9%87%8C,0.0
4,工资,gong zi,gōng zī,gong1 zi1,wage; salary,名,https://api.wohuimandarin.com/nls/tts?text=%E5%B7%A5%E8%B5%84,0.0
4,共同,gong tong,gòng tóng,gong4 tong2,jointly,形,https://api.wohuimandarin.com/nls/tts?text=%E5%85%B1%E5%90%8C,0.0
4,够,gou,gòu,gou4,enough,动,https://api.wohuimandarin.com/nls/tts?text=g%C3%B2u,0.0
4,购物,gou wu,gòu wù,gou4 wu4,shopping,动,https://api.wohuimandarin.com/nls/tts?text=%E8%B4%AD%E7%89%A9,0.0
4,估计,gu ji,gū jì,gu1 ji4,to estimate,动,https://api.wohuimandarin.com/nls/tts?text=%E4%BC%B0%E8%AE%A1,1.0
4,鼓励,gu li,gǔ lì,gu3 li4,encourage,动,https://api.wohuimandarin.com/nls/tts?text=%E9%BC%93%E5%8A%B1,0.0
4,顾客,gu ke,gù kè,gu4 ke4,customer,名,https://api.wohuimandarin.com/nls/tts?text=%E9%A1%BE%E5%AE%A2,0.0
4,故意,gu yi,gù yì,gu4 yi4,intentional,副,https://api.wohuimandarin.com/nls/tts?text=%E6%95%85%E6%84%8F,2.0
4,挂,gua,guà,gua4,hang up,动,https://api.wohuimandarin.com/nls/tts?text=gu%C3%A0,0.0
4,关键,guan jian,guān jiàn,guan1 jian4,crucial (point),名,https://api.wohuimandarin.com/nls/tts?text=%E5%85%B3%E9%94%AE,0.0
4,观众,guan zhong,guān zhòng,guan1 zhong4,audience,名,https://api.wohuimandarin.com/nls/tts?text=%E8%A7%82%E4%BC%97,0.0
4,管理,guan li,guǎn lǐ,guan3 li3,to supervise,动,https://api.wohuimandarin.com/nls/tts?text=%E7%AE%A1%E7%90%86,0.0
4,光,guang,guāng,guang1,light,副/形,https://api.wohuimandarin.com/nls/tts?text=gu%C4%81ng,0.0
4,广播,guang bo,guǎng bō,guang3 bo1,broadcast,名,https://api.wohuimandarin.com/nls/tts?text=%E5%B9%BF%E6%92%AD,0.0
4,广告,guang gao,guǎng gào,guang3 gao4,advertisement,名,https://api.wohuimandarin.com/nls/tts?text=%E5%B9%BF%E5%91%8A,0.0
4,逛,guang,guàng,guang4,stroll,动,https://api.wohuimandarin.com/nls/tts?text=gu%C3%A0ng,0.0
4,规定,gui ding,guī dìng,gui1 ding4,rule,名,https://api.wohuimandarin.com/nls/tts?text=%E8%A7%84%E5%AE%9A,0.0
4,国籍,guo ji,guó jí,guo2 ji2,nationality,名,https://api.wohuimandarin.com/nls/tts?text=%E5%9B%BD%E7%B1%8D,0.0
4,国际,guo ji,guó jì,guo2 ji4,international,形,https://api.wohuimandarin.com/nls/tts?text=%E5%9B%BD%E9%99%85,0.0
4,果汁,guo zhi,guǒ zhī,guo3 zhi1,fruit juice,名,https://api.wohuimandarin.com/nls/tts?text=%E6%9E%9C%E6%B1%81,0.0
4,过程,guo cheng,guò chéng,guo4 cheng2,course of events,名,https://api.wohuimandarin.com/nls/tts?text=%E8%BF%87%E7%A8%8B,1.0
4,海洋,hai yang,hǎi yáng,hai3 yang2,ocean,名,https://api.wohuimandarin.com/nls/tts?text=%E6%B5%B7%E6%B4%8B,0.0
4,害羞,hai xiu,hài xiū,hai4 xiu1,shy,形,https://api.wohuimandarin.com/nls/tts?text=%E5%AE%B3%E7%BE%9E,0.0
4,寒假,han jia,hán jià,han2 jia4,winter holiday,名,https://api.wohuimandarin.com/nls/tts?text=%E5%AF%92%E5%81%87,0.0
4,汗,han,hàn,han4,sweat,名,https://api.wohuimandarin.com/nls/tts?text=h%C3%A0n,0.0
4,航班,hang ban,háng bān,hang2 ban1,flight,名,https://api.wohuimandarin.com/nls/tts?text=%E8%88%AA%E7%8F%AD,0.0
4,好处,hao chu,hǎo chu,hao3 chu5,advantage; benefit,名,https://api.wohuimandarin.com/nls/tts?text=%E5%A5%BD%E5%A4%84,0.0
4,好像,hao xiang,hǎo xiàng,hao3 xiang4,to seem,副,https://api.wohuimandarin.com/nls/tts?text=%E5%A5%BD%E5%83%8F,5.0
4,号码,hao ma,hào mǎ,hao4 ma3,number,名,https://api.wohuimandarin.com/nls/tts?text=%E5%8F%B7%E7%A0%81,0.0
4,合格,he ge,hé gé,he2 ge2,qualified,形,https://api.wohuimandarin.com/nls/tts?text=%E5%90%88%E6%A0%BC,0.0
4,合适,he shi,hé shì,he2 shi4,suitable,形,https://api.wohuimandarin.com/nls/tts?text=%E5%90%88%E9%80%82,2.0
4,盒子,he zi,hé zi,he2 zi5,small box,名,https://api.wohuimandarin.com/nls/tts?text=%E7%9B%92%E5%AD%90,0.0
4,厚,hou,hòu,hou4,thick,形,https://api.wohuimandarin.com/nls/tts?text=h%C3%B2u,0.0
4,后悔,hou hui,hòu huǐ,hou4 hui3,to regret,动,https://api.wohuimandarin.com/nls/tts?text=%E5%90%8E%E6%82%94,4.0
4,互联网,hu lian wang,hù lián wǎng,hu4 lian2 wang3,Internet,名,https://api.wohuimandarin.com/nls/tts?text=%E4%BA%92%E8%81%94%E7%BD%91,0.0
4,护士,hu shi,hù shi,hu4 shi5,nurse,名,https://api.wohuimandarin.com/nls/tts?text=%E6%8A%A4%E5%A3%AB,0.0
4,互相,hu xiang,hù xiāng,hu4 xiang1,each other,副,https://api.wohuimandarin.com/nls/tts?text=%E4%BA%92%E7%9B%B8,0.0
4,怀疑,huai yi,huái yí,huai2 yi2,doubt,动,https://api.wohuimandarin.com/nls/tts?text=%E6%80%80%E7%96%91,2.0
4,回忆,hui yi,huí yì,hui2 yi4,to recall,动,https://api.wohuimandarin.com/nls/tts?text=%E5%9B%9E%E5%BF%86,0.0
4,活动,huo dong,huó dòng,huo2 dong4,activity,动/名,https://api.wohuimandarin.com/nls/tts?text=%E6%B4%BB%E5%8A%A8,0.0
4,活泼,huo po,huó po,huo2 po5,brisk; lively,形,https://api.wohuimandarin.com/nls/tts?text=%E6%B4%BB%E6%B3%BC,0.0
4,火,huo,huǒ,huo3,fire,名,https://api.wohuimandarin.com/nls/tts?text=hu%C7%92,3.0
4,获得,huo de,huò dé,huo4 de2,obtain; win,动,https://api.wohuimandarin.com/nls/tts?text=%E8%8E%B7%E5%BE%97,1.0
4,基础,ji chu,jī chǔ,ji1 chu3,base,名,https://api.wohuimandarin.com/nls/tts?text=%E5%9F%BA%E7%A1%80,1.0
4,激动,ji dong,jī dòng,ji1 dong4,to excite,形,https://api.wohuimandarin.com/nls/tts?text=%E6%BF%80%E5%8A%A8,1.0
4,积极,ji ji,jī jí,ji1 ji2,active,形,https://api.wohuimandarin.com/nls/tts?text=%E7%A7%AF%E6%9E%81,0.0
4,积累,ji lei,jī lěi,ji1 lei3,to accumulate,动,https://api.wohuimandarin.com/nls/tts?text=%E7%A7%AF%E7%B4%AF,0.0
4,及时,ji shi,jí shí,ji2 shi2,in time,形/副,https://api.wohuimandarin.com/nls/tts?text=%E5%8F%8A%E6%97%B6,0.0
4,即使,ji shi,jí shǐ,ji2 shi3,even if,连,https://api.wohuimandarin.com/nls/tts?text=%E5%8D%B3%E4%BD%BF,3.0
4,寄,ji,jì,ji4,to send (mail; post),动,https://api.wohuimandarin.com/nls/tts?text=j%C3%AC,0.0
4,计划,ji hua,jì huà,ji4 hua4,plan,名,https://api.wohuimandarin.com/nls/tts?text=%E8%AE%A1%E5%88%92,0.0
4,既然,ji ran,jì rán,ji4 ran2,since,连,https://api.wohuimandarin.com/nls/tts?text=%E6%97%A2%E7%84%B6,1.0
4,技术,ji shu,jì shù,ji4 shu4,technology,名,https://api.wohuimandarin.com/nls/tts?text=%E6%8A%80%E6%9C%AF,0.0
4,继续,ji xu,jì xù,ji4 xu4,to carry on; continue,动,https://api.wohuimandarin.com/nls/tts?text=%E7%BB%A7%E7%BB%AD,0.0
4,记者,ji zhe,jì zhě,ji4 zhe3,journalist,名,https://api.wohuimandarin.com/nls/tts?text=%E8%AE%B0%E8%80%85,0.0
4,加班,jia ban,jiā bān,jia1 ban1,over work,动,https://api.wohuimandarin.com/nls/tts?text=%E5%8A%A0%E7%8F%AD,0.0
4,家具,jia ju,jiā jù,jia1 ju4,furniture,名,https://api.wohuimandarin.com/nls/tts?text=%E5%AE%B6%E5%85%B7,0.0
4,加油站,jia you zhan,jiā yóu zhàn,jia1 you2 zhan4,petrol station,名,https://api.wohuimandarin.com/nls/tts?text=%E5%8A%A0%E6%B2%B9%E7%AB%99,0.0
4,假,jia,jiǎ,jia3,false,形,https://api.wohuimandarin.com/nls/tts?text=ji%C7%8E,1.0
4,价格,jia ge,jià gé,jia4 ge2,price,名,https://api.wohuimandarin.com/nls/tts?text=%E4%BB%B7%E6%A0%BC,0.0
4,坚持,jian chi,jiān chí,jian1 chi2,to persevere with,动,https://api.wohuimandarin.com/nls/tts?text=%E5%9D%9A%E6%8C%81,1.0
4,减肥,jian fei,jiǎn féi,jian3 fei2,to lose weight,动,https://api.wohuimandarin.com/nls/tts?text=%E5%87%8F%E8%82%A5,0.0
4,减少,jian shao,jiǎn shǎo,jian3 shao3,to reduce; to cut back; decrease,动,https://api.wohuimandarin.com/nls/tts?text=%E5%87%8F%E5%B0%91,0.0
4,建议,jian yi,jiàn yì,jian4 yi4,to propose; suggest; recommend,动,https://api.wohuimandarin.com/nls/tts?text=%E5%BB%BA%E8%AE%AE,0.0
4,将来,jiang lai,jiāng lái,jiang1 lai2,in the future; future,名,https://api.wohuimandarin.com/nls/tts?text=%E5%B0%86%E6%9D%A5,0.0
4,奖金,jiang jin,jiǎng jīn,jiang3 jin1,premium,名,https://api.wohuimandarin.com/nls/tts?text=%E5%A5%96%E9%87%91,0.0
4,降低,jiang di,jiàng dī,jiang4 di1,to reduce,动,https://api.wohuimandarin.com/nls/tts?text=%E9%99%8D%E4%BD%8E,0.0
4,降落,jiang luo,jiàng luò,jiang4 luo4,to land [plane]; to descend,动,https://api.wohuimandarin.com/nls/tts?text=%E9%99%8D%E8%90%BD,0.0
4,交,jiao,jiāo,jiao1,exchange to hand over; to accociate with,动,https://api.wohuimandarin.com/nls/tts?text=ji%C4%81o,0.0
4,骄傲,jiao ao,jiāo ào,jiao1 ao4,proud; arrogant,形,https://api.wohuimandarin.com/nls/tts?text=%E9%AA%84%E5%82%B2,1.0
4,交流,jiao liu,jiāo liú,jiao1 liu2,exchange; communication,动,https://api.wohuimandarin.com/nls/tts?text=%E4%BA%A4%E6%B5%81,0.0
4,郊区,jiao qu,jiāo qū,jiao1 qu1,suburbs; outskirts,名,https://api.wohuimandarin.com/nls/tts?text=%E9%83%8A%E5%8C%BA,0.0
4,交通,jiao tong,jiāo tōng,jiao1 tong1,transport; traffic,名,https://api.wohuimandarin.com/nls/tts?text=%E4%BA%A4%E9%80%9A,0.0
4,饺子,jiao zi,jiǎo zi,jiao3 zi5,dumpling,名,https://api.wohuimandarin.com/nls/tts?text=%E9%A5%BA%E5%AD%90,0.0
4,教授,jiao shou,jiào shòu,jiao4 shou4,professor,名,https://api.wohuimandarin.com/nls/tts?text=%E6%95%99%E6%8E%88,0.0
4,教育,jiao yu,jiào yù,jiao4 yu4,education,动/名,https://api.wohuimandarin.com/nls/tts?text=%E6%95%99%E8%82%B2,0.0
4,接受,jie shou,jiē shòu,jie1 shou4,accept,动,https://api.wohuimandarin.com/nls/tts?text=%E6%8E%A5%E5%8F%97,0.0
4,接着,jie zhe,jiē zhe,jie1 zhe5,to catch; to carry on,副,https://api.wohuimandarin.com/nls/tts?text=%E6%8E%A5%E7%9D%80,0.0
4,节,jie,jié,jie2,"festival; [measure word for something segmented (e.g. lesson; paragraph, railway coach, etc.)]",量,https://api.wohuimandarin.com/nls/tts?text=ji%C3%A9,0.0
4,结果,jie guo,jié guǒ,jie2 guo3,result; outcome; fruit,名,https://api.wohuimandarin.com/nls/tts?text=%E7%BB%93%E6%9E%9C,5.0
4,节约,jie yue,jié yuē,jie2 yue1,to save; economise,动,https://api.wohuimandarin.com/nls/tts?text=%E8%8A%82%E7%BA%A6,0.0
4,解释,jie shi,jiě shì,jie3 shi4,to justify; explanation,动,https://api.wohuimandarin.com/nls/tts?text=%E8%A7%A3%E9%87%8A,2.0
4,尽管,jin guan,jǐn guǎn,jin3 guan3,without hesitating; despite,连,https://api.wohuimandarin.com/nls/tts?text=%E5%B0%BD%E7%AE%A1,0.0
4,紧张,jin zhang,jǐn zhāng,jin3 zhang1,nervous; anxious,形,https://api.wohuimandarin.com/nls/tts?text=%E7%B4%A7%E5%BC%A0,2.0
4,进行,jin xing,jìn xíng,jin4 xing2,advance; progress,动,https://api.wohuimandarin.com/nls/tts?text=%E8%BF%9B%E8%A1%8C,0.0
4,禁止,jin zhi,jìn zhǐ,jin4 zhi3,to ban; prohibit; forbid,动,https://api.wohuimandarin.com/nls/tts?text=%E7%A6%81%E6%AD%A2,0.0
4,精彩,jing cai,jīng cǎi,jing1 cai3,brilliant,形,https://api.wohuimandarin.com/nls/tts?text=%E7%B2%BE%E5%BD%A9,3.0
4,经济,jing ji,jīng jì,jing1 ji4,economics,名,https://api.wohuimandarin.com/nls/tts?text=%E7%BB%8F%E6%B5%8E,0.0
4,京剧,jing ju,jīng jù,jing1 ju4,Beijing opera,名,https://api.wohuimandarin.com/nls/tts?text=%E4%BA%AC%E5%89%A7,0.0
4,经历,jing li,jīng lì,jing1 li4,experience,名/动,https://api.wohuimandarin.com/nls/tts?text=%E7%BB%8F%E5%8E%86,1.0
4,经验,jing yan,jīng yàn,jing1 yan4,experience,名,https://api.wohuimandarin.com/nls/tts?text=%E7%BB%8F%E9%AA%8C,0.0
4,警察,jing cha,jǐng chá,jing3 cha2,police,名,https://api.wohuimandarin.com/nls/tts?text=%E8%AD%A6%E5%AF%9F,0.0
4,景色,jing se,jǐng sè,jing3 se4,scenery; view; landscape,名,https://api.wohuimandarin.com/nls/tts?text=%E6%99%AF%E8%89%B2,0.0
4,竟然,jing ran,jìng rán,jing4 ran2,[indicates unexpectedness],副,https://api.wohuimandarin.com/nls/tts?text=%E7%AB%9F%E7%84%B6,1.0
4,竞争,jing zheng,jìng zhēng,jing4 zheng1,to compete,动,https://api.wohuimandarin.com/nls/tts?text=%E7%AB%9E%E4%BA%89,0.0
4,镜子,jing zi,jìng zi,jing4 zi5,mirror,名,https://api.wohuimandarin.com/nls/tts?text=%E9%95%9C%E5%AD%90,1.0
4,究竟,jiu jing,jiū jìng,jiu1 jing4,after all; when all is said and done,副,https://api.wohuimandarin.com/nls/tts?text=%E7%A9%B6%E7%AB%9F,0.0
4,举,ju,jǔ,ju3,raise up; hold up,动,https://api.wohuimandarin.com/nls/tts?text=j%C7%94,1.0
4,举办,ju ban,jǔ bàn,ju3 ban4,hold; conduct; run [an event],动,https://api.wohuimandarin.com/nls/tts?text=%E4%B8%BE%E5%8A%9E,0.0
4,举行,ju xing,jǔ xíng,ju3 xing2,hold (an event),动,https://api.wohuimandarin.com/nls/tts?text=%E4%B8%BE%E8%A1%8C,0.0
4,聚会,ju hui,jù huì,ju4 hui4,get together; meet; gathering,名,https://api.wohuimandarin.com/nls/tts?text=%E8%81%9A%E4%BC%9A,0.0
4,拒绝,ju jue,jù jué,ju4 jue2,to refuse,动,https://api.wohuimandarin.com/nls/tts?text=%E6%8B%92%E7%BB%9D,2.0
4,距离,ju li,jù lí,ju4 li2,distance; be away from,名,https://api.wohuimandarin.com/nls/tts?text=%E8%B7%9D%E7%A6%BB,0.0
4,开玩笑,kai wan xiao,kāi wán xiào,kai1 wan2 xiao4,joke,,https://api.wohuimandarin.com/nls/tts?text=%E5%BC%80%E7%8E%A9%E7%AC%91,1.0
4,开心,kai xin,kāi xīn,kai1 xin1,pleased; happy,形,https://api.wohuimandarin.com/nls/tts?text=%E5%BC%80%E5%BF%83,0.0
4,看法,kan fa,kàn fǎ,kan4 fa3,opinion,名,https://api.wohuimandarin.com/nls/tts?text=%E7%9C%8B%E6%B3%95,0.0
4,考虑,kao lv,kǎo lǜ,kao3 lv4,consider,动,https://api.wohuimandarin.com/nls/tts?text=%E8%80%83%E8%99%91,1.0
4,烤鸭,kao ya,kǎo yā,kao3 ya1,roast duck,名,https://api.wohuimandarin.com/nls/tts?text=%E7%83%A4%E9%B8%AD,0.0
4,棵,ke,kē,ke1,"individual [measure word for trees, cabbages, plants etc]",量,https://api.wohuimandarin.com/nls/tts?text=k%C4%93,0.0
4,科学,ke xue,kē xué,ke1 xue2,science,名,https://api.wohuimandarin.com/nls/tts?text=%E7%A7%91%E5%AD%A6,0.0
4,咳嗽,ke sou,ké sou,ke2 sou5,cough,动,https://api.wohuimandarin.com/nls/tts?text=%E5%92%B3%E5%97%BD,0.0
4,可怜,ke lian,kě lián,ke3 lian2,pitiful; to have pity on,形,https://api.wohuimandarin.com/nls/tts?text=%E5%8F%AF%E6%80%9C,2.0
4,可是,ke shi,kě shì,ke3 shi4,but,连,https://api.wohuimandarin.com/nls/tts?text=%E5%8F%AF%E6%98%AF,1.0
4,可惜,ke xi,kě xī,ke3 xi1,it's a pity,形,https://api.wohuimandarin.com/nls/tts?text=%E5%8F%AF%E6%83%9C,1.0
4,客厅,ke ting,kè tīng,ke4 ting1,living room,名,https://api.wohuimandarin.com/nls/tts?text=%E5%AE%A2%E5%8E%85,0.0
4,肯定,ken ding,kěn dìng,ken3 ding4,certain; definite,形/副,https://api.wohuimandarin.com/nls/tts?text=%E8%82%AF%E5%AE%9A,0.0
4,空,kong,kōng,kong1,air/space,形,https://api.wohuimandarin.com/nls/tts?text=k%C5%8Dng,0.0
4,空气,kong qi,kōng qì,kong1 qi4,air,名,https://api.wohuimandarin.com/nls/tts?text=%E7%A9%BA%E6%B0%94,0.0
4,恐怕,kong pa,kǒng pà,kong3 pa4,afraid,副,https://api.wohuimandarin.com/nls/tts?text=%E6%81%90%E6%80%95,1.0
4,苦,ku,kǔ,ku3,bitter,形,https://api.wohuimandarin.com/nls/tts?text=k%C7%94,0.0
4,矿泉水,kuang quan shui,kuàng quán shuǐ,kuang4 quan2 shui3,mineral water,名,https://api.wohuimandarin.com/nls/tts?text=%E7%9F%BF%E6%B3%89%E6%B0%B4,0.0
4,困,kun,kùn,kun4,difficulty; sleepy,形,https://api.wohuimandarin.com/nls/tts?text=k%C3%B9n,0.0
4,困难,kun nan,kùn nan,kun4 nan5,difficulty,名/形,https://api.wohuimandarin.com/nls/tts?text=%E5%9B%B0%E9%9A%BE,0.0
4,拉,la,lā,la1,to play (a bowed instrument) to pull,动,https://api.wohuimandarin.com/nls/tts?text=l%C4%81,0.0
4,垃圾桶,la ji tong,lā jī tǒng,la1 ji1 tong3,rubbish bin,名,https://api.wohuimandarin.com/nls/tts?text=%E5%9E%83%E5%9C%BE%E6%A1%B6,0.0
4,辣,la,là,la4,spicy,形,https://api.wohuimandarin.com/nls/tts?text=l%C3%A0,0.0
4,来不及,lai bu ji,lái bu jí,lai2 bu5 ji2,there's not enough time (to do something),动,https://api.wohuimandarin.com/nls/tts?text=%E6%9D%A5%E4%B8%8D%E5%8F%8A,0.0
4,来得及,lai de ji,lái de jí,lai2 de5 ji2,there's still time,动,https://api.wohuimandarin.com/nls/tts?text=%E6%9D%A5%E5%BE%97%E5%8F%8A,0.0
4,来自,lai zi,lái zì,lai2 zi4,come from,动,https://api.wohuimandarin.com/nls/tts?text=%E6%9D%A5%E8%87%AA,0.0
4,懒,lan,lǎn,lan3,lazy,形,https://api.wohuimandarin.com/nls/tts?text=l%C7%8En,0.0
4,浪费,lang fei,làng fèi,lang4 fei4,waste,动,https://api.wohuimandarin.com/nls/tts?text=%E6%B5%AA%E8%B4%B9,0.0
4,浪漫,lang man,làng màn,lang4 man4,romantic,形,https://api.wohuimandarin.com/nls/tts?text=%E6%B5%AA%E6%BC%AB,2.0
4,老虎,lao hu,lǎo hǔ,lao3 hu3,tiger,名,https://api.wohuimandarin.com/nls/tts?text=%E8%80%81%E8%99%8E,1.0
4,冷静,leng jing,lěng jìng,leng3 jing4,calm,形,https://api.wohuimandarin.com/nls/tts?text=%E5%86%B7%E9%9D%99,1.0
4,礼拜天,li bai tian,lǐ bài tiān,li3 bai4 tian1,Sunday,名,https://api.wohuimandarin.com/nls/tts?text=%E7%A4%BC%E6%8B%9C%E5%A4%A9,0.0
4,理发,li fa,lǐ fà,li3 fa4,hair-dressing,动,https://api.wohuimandarin.com/nls/tts?text=%E7%90%86%E5%8F%91,0.0
4,理解,li jie,lǐ jiě,li3 jie3,comprehend; understanding,动,https://api.wohuimandarin.com/nls/tts?text=%E7%90%86%E8%A7%A3,0.0
4,礼貌,li mao,lǐ mào,li3 mao4,courtesy; politeness,名,https://api.wohuimandarin.com/nls/tts?text=%E7%A4%BC%E8%B2%8C,0.0
4,理想,li xiang,lǐ xiǎng,li3 xiang3,ideal; ambition,名,https://api.wohuimandarin.com/nls/tts?text=%E7%90%86%E6%83%B3,0.0
4,厉害,li hai,lì hai,li4 hai5,difficult to deal with,形,https://api.wohuimandarin.com/nls/tts?text=%E5%8E%89%E5%AE%B3,5.0
4,力气,li qi,lì qi,li4 qi5,strength,名,https://api.wohuimandarin.com/nls/tts?text=%E5%8A%9B%E6%B0%94,0.0
4,例如,li ru,lì rú,li4 ru2,for example,动,https://api.wohuimandarin.com/nls/tts?text=%E4%BE%8B%E5%A6%82,0.0
4,俩,lia,liǎ,lia3,two; both (people),,https://api.wohuimandarin.com/nls/tts?text=li%C7%8E,0.0
4,连,lian,lián,lian2,connect,介,https://api.wohuimandarin.com/nls/tts?text=li%C3%A1n,0.0
4,联系,lian xi,lián xì,lian2 xi4,to make contact,动,https://api.wohuimandarin.com/nls/tts?text=%E8%81%94%E7%B3%BB,0.0
4,凉快,liang kuai,liáng kuai,liang2 kuai5,cool,形,https://api.wohuimandarin.com/nls/tts?text=%E5%87%89%E5%BF%AB,0.0
4,零钱,ling qian,líng qián,ling2 qian2,(small) change [money],名,https://api.wohuimandarin.com/nls/tts?text=%E9%9B%B6%E9%92%B1,0.0
4,另外,ling wai,lìng wài,ling4 wai4,another,连/代,https://api.wohuimandarin.com/nls/tts?text=%E5%8F%A6%E5%A4%96,0.0
4,留,liu,liú,liu2,remain,动,https://api.wohuimandarin.com/nls/tts?text=li%C3%BA,0.0
4,流利,liu li,liú lì,liu2 li4,fluent,形,https://api.wohuimandarin.com/nls/tts?text=%E6%B5%81%E5%88%A9,0.0
4,流行,liu xing,liú xíng,liu2 xing2,popular,动,https://api.wohuimandarin.com/nls/tts?text=%E6%B5%81%E8%A1%8C,0.0
4,乱,luan,luàn,luan4,chaotic,形,https://api.wohuimandarin.com/nls/tts?text=lu%C3%A0n,0.0
4,旅行,lv xing,lǚ xíng,lv3 xing2,to travel,动,https://api.wohuimandarin.com/nls/tts?text=%E6%97%85%E8%A1%8C,0.0
4,律师,lv shi,lǜ shī,lv4 shi1,lawyer,名,https://api.wohuimandarin.com/nls/tts?text=%E5%BE%8B%E5%B8%88,0.0
4,麻烦,ma fan,má fan,ma2 fan5,hassle; to trouble somebody,名/动,https://api.wohuimandarin.com/nls/tts?text=%E9%BA%BB%E7%83%A6,0.0
4,马虎,ma hu,mǎ hu,ma3 hu5,careless,形,https://api.wohuimandarin.com/nls/tts?text=%E9%A9%AC%E8%99%8E,0.0
4,满,man,mǎn,man3,reach a quota or limit; full,形,https://api.wohuimandarin.com/nls/tts?text=m%C7%8En,0.0
4,毛,mao,máo,mao2,hair; fur; crude,名,https://api.wohuimandarin.com/nls/tts?text=m%C3%A1o,0.0
4,毛巾,mao jin,máo jīn,mao2 jin1,towel,名,https://api.wohuimandarin.com/nls/tts?text=%E6%AF%9B%E5%B7%BE,0.0
4,美丽,mei li,měi lì,mei3 li4,pretty,形,https://api.wohuimandarin.com/nls/tts?text=%E7%BE%8E%E4%B8%BD,0.0
4,梦,meng,mèng,meng4,dream,名,https://api.wohuimandarin.com/nls/tts?text=m%C3%A8ng,3.0
4,迷路,mi lu,mí lù,mi2 lu4,lose the way; get lost,动,https://api.wohuimandarin.com/nls/tts?text=%E8%BF%B7%E8%B7%AF,0.0
4,密码,mi ma,mì mǎ,mi4 ma3,code,名,https://api.wohuimandarin.com/nls/tts?text=%E5%AF%86%E7%A0%81,0.0
4,免费,mian fei,miǎn fèi,mian3 fei4,free,动,https://api.wohuimandarin.com/nls/tts?text=%E5%85%8D%E8%B4%B9,0.0
4,秒,miao,miǎo,miao3,second,量,https://api.wohuimandarin.com/nls/tts?text=mi%C7%8Eo,0.0
4,民族,min zu,mín zú,min2 zu2,nationality,名,https://api.wohuimandarin.com/nls/tts?text=%E6%B0%91%E6%97%8F,0.0
4,母亲,mu qin,mǔ qīn,mu3 qin1,mother,名,https://api.wohuimandarin.com/nls/tts?text=%E6%AF%8D%E4%BA%B2,0.0
4,目的,mu di,mù dì,mu4 di4,objective; purpose,名,https://api.wohuimandarin.com/nls/tts?text=%E7%9B%AE%E7%9A%84,0.0
4,耐心,nai xin,nài xīn,nai4 xin1,patient,形,https://api.wohuimandarin.com/nls/tts?text=%E8%80%90%E5%BF%83,0.0
4,难道,nan dao,nán dào,nan2 dao4,could it be...?,副,https://api.wohuimandarin.com/nls/tts?text=%E9%9A%BE%E9%81%93,3.0
4,难受,nan shou,nán shòu,nan2 shou4,feel unwell; difficult to bear,形,https://api.wohuimandarin.com/nls/tts?text=%E9%9A%BE%E5%8F%97,0.0
4,内,nei,nèi,nei4,within,名,https://api.wohuimandarin.com/nls/tts?text=n%C3%A8i,0.0
4,内容,nei rong,nèi róng,nei4 rong2,content,名,https://api.wohuimandarin.com/nls/tts?text=%E5%86%85%E5%AE%B9,0.0
4,能力,neng li,néng lì,neng2 li4,skills; ability,名,https://api.wohuimandarin.com/nls/tts?text=%E8%83%BD%E5%8A%9B,2.0
4,年龄,nian ling,nián líng,nian2 ling2,age,名,https://api.wohuimandarin.com/nls/tts?text=%E5%B9%B4%E9%BE%84,0.0
4,弄,nong,nòng,nong4,play with; fix; manage,动,https://api.wohuimandarin.com/nls/tts?text=n%C3%B2ng,0.0
4,暖和,nuan huo,nuǎn huo,nuan3 huo5,warm,形,https://api.wohuimandarin.com/nls/tts?text=%E6%9A%96%E5%92%8C,0.0
4,偶尔,ou er,ǒu ěr,ou3 er3,occasionally,副,https://api.wohuimandarin.com/nls/tts?text=%E5%81%B6%E5%B0%94,0.0
4,排队,pai dui,pái duì,pai2 dui4,queue up; line up,动,https://api.wohuimandarin.com/nls/tts?text=%E6%8E%92%E9%98%9F,0.0
4,排列,pai lie,pái liè,pai2 lie4,array,动,https://api.wohuimandarin.com/nls/tts?text=%E6%8E%92%E5%88%97,0.0
4,判断,pan duan,pàn duàn,pan4 duan4,to decide,动,https://api.wohuimandarin.com/nls/tts?text=%E5%88%A4%E6%96%AD,0.0
4,陪,pei,péi,pei2,accompany,动,https://api.wohuimandarin.com/nls/tts?text=p%C3%A9i,0.0
4,批评,pi ping,pī píng,pi1 ping2,criticise,动,https://api.wohuimandarin.com/nls/tts?text=%E6%89%B9%E8%AF%84,0.0
4,皮肤,pi fu,pí fū,pi2 fu1,skin,名,https://api.wohuimandarin.com/nls/tts?text=%E7%9A%AE%E8%82%A4,0.0
4,脾气,pi qi,pí qi,pi2 qi5,temperament; disposition,名,https://api.wohuimandarin.com/nls/tts?text=%E8%84%BE%E6%B0%94,0.0
4,篇,pian,piān,pian1,sheet,量,https://api.wohuimandarin.com/nls/tts?text=pi%C4%81n,0.0
4,骗,pian,piàn,pian4,deceive; cheat,动,https://api.wohuimandarin.com/nls/tts?text=pi%C3%A0n,0.0
4,乒乓球,ping pang qiu,pīng pāng qiú,ping1 pang1 qiu2,table tennis; ping-pong,名,https://api.wohuimandarin.com/nls/tts?text=%E4%B9%92%E4%B9%93%E7%90%83,0.0
4,平时,ping shi,píng shí,ping2 shi2,ordinarily,名,https://api.wohuimandarin.com/nls/tts?text=%E5%B9%B3%E6%97%B6,0.0
4,破,po,pò,po4,break,动,https://api.wohuimandarin.com/nls/tts?text=p%C3%B2,0.0
4,葡萄,pu tao,pú tao,pu2 tao5,grapes,名,https://api.wohuimandarin.com/nls/tts?text=%E8%91%A1%E8%90%84,0.0
4,普遍,pu bian,pǔ biàn,pu3 bian4,universal,形,https://api.wohuimandarin.com/nls/tts?text=%E6%99%AE%E9%81%8D,0.0
4,普通话,pu tong hua,pǔ tōng huà,pu3 tong1 hua4,Standard Chinese [language],名,https://api.wohuimandarin.com/nls/tts?text=%E6%99%AE%E9%80%9A%E8%AF%9D,0.0
4,其次,qi ci,qí cì,qi2 ci4,next,代,https://api.wohuimandarin.com/nls/tts?text=%E5%85%B6%E6%AC%A1,0.0
4,其中,qi zhong,qí zhōng,qi2 zhong1,among which,名,https://api.wohuimandarin.com/nls/tts?text=%E5%85%B6%E4%B8%AD,0.0
4,气候,qi hou,qì hòu,qi4 hou4,climate,名,https://api.wohuimandarin.com/nls/tts?text=%E6%B0%94%E5%80%99,0.0
4,千万,qian wan,qiān wàn,qian1 wan4,ten million,副,https://api.wohuimandarin.com/nls/tts?text=%E5%8D%83%E4%B8%87,0.0
4,签证,qian zheng,qiān zhèng,qian1 zheng4,visa,名,https://api.wohuimandarin.com/nls/tts?text=%E7%AD%BE%E8%AF%81,0.0
4,敲,qiao,qiāo,qiao1,to hit,动,https://api.wohuimandarin.com/nls/tts?text=qi%C4%81o,0.0
4,桥,qiao,qiáo,qiao2,bridge,名,https://api.wohuimandarin.com/nls/tts?text=qi%C3%A1o,0.0
4,巧克力,qiao ke li,qiǎo kè lì,qiao3 ke4 li4,chocolate,名,https://api.wohuimandarin.com/nls/tts?text=%E5%B7%A7%E5%85%8B%E5%8A%9B,0.0
4,亲戚,qin qi,qīn qi,qin1 qi5,relatives,名,https://api.wohuimandarin.com/nls/tts?text=%E4%BA%B2%E6%88%9A,0.0
4,轻,qing,qīng,qing1,light-weight,形,https://api.wohuimandarin.com/nls/tts?text=q%C4%ABng,0.0
4,轻松,qing song,qīng sōng,qing1 song1,gentle,形,https://api.wohuimandarin.com/nls/tts?text=%E8%BD%BB%E6%9D%BE,0.0
4,情况,qing kuang,qíng kuàng,qing2 kuang4,happening,名,https://api.wohuimandarin.com/nls/tts?text=%E6%83%85%E5%86%B5,0.0
4,穷,qiong,qióng,qiong2,poor,形,https://api.wohuimandarin.com/nls/tts?text=qi%C3%B3ng,0.0
4,区别,qu bie,qū bié,qu1 bie2,difference,名,https://api.wohuimandarin.com/nls/tts?text=%E5%8C%BA%E5%88%AB,0.0
4,取,qu,qǔ,qu3,take; get,动,https://api.wohuimandarin.com/nls/tts?text=q%C7%94,0.0
4,全部,quan bu,quán bù,quan2 bu4,all,名,https://api.wohuimandarin.com/nls/tts?text=%E5%85%A8%E9%83%A8,0.0
4,缺点,que dian,quē diǎn,que1 dian3,disadvantage,名,https://api.wohuimandarin.com/nls/tts?text=%E7%BC%BA%E7%82%B9,0.0
4,缺少,que shao,quē shǎo,que1 shao3,lack,动,https://api.wohuimandarin.com/nls/tts?text=%E7%BC%BA%E5%B0%91,0.0
4,却,que,què,que4,but,副,https://api.wohuimandarin.com/nls/tts?text=qu%C3%A8,0.0
4,确实,que shi,què shí,que4 shi2,indeed,副,https://api.wohuimandarin.com/nls/tts?text=%E7%A1%AE%E5%AE%9E,0.0
4,然而,ran er,rán ér,ran2 er2,however,连,https://api.wohuimandarin.com/nls/tts?text=%E7%84%B6%E8%80%8C,0.0
4,热闹,re nao,rè nao,re4 nao5,bustling; lively,形,https://api.wohuimandarin.com/nls/tts?text=%E7%83%AD%E9%97%B9,0.0
4,任何,ren he,rèn hé,ren4 he2,any,代,https://api.wohuimandarin.com/nls/tts?text=%E4%BB%BB%E4%BD%95,0.0
4,任务,ren wu,rèn wu,ren4 wu5,task,名,https://api.wohuimandarin.com/nls/tts?text=%E4%BB%BB%E5%8A%A1,0.0
4,扔,reng,rēng,reng1,to throw,动,https://api.wohuimandarin.com/nls/tts?text=r%C4%93ng,0.0
4,仍然,reng ran,réng rán,reng2 ran2,still,副,https://api.wohuimandarin.com/nls/tts?text=%E4%BB%8D%E7%84%B6,0.0
4,日记,ri ji,rì jì,ri4 ji4,diary,名,https://api.wohuimandarin.com/nls/tts?text=%E6%97%A5%E8%AE%B0,0.0
4,入口,ru kou,rù kǒu,ru4 kou3,entrance [to a building],名,https://api.wohuimandarin.com/nls/tts?text=%E5%85%A5%E5%8F%A3,0.0
4,散步,san bu,sàn bù,san4 bu4,to go for a walk; stroll,动,https://api.wohuimandarin.com/nls/tts?text=%E6%95%A3%E6%AD%A5,0.0
4,森林,sen lin,sēn lín,sen1 lin2,forest,名,https://api.wohuimandarin.com/nls/tts?text=%E6%A3%AE%E6%9E%97,5.0
4,沙发,sha fa,shā fā,sha1 fa1,sofa,名,https://api.wohuimandarin.com/nls/tts?text=%E6%B2%99%E5%8F%91,0.0
4,商量,shang liang,shāng liang,shang1 liang5,to consult,动,https://api.wohuimandarin.com/nls/tts?text=%E5%95%86%E9%87%8F,1.0
4,伤心,shang xin,shāng xīn,shang1 xin1,sad,形,https://api.wohuimandarin.com/nls/tts?text=%E4%BC%A4%E5%BF%83,0.0
4,稍微,shao wei,shāo wēi,shao1 wei1,a little bit,副,https://api.wohuimandarin.com/nls/tts?text=%E7%A8%8D%E5%BE%AE,0.0
4,勺子,shao zi,sháo zi,shao2 zi5,spoon; ladle; scoop,名,https://api.wohuimandarin.com/nls/tts?text=%E5%8B%BA%E5%AD%90,0.0
4,社会,she hui,shè huì,she4 hui4,society,名,https://api.wohuimandarin.com/nls/tts?text=%E7%A4%BE%E4%BC%9A,0.0
4,深,shen,shēn,shen1,dark [colour]; deep,形,https://api.wohuimandarin.com/nls/tts?text=sh%C4%93n,2.0
4,申请,shen qing,shēn qǐng,shen1 qing3,to apply; application,动,https://api.wohuimandarin.com/nls/tts?text=%E7%94%B3%E8%AF%B7,0.0
4,甚至,shen zhi,shèn zhì,shen4 zhi4,even,连,https://api.wohuimandarin.com/nls/tts?text=%E7%94%9A%E8%87%B3,2.0
4,生活,sheng huo,shēng huó,sheng1 huo2,life,名,https://api.wohuimandarin.com/nls/tts?text=%E7%94%9F%E6%B4%BB,0.0
4,生命,sheng ming,shēng mìng,sheng1 ming4,life,名,https://api.wohuimandarin.com/nls/tts?text=%E7%94%9F%E5%91%BD,1.0
4,生意,sheng yi,shēng yi,sheng1 yi0,business,名,https://api.wohuimandarin.com/nls/tts?text=%E7%94%9F%E6%84%8F,0.0
4,省,sheng,shěng,sheng3,to save,动,https://api.wohuimandarin.com/nls/tts?text=sh%C4%9Bng,0.0
4,剩,sheng,shèng,sheng4,spare,动,https://api.wohuimandarin.com/nls/tts?text=sh%C3%A8ng,0.0
4,失败,shi bai,shī bài,shi1 bai4,fail,动,https://api.wohuimandarin.com/nls/tts?text=%E5%A4%B1%E8%B4%A5,0.0
4,师傅,shi fu,shī fu,shi1 fu5,master,名,https://api.wohuimandarin.com/nls/tts?text=%E5%B8%88%E5%82%85,5.0
4,失望,shi wang,shī wàng,shi1 wang4,disappointed,形,https://api.wohuimandarin.com/nls/tts?text=%E5%A4%B1%E6%9C%9B,0.0
4,十分,shi fen,shí fēn,shi2 fen1,"completely; utterly [literally ""ten points""]",副,https://api.wohuimandarin.com/nls/tts?text=%E5%8D%81%E5%88%86,0.0
4,实际,shi ji,shí jì,shi2 ji4,reality; specific; actual,形,https://api.wohuimandarin.com/nls/tts?text=%E5%AE%9E%E9%99%85,0.0
4,实在,shi zai,shí zài,shi2 zai4,truly,副,https://api.wohuimandarin.com/nls/tts?text=%E5%AE%9E%E5%9C%A8,0.0
4,使,shi,shǐ,shi3,to send (someone); cause,动,https://api.wohuimandarin.com/nls/tts?text=sh%C7%90,0.0
4,使用,shi yong,shǐ yòng,shi3 yong4,use,动,https://api.wohuimandarin.com/nls/tts?text=%E4%BD%BF%E7%94%A8,0.0
4,是否,shi fou,shì fǒu,shi4 fou3,whether or not,副,https://api.wohuimandarin.com/nls/tts?text=%E6%98%AF%E5%90%A6,0.0
4,适合,shi he,shì hé,shi4 he2,suitable for,动,https://api.wohuimandarin.com/nls/tts?text=%E9%80%82%E5%90%88,1.0
4,世纪,shi ji,shì jì,shi4 ji4,century,名,https://api.wohuimandarin.com/nls/tts?text=%E4%B8%96%E7%BA%AA,0.0
4,适应,shi ying,shì yìng,shi4 ying4,to adapt,动,https://api.wohuimandarin.com/nls/tts?text=%E9%80%82%E5%BA%94,0.0
4,收,shou,shōu,shou1,to receive,动,https://api.wohuimandarin.com/nls/tts?text=sh%C5%8Du,0.0
4,收入,shou ru,shōu rù,shou1 ru4,income,名,https://api.wohuimandarin.com/nls/tts?text=%E6%94%B6%E5%85%A5,0.0
4,收拾,shou shi,shōu shi,shou1 shi5,to put in order,动,https://api.wohuimandarin.com/nls/tts?text=%E6%94%B6%E6%8B%BE,0.0
4,首都,shou du,shǒu dū,shou3 du1,capital (city),名,https://api.wohuimandarin.com/nls/tts?text=%E9%A6%96%E9%83%BD,0.0
4,首先,shou xian,shǒu xiān,shou3 xian1,first,代,https://api.wohuimandarin.com/nls/tts?text=%E9%A6%96%E5%85%88,0.0
4,受不了,shou bu liao,shòu bù liǎo,shou4 bu4 liao3,cannot bear it,,https://api.wohuimandarin.com/nls/tts?text=%E5%8F%97%E4%B8%8D%E4%BA%86,0.0
4,受到,shou dao,shòu dào,shou4 dao4,receive,动,https://api.wohuimandarin.com/nls/tts?text=%E5%8F%97%E5%88%B0,0.0
4,售货员,shou huo yuan,shòu huò yuán,shou4 huo4 yuan2,sales assistant,名,https://api.wohuimandarin.com/nls/tts?text=%E5%94%AE%E8%B4%A7%E5%91%98,0.0
4,输,shu,shū,shu1,to lose,动,https://api.wohuimandarin.com/nls/tts?text=sh%C5%AB,0.0
4,熟悉,shu xi,shú xī,shu2 xi1,to be familiar with,动,https://api.wohuimandarin.com/nls/tts?text=%E7%86%9F%E6%82%89,0.0
4,数量,shu liang,shù liàng,shu4 liang4,amount,名,https://api.wohuimandarin.com/nls/tts?text=%E6%95%B0%E9%87%8F,0.0
4,数字,shu zi,shù zì,shu4 zi4,digital,名,https://api.wohuimandarin.com/nls/tts?text=%E6%95%B0%E5%AD%97,0.0
4,帅,shuai,shuài,shuai4,handsome,形,https://api.wohuimandarin.com/nls/tts?text=shu%C3%A0i,0.0
4,顺便,shun bian,shùn biàn,shun4 bian4,in passing; incidentally,副,https://api.wohuimandarin.com/nls/tts?text=%E9%A1%BA%E4%BE%BF,0.0
4,顺利,shun li,shùn lì,shun4 li4,smooth,形,https://api.wohuimandarin.com/nls/tts?text=%E9%A1%BA%E5%88%A9,0.0
4,顺序,shun xu,shùn xù,shun4 xu4,sequence,名,https://api.wohuimandarin.com/nls/tts?text=%E9%A1%BA%E5%BA%8F,0.0
4,说明,shuo ming,shuō míng,shuo1 ming2,to explain; instruction,动,https://api.wohuimandarin.com/nls/tts?text=%E8%AF%B4%E6%98%8E,0.0
4,硕士,shuo shi,shuò shì,shuo4 shi4,master's degree,名,https://api.wohuimandarin.com/nls/tts?text=%E7%A1%95%E5%A3%AB,0.0
4,死,si,sǐ,si3,die; extremely; rigid,形,https://api.wohuimandarin.com/nls/tts?text=s%C7%90,1.0
4,速度,su du,sù dù,su4 du4,speed,名,https://api.wohuimandarin.com/nls/tts?text=%E9%80%9F%E5%BA%A6,0.0
4,塑料袋,su liao dai,sù liào dài,su4 liao4 dai4,plastic bag,名,https://api.wohuimandarin.com/nls/tts?text=%E5%A1%91%E6%96%99%E8%A2%8B,0.0
4,酸,suan,suān,suan1,sour,形,https://api.wohuimandarin.com/nls/tts?text=su%C4%81n,0.0
4,随便,sui bian,suí biàn,sui2 bian4,as one wishes,形,https://api.wohuimandarin.com/nls/tts?text=%E9%9A%8F%E4%BE%BF,0.0
4,随着,sui zhe,suí zhe,sui2 zhe5,along with,介,https://api.wohuimandarin.com/nls/tts?text=%E9%9A%8F%E7%9D%80,0.0
4,孙子,sun zi,sūn zi,sun1 zi5,grandson [father's family],名,https://api.wohuimandarin.com/nls/tts?text=%E5%AD%99%E5%AD%90,0.0
4,所有,suo you,suǒ yǒu,suo3 you3,all,形,https://api.wohuimandarin.com/nls/tts?text=%E6%89%80%E6%9C%89,0.0
4,抬,tai,tái,tai2,to lift,动,https://api.wohuimandarin.com/nls/tts?text=t%C3%A1i,0.0
4,台,tai,tái,tai2,platform,量,https://api.wohuimandarin.com/nls/tts?text=t%C3%A1i,0.0
4,态度,tai du,tài du,tai4 du5,manner,名,https://api.wohuimandarin.com/nls/tts?text=%E6%80%81%E5%BA%A6,0.0
4,谈,tan,tán,tan2,talk,动,https://api.wohuimandarin.com/nls/tts?text=t%C3%A1n,0.0
4,弹钢琴,tan gang qin,tán gāng qín,tan2 gang1 qin2,to play the piano,,https://api.wohuimandarin.com/nls/tts?text=%E5%BC%B9%E9%92%A2%E7%90%B4,0.0
4,汤,tang,tāng,tang1,soup,名,https://api.wohuimandarin.com/nls/tts?text=t%C4%81ng,0.0
4,糖,tang,táng,tang2,sugar,名,https://api.wohuimandarin.com/nls/tts?text=t%C3%A1ng,0.0
4,躺,tang,tǎng,tang3,lie down,动,https://api.wohuimandarin.com/nls/tts?text=t%C7%8Eng,0.0
4,趟,tang,tàng,tang4,"[measure word for trips, times and rows]",量,https://api.wohuimandarin.com/nls/tts?text=t%C3%A0ng,0.0
4,讨论,tao lun,tǎo lùn,tao3 lun4,to discuss,动,https://api.wohuimandarin.com/nls/tts?text=%E8%AE%A8%E8%AE%BA,0.0
4,讨厌,tao yan,tǎo yàn,tao3 yan4,dislike; loathe,动,https://api.wohuimandarin.com/nls/tts?text=%E8%AE%A8%E5%8E%8C,0.0
4,特点,te dian,tè diǎn,te4 dian3,characteristic feature,名,https://api.wohuimandarin.com/nls/tts?text=%E7%89%B9%E7%82%B9,0.0
4,提,ti,tí,ti2,to carry,动,https://api.wohuimandarin.com/nls/tts?text=t%C3%AD,0.0
4,提供,ti gong,tí gōng,ti2 gong1,to offer,动,https://api.wohuimandarin.com/nls/tts?text=%E6%8F%90%E4%BE%9B,0.0
4,提前,ti qian,tí qián,ti2 qian2,in advance,动,https://api.wohuimandarin.com/nls/tts?text=%E6%8F%90%E5%89%8D,0.0
4,提醒,ti xing,tí xǐng,ti2 xing3,remind,动,https://api.wohuimandarin.com/nls/tts?text=%E6%8F%90%E9%86%92,3.0
4,填空,tian kong,tián kòng,tian2 kong4,fill in blanks,动,https://api.wohuimandarin.com/nls/tts?text=%E5%A1%AB%E7%A9%BA,0.0
4,条件,tiao jian,tiáo jiàn,tiao2 jian4,condition,名,https://api.wohuimandarin.com/nls/tts?text=%E6%9D%A1%E4%BB%B6,0.0
4,停,ting,tíng,ting2,stop,动,https://api.wohuimandarin.com/nls/tts?text=t%C3%ADng,1.0
4,挺,ting,tǐng,ting3,quite,副,https://api.wohuimandarin.com/nls/tts?text=t%C7%90ng,0.0
4,通过,tong guo,tōng guò,tong1 guo4,by means of; through; via,介/动,https://api.wohuimandarin.com/nls/tts?text=%E9%80%9A%E8%BF%87,0.0
4,通知,tong zhi,tōng zhī,tong1 zhi1,notify,动/名,https://api.wohuimandarin.com/nls/tts?text=%E9%80%9A%E7%9F%A5,0.0
4,同情,tong qing,tóng qíng,tong2 qing2,to sympathize with,动,https://api.wohuimandarin.com/nls/tts?text=%E5%90%8C%E6%83%85,0.0
4,同时,tong shi,tóng shí,tong2 shi2,at the same time; simultaneously; concurrently,连,https://api.wohuimandarin.com/nls/tts?text=%E5%90%8C%E6%97%B6,0.0
4,推,tui,tuī,tui1,to push; refuse,动,https://api.wohuimandarin.com/nls/tts?text=tu%C4%AB,0.0
4,推迟,tui chi,tuī chí,tui1 chi2,to postpone,动,https://api.wohuimandarin.com/nls/tts?text=%E6%8E%A8%E8%BF%9F,0.0
4,脱,tuo,tuō,tuo1,to escape; shed,动,https://api.wohuimandarin.com/nls/tts?text=tu%C5%8D,0.0
4,袜子,wa zi,wà zi,wa4 zi5,socks,名,https://api.wohuimandarin.com/nls/tts?text=%E8%A2%9C%E5%AD%90,0.0
4,完全,wan quan,wán quán,wan2 quan2,complete,副,https://api.wohuimandarin.com/nls/tts?text=%E5%AE%8C%E5%85%A8,0.0
4,网球,wang qiu,wǎng qiú,wang3 qiu2,tennis,名,https://api.wohuimandarin.com/nls/tts?text=%E7%BD%91%E7%90%83,0.0
4,往往,wang wang,wǎng wǎng,wang3 wang3,often,副,https://api.wohuimandarin.com/nls/tts?text=%E5%BE%80%E5%BE%80,0.0
4,网站,wang zhan,wǎng zhàn,wang3 zhan4,website,名,https://api.wohuimandarin.com/nls/tts?text=%E7%BD%91%E7%AB%99,0.0
4,危险,wei xian,wēi xiǎn,wei1 xian3,dangerous; danger,形,https://api.wohuimandarin.com/nls/tts?text=%E5%8D%B1%E9%99%A9,5.0
4,味道,wei dao,wèi dào,wei4 dao4,flavour,名,https://api.wohuimandarin.com/nls/tts?text=%E5%91%B3%E9%81%93,0.0
4,卫生间,wei sheng jian,wèi shēng jiān,wei4 sheng1 jian1,toilet,名,https://api.wohuimandarin.com/nls/tts?text=%E5%8D%AB%E7%94%9F%E9%97%B4,0.0
4,温度,wen du,wēn dù,wen1 du4,temperature,名,https://api.wohuimandarin.com/nls/tts?text=%E6%B8%A9%E5%BA%A6,0.0
4,文章,wen zhang,wén zhāng,wen2 zhang1,essay,名,https://api.wohuimandarin.com/nls/tts?text=%E6%96%87%E7%AB%A0,0.0
4,污染,wu ran,wū rǎn,wu1 ran3,pollution; to contaminate,动,https://api.wohuimandarin.com/nls/tts?text=%E6%B1%A1%E6%9F%93,0.0
4,无,wu,wú,wu2,without,动,https://api.wohuimandarin.com/nls/tts?text=w%C3%BA,0.0
4,无聊,wu liao,wú liáo,wu2 liao2,bored; boring,名,https://api.wohuimandarin.com/nls/tts?text=%E6%97%A0%E8%81%8A,0.0
4,无论,wu lun,wú lùn,wu2 lun4,no matter what or how,连,https://api.wohuimandarin.com/nls/tts?text=%E6%97%A0%E8%AE%BA,0.0
4,误会,wu hui,wù huì,wu4 hui4,to misunderstand,名/动,https://api.wohuimandarin.com/nls/tts?text=%E8%AF%AF%E4%BC%9A,3.0
4,西红柿,xi hong shi,xī hóng shì,xi1 hong2 shi4,tomato,名,https://api.wohuimandarin.com/nls/tts?text=%E8%A5%BF%E7%BA%A2%E6%9F%BF,0.0
4,吸引,xi yin,xī yǐn,xi1 yin3,"to attract (interest, investment etc)",动,https://api.wohuimandarin.com/nls/tts?text=%E5%90%B8%E5%BC%95,2.0
4,咸,xian,xián,xian2,salty,形,https://api.wohuimandarin.com/nls/tts?text=xi%C3%A1n,0.0
4,现金,xian jin,xiàn jīn,xian4 jin1,cash,名,https://api.wohuimandarin.com/nls/tts?text=%E7%8E%B0%E9%87%91,0.0
4,羡慕,xian mu,xiàn mù,xian4 mu4,to envy,动,https://api.wohuimandarin.com/nls/tts?text=%E7%BE%A1%E6%85%95,0.0
4,香,xiang,xiāng,xiang1,fragrant,形,https://api.wohuimandarin.com/nls/tts?text=xi%C4%81ng,0.0
4,相反,xiang fan,xiāng fǎn,xiang1 fan3,opposite; on the contrary,形/连,https://api.wohuimandarin.com/nls/tts?text=%E7%9B%B8%E5%8F%8D,0.0
4,相同,xiang tong,xiāng tóng,xiang1 tong2,same,形,https://api.wohuimandarin.com/nls/tts?text=%E7%9B%B8%E5%90%8C,0.0
4,详细,xiang xi,xiáng xì,xiang2 xi4,detailed,形,https://api.wohuimandarin.com/nls/tts?text=%E8%AF%A6%E7%BB%86,1.0
4,响,xiang,xiǎng,xiang3,echo,动,https://api.wohuimandarin.com/nls/tts?text=xi%C7%8Eng,0.0
4,橡皮,xiang pi,xiàng pí,xiang4 pi2,rubber; eraser,名,https://api.wohuimandarin.com/nls/tts?text=%E6%A9%A1%E7%9A%AE,0.0
4,消息,xiao xi,xiāo xi,xiao1 xi5,news,名,https://api.wohuimandarin.com/nls/tts?text=%E6%B6%88%E6%81%AF,1.0
4,小吃,xiao chi,xiǎo chī,xiao3 chi1,snack,名,https://api.wohuimandarin.com/nls/tts?text=%E5%B0%8F%E5%90%83,0.0
4,小伙子,xiao huo zi,xiǎo huǒ zi,xiao3 huo3 zi5,youngster; lad,名,https://api.wohuimandarin.com/nls/tts?text=%E5%B0%8F%E4%BC%99%E5%AD%90,0.0
4,小说,xiao shuo,xiǎo shuō,xiao3 shuo1,novel,名,https://api.wohuimandarin.com/nls/tts?text=%E5%B0%8F%E8%AF%B4,4.0
4,效果,xiao guo,xiào guǒ,xiao4 guo3,result,名,https://api.wohuimandarin.com/nls/tts?text=%E6%95%88%E6%9E%9C,1.0
4,笑话,xiao hua,xiào huà,xiao4 hua4,joke,名,https://api.wohuimandarin.com/nls/tts?text=%E7%AC%91%E8%AF%9D,0.0
4,辛苦,xin ku,xīn kǔ,xin1 ku3,hard; tough [work; life],形,https://api.wohuimandarin.com/nls/tts?text=%E8%BE%9B%E8%8B%A6,0.0
4,心情,xin qing,xīn qíng,xin1 qing2,mood,名,https://api.wohuimandarin.com/nls/tts?text=%E5%BF%83%E6%83%85,0.0
4,信封,xin feng,xìn fēng,xin4 feng1,envelope,名,https://api.wohuimandarin.com/nls/tts?text=%E4%BF%A1%E5%B0%81,0.0
4,信息,xin xi,xìn xī,xin4 xi1,news; information,名,https://api.wohuimandarin.com/nls/tts?text=%E4%BF%A1%E6%81%AF,0.0
4,信心,xin xin,xìn xīn,xin4 xin1,confidence,名,https://api.wohuimandarin.com/nls/tts?text=%E4%BF%A1%E5%BF%83,0.0
4,兴奋,xing fen,xīng fèn,xing1 fen4,excited,形,https://api.wohuimandarin.com/nls/tts?text=%E5%85%B4%E5%A5%8B,0.0
4,行,xing,xíng,xing2,OK,动/形,https://api.wohuimandarin.com/nls/tts?text=x%C3%ADng,0.0
4,醒,xing,xǐng,xing3,wake; awake,动,https://api.wohuimandarin.com/nls/tts?text=x%C7%90ng,0.0
4,性别,xing bie,xìng bié,xing4 bie2,sex; gender,名,https://api.wohuimandarin.com/nls/tts?text=%E6%80%A7%E5%88%AB,0.0
4,幸福,xing fu,xìng fú,xing4 fu2,happiness,名,https://api.wohuimandarin.com/nls/tts?text=%E5%B9%B8%E7%A6%8F,0.0
4,性格,xing ge,xìng gé,xing4 ge2,temperament,名,https://api.wohuimandarin.com/nls/tts?text=%E6%80%A7%E6%A0%BC,0.0
4,修理,xiu li,xiū lǐ,xiu1 li3,repair; mend; fix,动,https://api.wohuimandarin.com/nls/tts?text=%E4%BF%AE%E7%90%86,0.0
4,许多,xu duo,xǔ duō,xu3 duo1,many,数,https://api.wohuimandarin.com/nls/tts?text=%E8%AE%B8%E5%A4%9A,0.0
4,学期,xue qi,xué qī,xue2 qi1,school term; semester,名,https://api.wohuimandarin.com/nls/tts?text=%E5%AD%A6%E6%9C%9F,0.0
4,压力,ya li,yā lì,ya1 li4,pressure,名,https://api.wohuimandarin.com/nls/tts?text=%E5%8E%8B%E5%8A%9B,0.0
4,牙膏,ya gao,yá gāo,ya2 gao1,toothpaste,名,https://api.wohuimandarin.com/nls/tts?text=%E7%89%99%E8%86%8F,0.0
4,亚洲,ya zhou,Yà zhōu,ya4 zhou1,Asia,名,https://api.wohuimandarin.com/nls/tts?text=%E4%BA%9A%E6%B4%B2,0.0
4,呀,ya,ya,ya5,ah,助,https://api.wohuimandarin.com/nls/tts?text=ya,0.0
4,盐,yan,yán,yan2,salt,名,https://api.wohuimandarin.com/nls/tts?text=y%C3%A1n,0.0
4,严格,yan ge,yán gé,yan2 ge2,strict,形,https://api.wohuimandarin.com/nls/tts?text=%E4%B8%A5%E6%A0%BC,0.0
4,研究,yan jiu,yán jiū,yan2 jiu1,to study,动/名,https://api.wohuimandarin.com/nls/tts?text=%E7%A0%94%E7%A9%B6,0.0
4,严重,yan zhong,yán zhòng,yan2 zhong4,serious,形,https://api.wohuimandarin.com/nls/tts?text=%E4%B8%A5%E9%87%8D,0.0
4,演出,yan chu,yǎn chū,yan3 chu1,performance,动,https://api.wohuimandarin.com/nls/tts?text=%E6%BC%94%E5%87%BA,0.0
4,眼镜,yan jing,yǎn jìng,yan3 jing4,(eye) glasses,名,https://api.wohuimandarin.com/nls/tts?text=%E7%9C%BC%E9%95%9C,0.0
4,演员,yan yuan,yǎn yuán,yan3 yuan2,actor/actress,名,https://api.wohuimandarin.com/nls/tts?text=%E6%BC%94%E5%91%98,0.0
4,阳光,yang guang,yáng guāng,yang2 guang1,optimistic; cheerful; sunlight,名,https://api.wohuimandarin.com/nls/tts?text=%E9%98%B3%E5%85%89,0.0
4,养成,yang cheng,yǎng chéng,yang3 cheng2,to cultivate,动,https://api.wohuimandarin.com/nls/tts?text=%E5%85%BB%E6%88%90,0.0
4,样子,yang zi,yàng zi,yang4 zi5,appearance,名,https://api.wohuimandarin.com/nls/tts?text=%E6%A0%B7%E5%AD%90,0.0
4,邀请,yao qing,yāo qǐng,yao1 qing3,invitation,动,https://api.wohuimandarin.com/nls/tts?text=%E9%82%80%E8%AF%B7,0.0
4,钥匙,yao shi,yào shi,yao4 shi5,key,名,https://api.wohuimandarin.com/nls/tts?text=%E9%92%A5%E5%8C%99,0.0
4,要是,yao shi,yào shi,yao4 shi5,if; suppose; in case,连,https://api.wohuimandarin.com/nls/tts?text=%E8%A6%81%E6%98%AF,0.0
4,也许,ye xu,yě xǔ,ye3 xu3,perhaps,副,https://api.wohuimandarin.com/nls/tts?text=%E4%B9%9F%E8%AE%B8,0.0
4,页,ye,yè,ye4,page,量,https://api.wohuimandarin.com/nls/tts?text=y%C3%A8,0.0
4,叶子,ye zi,yè zi,ye4 zi5,foliage,名,https://api.wohuimandarin.com/nls/tts?text=%E5%8F%B6%E5%AD%90,0.0
4,一切,yi qie,yī qiè,yi1 qie4,everything,代,https://api.wohuimandarin.com/nls/tts?text=%E4%B8%80%E5%88%87,1.0
4,以,yi,yǐ,yi3,using because of; so as to,介,https://api.wohuimandarin.com/nls/tts?text=y%C7%90,0.0
4,以为,yi wei,yǐ wéi,yi3 wei2,think; feel; reckon,动,https://api.wohuimandarin.com/nls/tts?text=%E4%BB%A5%E4%B8%BA,1.0
4,意见,yi jian,yì jiàn,yi4 jian4,idea,名,https://api.wohuimandarin.com/nls/tts?text=%E6%84%8F%E8%A7%81,0.0
4,艺术,yi shu,yì shù,yi4 shu4,art,名,https://api.wohuimandarin.com/nls/tts?text=%E8%89%BA%E6%9C%AF,0.0
4,因此,yin ci,yīn cǐ,yin1 ci3,because of this,连,https://api.wohuimandarin.com/nls/tts?text=%E5%9B%A0%E6%AD%A4,0.0
4,引起,yin qi,yǐn qǐ,yin3 qi3,to give rise to,动,https://api.wohuimandarin.com/nls/tts?text=%E5%BC%95%E8%B5%B7,2.0
4,印象,yin xiang,yìn xiàng,yin4 xiang4,impression,名,https://api.wohuimandarin.com/nls/tts?text=%E5%8D%B0%E8%B1%A1,0.0
4,赢,ying,yíng,ying2,win,动,https://api.wohuimandarin.com/nls/tts?text=y%C3%ADng,0.0
4,应聘,ying pin,yìng pìn,ying4 pin4,accept an offer of employment,动,https://api.wohuimandarin.com/nls/tts?text=%E5%BA%94%E8%81%98,0.0
4,勇敢,yong gan,yǒng gǎn,yong3 gan3,brave,形,https://api.wohuimandarin.com/nls/tts?text=%E5%8B%87%E6%95%A2,5.0
4,永远,yong yuan,yǒng yuǎn,yong3 yuan3,forever,副,https://api.wohuimandarin.com/nls/tts?text=%E6%B0%B8%E8%BF%9C,0.0
4,优点,you dian,yōu diǎn,you1 dian3,advantage,名,https://api.wohuimandarin.com/nls/tts?text=%E4%BC%98%E7%82%B9,0.0
4,幽默,you mo,yōu mò,you1 mo4,humorous,形,https://api.wohuimandarin.com/nls/tts?text=%E5%B9%BD%E9%BB%98,0.0
4,优秀,you xiu,yōu xiù,you1 xiu4,outstanding,形,https://api.wohuimandarin.com/nls/tts?text=%E4%BC%98%E7%A7%80,0.0
4,由,you,yóu,you2,from,介,https://api.wohuimandarin.com/nls/tts?text=y%C3%B3u,0.0
4,邮局,you ju,yóu jú,you2 ju2,post office,名,https://api.wohuimandarin.com/nls/tts?text=%E9%82%AE%E5%B1%80,0.0
4,尤其,you qi,yóu qí,you2 qi2,especially,副,https://api.wohuimandarin.com/nls/tts?text=%E5%B0%A4%E5%85%B6,0.0
4,由于,you yu,yóu yú,you2 yu2,due to,介/连,https://api.wohuimandarin.com/nls/tts?text=%E7%94%B1%E4%BA%8E,0.0
4,友好,you hao,yǒu hǎo,you3 hao3,friendly,形,https://api.wohuimandarin.com/nls/tts?text=%E5%8F%8B%E5%A5%BD,0.0
4,有趣,you qu,yǒu qù,you3 qu4,interesting; fascinating,形,https://api.wohuimandarin.com/nls/tts?text=%E6%9C%89%E8%B6%A3,0.0
4,友谊,you yi,yǒu yì,you3 yi4,companionship,名,https://api.wohuimandarin.com/nls/tts?text=%E5%8F%8B%E8%B0%8A,0.0
4,愉快,yu kuai,yú kuài,yu2 kuai4,joyful,形,https://api.wohuimandarin.com/nls/tts?text=%E6%84%89%E5%BF%AB,0.0
4,于是,yu shi,yú shì,yu2 shi4,as a result,连,https://api.wohuimandarin.com/nls/tts?text=%E4%BA%8E%E6%98%AF,0.0
4,与,yu,yǔ,yu3,together with,介/连,https://api.wohuimandarin.com/nls/tts?text=y%C7%94,0.0
4,语法,yu fa,yǔ fǎ,yu3 fa3,grammar,名,https://api.wohuimandarin.com/nls/tts?text=%E8%AF%AD%E6%B3%95,0.0
4,羽毛球,yu mao qiu,yǔ máo qiú,yu3 mao2 qiu2,badminton,名,https://api.wohuimandarin.com/nls/tts?text=%E7%BE%BD%E6%AF%9B%E7%90%83,0.0
4,语言,yu yan,yǔ yán,yu3 yan2,language,名,https://api.wohuimandarin.com/nls/tts?text=%E8%AF%AD%E8%A8%80,0.0
4,预习,yu xi,yù xí,yu4 xi2,to prepare a lesson,动,https://api.wohuimandarin.com/nls/tts?text=%E9%A2%84%E4%B9%A0,0.0
4,原来,yuan lai,yuán lái,yuan2 lai2,originally,副/形,https://api.wohuimandarin.com/nls/tts?text=%E5%8E%9F%E6%9D%A5,1.0
4,原谅,yuan liang,yuán liàng,yuan2 liang4,to excuse,动,https://api.wohuimandarin.com/nls/tts?text=%E5%8E%9F%E8%B0%85,1.0
4,原因,yuan yin,yuán yīn,yuan2 yin1,reason,名,https://api.wohuimandarin.com/nls/tts?text=%E5%8E%9F%E5%9B%A0,0.0
4,约会,yue hui,yuē huì,yue1 hui4,appointment,名,https://api.wohuimandarin.com/nls/tts?text=%E7%BA%A6%E4%BC%9A,0.0
4,阅读,yue du,yuè dú,yue4 du2,reading,动,https://api.wohuimandarin.com/nls/tts?text=%E9%98%85%E8%AF%BB,0.0
4,云,yun,yún,yun2,cloud,名,https://api.wohuimandarin.com/nls/tts?text=y%C3%BAn,0.0
4,允许,yun xu,yǔn xǔ,yun3 xu3,allow; permit,动,https://api.wohuimandarin.com/nls/tts?text=%E5%85%81%E8%AE%B8,0.0
4,杂志,za zhi,zá zhì,za2 zhi4,magazine,名,https://api.wohuimandarin.com/nls/tts?text=%E6%9D%82%E5%BF%97,0.0
4,咱们,zan men,zán men,zan2 men5,we [you and me etc.],代,https://api.wohuimandarin.com/nls/tts?text=%E5%92%B1%E4%BB%AC,0.0
4,暂时,zan shi,zàn shí,zan4 shi2,for the time being; temporary,名,https://api.wohuimandarin.com/nls/tts?text=%E6%9A%82%E6%97%B6,0.0
4,脏,zang,zāng,zang1,dirty,形,https://api.wohuimandarin.com/nls/tts?text=z%C4%81ng,0.0
4,责任,ze ren,zé rèn,ze2 ren4,responsibility,名,https://api.wohuimandarin.com/nls/tts?text=%E8%B4%A3%E4%BB%BB,0.0
4,增加,zeng jia,zēng jiā,zeng1 jia1,to increase; add; raise,动,https://api.wohuimandarin.com/nls/tts?text=%E5%A2%9E%E5%8A%A0,0.0
4,占线,zhan xian,zhàn xiàn,zhan4 xian4,busy line; engaged (line),动,https://api.wohuimandarin.com/nls/tts?text=%E5%8D%A0%E7%BA%BF,0.0
4,招聘,zhao pin,zhāo pìn,zhao1 pin4,recruitment,动,https://api.wohuimandarin.com/nls/tts?text=%E6%8B%9B%E8%81%98,0.0
4,照,zhao,zhào,zhao4,take (a photo),动,https://api.wohuimandarin.com/nls/tts?text=zh%C3%A0o,0.0
4,真正,zhen zheng,zhēn zhèng,zhen1 zheng4,real,形,https://api.wohuimandarin.com/nls/tts?text=%E7%9C%9F%E6%AD%A3,0.0
4,整理,zheng li,zhěng lǐ,zheng3 li3,to arrange,动,https://api.wohuimandarin.com/nls/tts?text=%E6%95%B4%E7%90%86,0.0
4,正常,zheng chang,zhèng cháng,zheng4 chang2,normal; fine; generally speaking,形,https://api.wohuimandarin.com/nls/tts?text=%E6%AD%A3%E5%B8%B8,0.0
4,正好,zheng hao,zhèng hǎo,zheng4 hao3,just right,形/副,https://api.wohuimandarin.com/nls/tts?text=%E6%AD%A3%E5%A5%BD,0.0
4,证明,zheng ming,zhèng míng,zheng4 ming2,proof,名/动,https://api.wohuimandarin.com/nls/tts?text=%E8%AF%81%E6%98%8E,1.0
4,正确,zheng que,zhèng què,zheng4 que4,correct,形,https://api.wohuimandarin.com/nls/tts?text=%E6%AD%A3%E7%A1%AE,0.0
4,正式,zheng shi,zhèng shì,zheng4 shi4,formal,形,https://api.wohuimandarin.com/nls/tts?text=%E6%AD%A3%E5%BC%8F,0.0
4,之,zhi,zhī,zhi1,[a more literary form of 的; showing possession],助,https://api.wohuimandarin.com/nls/tts?text=zh%C4%AB,0.0
4,支持,zhi chi,zhī chí,zhi1 chi2,to be in favour of,动,https://api.wohuimandarin.com/nls/tts?text=%E6%94%AF%E6%8C%81,0.0
4,知识,zhi shi,zhī shi,zhi1 shi5,knowledge,名,https://api.wohuimandarin.com/nls/tts?text=%E7%9F%A5%E8%AF%86,0.0
4,值得,zhi de,zhí de,zhi2 de5,worthy,动,https://api.wohuimandarin.com/nls/tts?text=%E5%80%BC%E5%BE%97,0.0
4,直接,zhi jie,zhí jiē,zhi2 jie1,direct,形,https://api.wohuimandarin.com/nls/tts?text=%E7%9B%B4%E6%8E%A5,0.0
4,植物,zhi wu,zhí wù,zhi2 wu4,plants,名,https://api.wohuimandarin.com/nls/tts?text=%E6%A4%8D%E7%89%A9,0.0
4,职业,zhi ye,zhí yè,zhi2 ye4,profession; career,名,https://api.wohuimandarin.com/nls/tts?text=%E8%81%8C%E4%B8%9A,0.0
4,指,zhi,zhǐ,zhi3,finger; point at,动,https://api.wohuimandarin.com/nls/tts?text=zh%C7%90,0.0
4,只好,zhi hao,zhǐ hǎo,zhi3 hao3,have to; forced to,副,https://api.wohuimandarin.com/nls/tts?text=%E5%8F%AA%E5%A5%BD,0.0
4,只要,zhi yao,zhǐ yào,zhi3 yao4,so long as ...,连,https://api.wohuimandarin.com/nls/tts?text=%E5%8F%AA%E8%A6%81,0.0
4,质量,zhi liang,zhì liàng,zhi4 liang4,quality,名,https://api.wohuimandarin.com/nls/tts?text=%E8%B4%A8%E9%87%8F,0.0
4,至少,zhi shao,zhì shǎo,zhi4 shao3,at least,副,https://api.wohuimandarin.com/nls/tts?text=%E8%87%B3%E5%B0%91,0.0
4,重,zhong,zhòng,zhong4,heavy; serious; once more,形,https://api.wohuimandarin.com/nls/tts?text=zh%C3%B2ng,0.0
4,重点,zhong dian,zhòng diǎn,zhong4 dian3,main point,名,https://api.wohuimandarin.com/nls/tts?text=%E9%87%8D%E7%82%B9,0.0
4,重视,zhong shi,zhòng shì,zhong4 shi4,value,动,https://api.wohuimandarin.com/nls/tts?text=%E9%87%8D%E8%A7%86,0.0
4,周围,zhou wei,zhōu wéi,zhou1 wei2,around,名,https://api.wohuimandarin.com/nls/tts?text=%E5%91%A8%E5%9B%B4,0.0
4,主意,zhu yi,zhǔ yi,zhu3 yi5,idea,名,https://api.wohuimandarin.com/nls/tts?text=%E4%B8%BB%E6%84%8F,0.0
4,祝贺,zhu he,zhù hè,zhu4 he4,to congratulate,动,https://api.wohuimandarin.com/nls/tts?text=%E7%A5%9D%E8%B4%BA,0.0
4,著名,zhu ming,zhù míng,zhu4 ming2,famous,形,https://api.wohuimandarin.com/nls/tts?text=%E8%91%97%E5%90%8D,0.0
4,专门,zhuan men,zhuān mén,zhuan1 men2,specialised,副,https://api.wohuimandarin.com/nls/tts?text=%E4%B8%93%E9%97%A8,1.0
4,专业,zhuan ye,zhuān yè,zhuan1 ye4,professional,名,https://api.wohuimandarin.com/nls/tts?text=%E4%B8%93%E4%B8%9A,0.0
4,转,zhuan,zhuǎn,zhuan3,turn,动,https://api.wohuimandarin.com/nls/tts?text=zhu%C7%8En,0.0
4,赚,zhuan,zhuàn,zhuan4,to earn,动,https://api.wohuimandarin.com/nls/tts?text=zhu%C3%A0n,0.0
4,准确,zhun que,zhǔn què,zhun3 que4,accurate,形,https://api.wohuimandarin.com/nls/tts?text=%E5%87%86%E7%A1%AE,0.0
4,准时,zhun shi,zhǔn shí,zhun3 shi2,punctual,形,https://api.wohuimandarin.com/nls/tts?text=%E5%87%86%E6%97%B6,0.0
4,仔细,zi xi,zǐ xì,zi3 xi4,careful,形,https://api.wohuimandarin.com/nls/tts?text=%E4%BB%94%E7%BB%86,1.0
4,自然,zi ran,zì rán,zi4 ran2,natural,名/副,https://api.wohuimandarin.com/nls/tts?text=%E8%87%AA%E7%84%B6,0.0
4,自信,zi xin,zì xìn,zi4 xin4,self-confident; believe in oneself,形,https://api.wohuimandarin.com/nls/tts?text=%E8%87%AA%E4%BF%A1,0.0
4,总结,zong jie,zǒng jié,zong3 jie2,to sum up,动/名,https://api.wohuimandarin.com/nls/tts?text=%E6%80%BB%E7%BB%93,0.0
4,租,zu,zū,zu1,to rent,动,https://api.wohuimandarin.com/nls/tts?text=z%C5%AB,0.0
4,最好,zui hao,zuì hǎo,zui4 hao3,best,副,https://api.wohuimandarin.com/nls/tts?text=%E6%9C%80%E5%A5%BD,0.0
4,尊重,zun zhong,zūn zhòng,zun1 zhong4,to honour,动,https://api.wohuimandarin.com/nls/tts?text=%E5%B0%8A%E9%87%8D,0.0
4,左右,zuo you,zuǒ yòu,zuo3 you4,left and right; about,名,https://api.wohuimandarin.com/nls/tts?text=%E5%B7%A6%E5%8F%B3,0.0
4,座,zuo,zuò,zuo4,seat,量,https://api.wohuimandarin.com/nls/tts?text=zu%C3%B2,1.0
4,作家,zuo jia,zuò jiā,zuo4 jia1,writer,名,https://api.wohuimandarin.com/nls/tts?text=%E4%BD%9C%E5%AE%B6,0.0
4,座位,zuo wei,zuò wèi,zuo4 wei4,place; seat,名,https://api.wohuimandarin.com/nls/tts?text=%E5%BA%A7%E4%BD%8D,0.0
4,作用,zuo yong,zuò yòng,zuo4 yong4,effect,名,https://api.wohuimandarin.com/nls/tts?text=%E4%BD%9C%E7%94%A8,0.0
4,作者,zuo zhe,zuò zhě,zuo4 zhe3,author,名,https://api.wohuimandarin.com/nls/tts?text=%E4%BD%9C%E8%80%85,0.0
5,哎,ai,āi,ai1,hey,叹,https://api.wohuimandarin.com/nls/tts?text=%C4%81i,1.0
5,熬夜,ao ye,áo yè,ao2 ye4,to stay up late or all night,动,https://api.wohuimandarin.com/nls/tts?text=%E7%86%AC%E5%A4%9C,0.0
5,唉,ai,ài,ai4,oh; ah; well,叹,https://api.wohuimandarin.com/nls/tts?text=%C3%A0i,0.0
5,爱护,ai hu,ài hù,ai4 hu4,care; cherish; take good care of,动,https://api.wohuimandarin.com/nls/tts?text=%E7%88%B1%E6%8A%A4,0.0
5,爱惜,ai xi,ài xī,ai4 xi1,value; cherish; treasure,动,https://api.wohuimandarin.com/nls/tts?text=%E7%88%B1%E6%83%9C,0.0
5,爱心,ai xin,ài xīn,ai4 xin1,compassion; kindness; consideration,名,https://api.wohuimandarin.com/nls/tts?text=%E7%88%B1%E5%BF%83,0.0
5,安慰,an wei,ān wèi,an1 wei4,to comfort; console,动,https://api.wohuimandarin.com/nls/tts?text=%E5%AE%89%E6%85%B0,0.0
5,安装,an zhuang,ān zhuāng,an1 zhuang1,to install; mount; erect,动,https://api.wohuimandarin.com/nls/tts?text=%E5%AE%89%E8%A3%85,0.0
5,暗,an,àn,an4,dark,形,https://api.wohuimandarin.com/nls/tts?text=%C3%A0n,0.0
5,岸,an,àn,an4,shore; coast; bank;,名,https://api.wohuimandarin.com/nls/tts?text=%C3%A0n,0.0
5,把握,ba wo,bǎ wò,ba3 wo4,to grasp; to hold; seize,动/名,https://api.wohuimandarin.com/nls/tts?text=%E6%8A%8A%E6%8F%A1,0.0
5,摆,bai,bǎi,bai3,to arrange; set in order; pendulum; lower hem (of a gown/jacket/skirt),动,https://api.wohuimandarin.com/nls/tts?text=b%C7%8Ei,0.0
5,办理,ban li,bàn lǐ,ban4 li3,deal with; attend to; handle,动,https://api.wohuimandarin.com/nls/tts?text=%E5%8A%9E%E7%90%86,0.0
5,傍晚,bang wan,bàng wǎn,bang4 wan3,towards evening; at nightfall; at dusk,名,https://api.wohuimandarin.com/nls/tts?text=%E5%82%8D%E6%99%9A,0.0
5,包裹,bao guo,bāo guǒ,bao1 guo3,wrap up; pack up,名,https://api.wohuimandarin.com/nls/tts?text=%E5%8C%85%E8%A3%B9,0.0
5,包含,bao han,bāo hán,bao1 han2,to contain; embody; include; inclusion,动,https://api.wohuimandarin.com/nls/tts?text=%E5%8C%85%E5%90%AB,0.0
5,包括,bao kuo,bāo kuò,bao1 kuo4,include,动,https://api.wohuimandarin.com/nls/tts?text=%E5%8C%85%E6%8B%AC,0.0
5,薄,bao,báo,bao2,thin; flimsy,形,https://api.wohuimandarin.com/nls/tts?text=b%C3%A1o,0.0
5,宝贝,bao bei,bǎo bèi,bao3 bei4,treasure; baby,名,https://api.wohuimandarin.com/nls/tts?text=%E5%AE%9D%E8%B4%9D,0.0
5,保持,bao chi,bǎo chí,bao3 chi2,to keep; hold; retain; maintain,动,https://api.wohuimandarin.com/nls/tts?text=%E4%BF%9D%E6%8C%81,0.0
5,保存,bao cun,bǎo cún,bao3 cun2,preserve; keep; conserve,动,https://api.wohuimandarin.com/nls/tts?text=%E4%BF%9D%E5%AD%98,0.0
5,宝贵,bao gui,bǎo guì,bao3 gui4,valuable; precious,形,https://api.wohuimandarin.com/nls/tts?text=%E5%AE%9D%E8%B4%B5,3.0
5,保留,bao liu,bǎo liú,bao3 liu2,continue to have; persist; to retain; hold back,动,https://api.wohuimandarin.com/nls/tts?text=%E4%BF%9D%E7%95%99,0.0
5,保险,bao xian,bǎo xiǎn,bao3 xian3,guarantee; insurance,名,https://api.wohuimandarin.com/nls/tts?text=%E4%BF%9D%E9%99%A9,0.0
5,报道,bao dao,bào dào,bao4 dao4,report,动,https://api.wohuimandarin.com/nls/tts?text=%E6%8A%A5%E9%81%93,0.0
5,报到,bao dao,bào dào,bao4 dao4,report for duty; check in; register,动,https://api.wohuimandarin.com/nls/tts?text=%E6%8A%A5%E5%88%B0,0.0
5,报告,bao gao,bào gào,bao4 gao4,report; make known; inform,名,https://api.wohuimandarin.com/nls/tts?text=%E6%8A%A5%E5%91%8A,0.0
5,报社,bao she,bào shè,bao4 she4,newspaper office,名,https://api.wohuimandarin.com/nls/tts?text=%E6%8A%A5%E7%A4%BE,0.0
5,抱怨,bao yuan,bào yuàn,bao4 yuan4,complain; grumble,动,https://api.wohuimandarin.com/nls/tts?text=%E6%8A%B1%E6%80%A8,0.0
5,悲观,bei guan,bēi guān,bei1 guan1,pessimistic,形,https://api.wohuimandarin.com/nls/tts?text=%E6%82%B2%E8%A7%82,0.0
5,背,bei,bèi,bei4,back,动,https://api.wohuimandarin.com/nls/tts?text=b%C3%A8i,0.0
5,背景,bei jing,bèi jǐng,bei4 jing3,background,名,https://api.wohuimandarin.com/nls/tts?text=%E8%83%8C%E6%99%AF,0.0
5,被子,bei zi,bèi zi,bei4 zi5,quilt,名,https://api.wohuimandarin.com/nls/tts?text=%E8%A2%AB%E5%AD%90,0.0
5,本科,ben ke,běn kē,ben3 ke1,undergraduate course; regular college course,名,https://api.wohuimandarin.com/nls/tts?text=%E6%9C%AC%E7%A7%91,0.0
5,本领,ben ling,běn lǐng,ben3 ling3,capability; capacity; faculty,名,https://api.wohuimandarin.com/nls/tts?text=%E6%9C%AC%E9%A2%86,0.0
5,本质,ben zhi,běn zhì,ben3 zhi4,nature; innate character; intrinsic quality,名,https://api.wohuimandarin.com/nls/tts?text=%E6%9C%AC%E8%B4%A8,0.0
5,彼此,bi ci,bǐ cǐ,bi3 ci3,each other; both parties; one another,代,https://api.wohuimandarin.com/nls/tts?text=%E5%BD%BC%E6%AD%A4,0.0
5,比例,bi li,bǐ lì,bi3 li4,scale; proportion; ratio,名,https://api.wohuimandarin.com/nls/tts?text=%E6%AF%94%E4%BE%8B,0.0
5,毕竟,bi jing,bì jìng,bi4 jing4,after all; all in all; when all is said and done,副,https://api.wohuimandarin.com/nls/tts?text=%E6%AF%95%E7%AB%9F,0.0
5,避免,bi mian,bì miǎn,bi4 mian3,to avoid; refrain from; prevent something from happening,动,https://api.wohuimandarin.com/nls/tts?text=%E9%81%BF%E5%85%8D,0.0
5,必然,bi ran,bì rán,bi4 ran2,inevitable; certain; necessarily,形,https://api.wohuimandarin.com/nls/tts?text=%E5%BF%85%E7%84%B6,0.0
5,必要,bi yao,bì yào,bi4 yao4,requisite; necessary; essential,形,https://api.wohuimandarin.com/nls/tts?text=%E5%BF%85%E8%A6%81,0.0
5,编辑,bian ji,biān jí,bian1 ji2,edit; compile,名/动,https://api.wohuimandarin.com/nls/tts?text=%E7%BC%96%E8%BE%91,0.0
5,鞭炮,bian pao,biān pào,bian1 pao4,firecrackers,名,https://api.wohuimandarin.com/nls/tts?text=%E9%9E%AD%E7%82%AE,0.0
5,便,bian,biàn,bian4,convenience; excrement or urine; relieve oneself,副,https://api.wohuimandarin.com/nls/tts?text=bi%C3%A0n,0.0
5,辩论,bian lun,biàn lùn,bian4 lun4,argue; debate,动,https://api.wohuimandarin.com/nls/tts?text=%E8%BE%A9%E8%AE%BA,0.0
5,标点,biao dian,biāo diǎn,biao1 dian3,punctuation,名,https://api.wohuimandarin.com/nls/tts?text=%E6%A0%87%E7%82%B9,0.0
5,标志,biao zhi,biāo zhì,biao1 zhi4,sign; symbol; hallmark,动/名,https://api.wohuimandarin.com/nls/tts?text=%E6%A0%87%E5%BF%97,0.0
5,表达,biao da,biǎo dá,biao3 da2,to voice (an opinion),动,https://api.wohuimandarin.com/nls/tts?text=%E8%A1%A8%E8%BE%BE,0.0
5,表面,biao mian,biǎo miàn,biao3 mian4,surface,名,https://api.wohuimandarin.com/nls/tts?text=%E8%A1%A8%E9%9D%A2,0.0
5,表明,biao ming,biǎo míng,biao3 ming2,make known; state clearly; indicate,动,https://api.wohuimandarin.com/nls/tts?text=%E8%A1%A8%E6%98%8E,0.0
5,表情,biao qing,biǎo qíng,biao3 qing2,expression; look,名,https://api.wohuimandarin.com/nls/tts?text=%E8%A1%A8%E6%83%85,0.0
5,表现,biao xian,biǎo xiàn,biao3 xian4,expression; representation; display,动,https://api.wohuimandarin.com/nls/tts?text=%E8%A1%A8%E7%8E%B0,0.0
5,冰激凌,bing ji ling,bīng jī líng,bing1 ji1 ling2,ice cream,名,https://api.wohuimandarin.com/nls/tts?text=%E5%86%B0%E6%BF%80%E5%87%8C,0.0
5,病毒,bing du,bìng dú,bing4 du2,virus,名,https://api.wohuimandarin.com/nls/tts?text=%E7%97%85%E6%AF%92,0.0
5,播放,bo fang,bō fàng,bo1 fang4,broadcast,动,https://api.wohuimandarin.com/nls/tts?text=%E6%92%AD%E6%94%BE,0.0
5,玻璃,bo li,bō li,bo1 li5,glass,名,https://api.wohuimandarin.com/nls/tts?text=%E7%8E%BB%E7%92%83,0.0
5,博物馆,bo wu guan,bó wù guǎn,bo2 wu4 guan3,museum,名,https://api.wohuimandarin.com/nls/tts?text=%E5%8D%9A%E7%89%A9%E9%A6%86,0.0
5,脖子,bo zi,bó zi,bo2 zi5,neck,名,https://api.wohuimandarin.com/nls/tts?text=%E8%84%96%E5%AD%90,0.0
5,不断,bu duan,bú duàn,bu2 duan4,ceaseless; uninterrupted; continual continuous; unceasing,副,https://api.wohuimandarin.com/nls/tts?text=%E4%B8%8D%E6%96%AD,0.0
5,不见得,bu jian de,bú jiàn de,bu2 jian4 de5,not likely; not necessarily,副,https://api.wohuimandarin.com/nls/tts?text=%E4%B8%8D%E8%A7%81%E5%BE%97,0.0
5,不耐烦,bu nai fan,bú nài fán,bu2 nai4 fan2,impatient,,https://api.wohuimandarin.com/nls/tts?text=%E4%B8%8D%E8%80%90%E7%83%A6,0.0
5,不要紧,bu yao jin,bú yào jǐn,bu2 yao4 jin3,not important; not serious It doesn't matter; never mind,形,https://api.wohuimandarin.com/nls/tts?text=%E4%B8%8D%E8%A6%81%E7%B4%A7,0.0
5,补充,bu chong,bǔ chōng,bu3 chong1,add; supplement; replenish,动,https://api.wohuimandarin.com/nls/tts?text=%E8%A1%A5%E5%85%85,0.0
5,布,bu,bù,bu4,cloth; textile; proclaim,名,https://api.wohuimandarin.com/nls/tts?text=b%C3%B9,0.0
5,不安,bu an,bù ān,bu4 an1,uneasy; unsettled; unstable,形,https://api.wohuimandarin.com/nls/tts?text=%E4%B8%8D%E5%AE%89,0.0
5,不得了,bu de liao,bù dé liǎo,bu4 de2 liao3,desperately serious disastrous; terrible,形,https://api.wohuimandarin.com/nls/tts?text=%E4%B8%8D%E5%BE%97%E4%BA%86,0.0
5,部门,bu men,bù mén,bu4 men2,department; branch; section,名,https://api.wohuimandarin.com/nls/tts?text=%E9%83%A8%E9%97%A8,0.0
5,不然,bu ran,bù rán,bu4 ran2,not the case; otherwise,连,https://api.wohuimandarin.com/nls/tts?text=%E4%B8%8D%E7%84%B6,0.0
5,不如,bu ru,bù rú,bu4 ru2,it would be better to …not as good as,动,https://api.wohuimandarin.com/nls/tts?text=%E4%B8%8D%E5%A6%82,0.0
5,步骤,bu zhou,bù zhòu,bu4 zhou4,step; move; procedure,名,https://api.wohuimandarin.com/nls/tts?text=%E6%AD%A5%E9%AA%A4,0.0
5,不足,bu zu,bù zú,bu4 zu2,not enough; insufficient,动/名,https://api.wohuimandarin.com/nls/tts?text=%E4%B8%8D%E8%B6%B3,0.0
5,财产,cai chan,cái chǎn,cai2 chan3,property; assets; estate,名,https://api.wohuimandarin.com/nls/tts?text=%E8%B4%A2%E4%BA%A7,0.0
5,踩,cai,cǎi,cai3,to step on; to stamp on; trample,动,https://api.wohuimandarin.com/nls/tts?text=c%C7%8Ei,0.0
5,采访,cai fang,cǎi fǎng,cai3 fang3,to interview,动,https://api.wohuimandarin.com/nls/tts?text=%E9%87%87%E8%AE%BF,0.0
5,彩虹,cai hong,cǎi hóng,cai3 hong2,rainbow,名,https://api.wohuimandarin.com/nls/tts?text=%E5%BD%A9%E8%99%B9,0.0
5,采取,cai qu,cǎi qǔ,cai3 qu3,to carry out; adopt; take,动,https://api.wohuimandarin.com/nls/tts?text=%E9%87%87%E5%8F%96,0.0
5,参考,can kao,cān kǎo,can1 kao3,to consult; to refer to,动,https://api.wohuimandarin.com/nls/tts?text=%E5%8F%82%E8%80%83,0.0
5,参与,can yu,cān yù,can1 yu4,to take part; to participate in,动,https://api.wohuimandarin.com/nls/tts?text=%E5%8F%82%E4%B8%8E,0.0
5,惭愧,can kui,cán kuì,can2 kui4,ashamed,行,https://api.wohuimandarin.com/nls/tts?text=%E6%83%AD%E6%84%A7,0.0
5,操场,cao chang,cāo chǎng,cao1 chang3,playground; sports ground; drill ground,名,https://api.wohuimandarin.com/nls/tts?text=%E6%93%8D%E5%9C%BA,0.0
5,操心,cao xin,cāo xīn,cao1 xin1,to worry about; to take pains over; be concerned over,动,https://api.wohuimandarin.com/nls/tts?text=%E6%93%8D%E5%BF%83,0.0
5,册,ce,cè,ce4,volume; copy [measure word for books],名,https://api.wohuimandarin.com/nls/tts?text=c%C3%A8,0.0
5,测验,ce yan,cè yàn,ce4 yan4,test; trial run; examination,动,https://api.wohuimandarin.com/nls/tts?text=%E6%B5%8B%E9%AA%8C,0.0
5,曾经,ceng jing,céng jīng,ceng2 jing1,once,副,https://api.wohuimandarin.com/nls/tts?text=%E6%9B%BE%E7%BB%8F,0.0
5,插,cha,chā,cha1,stick in; to insert; interpose,动,https://api.wohuimandarin.com/nls/tts?text=ch%C4%81,0.0
5,差别,cha bie,chā bié,cha1 bie2,difference,名,https://api.wohuimandarin.com/nls/tts?text=%E5%B7%AE%E5%88%AB,0.0
5,差距,cha ju,chā jù,cha1 ju4,gap; disparity,名,https://api.wohuimandarin.com/nls/tts?text=%E5%B7%AE%E8%B7%9D,0.0
5,叉子,cha zi,chā zi,cha1 zi5,fork; prong,名,https://api.wohuimandarin.com/nls/tts?text=%E5%8F%89%E5%AD%90,0.0
5,拆,chai,chāi,chai1,to tear open; take apart; pull down,动,https://api.wohuimandarin.com/nls/tts?text=ch%C4%81i,0.0
5,产品,chan pin,chǎn pǐn,chan3 pin3,product,名,https://api.wohuimandarin.com/nls/tts?text=%E4%BA%A7%E5%93%81,0.0
5,产生,chan sheng,chǎn shēng,chan3 sheng1,produce,动,https://api.wohuimandarin.com/nls/tts?text=%E4%BA%A7%E7%94%9F,0.0
5,常识,chang shi,cháng shí,chang2 shi2,general knowledge,名,https://api.wohuimandarin.com/nls/tts?text=%E5%B8%B8%E8%AF%86,0.0
5,长途,chang tu,cháng tú,chang2 tu2,long-distance,形,https://api.wohuimandarin.com/nls/tts?text=%E9%95%BF%E9%80%94,0.0
5,抄,chao,chāo,chao1,to copy; transcribe; plagiarise,动,https://api.wohuimandarin.com/nls/tts?text=ch%C4%81o,0.0
5,超级,chao ji,chāo jí,chao1 ji2,super,形,https://api.wohuimandarin.com/nls/tts?text=%E8%B6%85%E7%BA%A7,0.0
5,朝,chao,cháo,chao2,dynasty; court; government,介,https://api.wohuimandarin.com/nls/tts?text=ch%C3%A1o,0.0
5,潮湿,chao shi,cháo shī,chao2 shi1,damp; moist; humidy,形,https://api.wohuimandarin.com/nls/tts?text=%E6%BD%AE%E6%B9%BF,0.0
5,吵,chao,chǎo,chao3,noisy,形,https://api.wohuimandarin.com/nls/tts?text=ch%C7%8Eo,0.0
5,炒,chao,chǎo,chao3,stir-fry,动,https://api.wohuimandarin.com/nls/tts?text=ch%C7%8Eo,0.0
5,吵架,chao jia,chǎo jià,chao3 jia4,to quarrel; have a row,动,https://api.wohuimandarin.com/nls/tts?text=%E5%90%B5%E6%9E%B6,0.0
5,车库,che ku,chē kù,che1 ku4,garage,名,https://api.wohuimandarin.com/nls/tts?text=%E8%BD%A6%E5%BA%93,0.0
5,车厢,che xiang,chē xiāng,che1 xiang1,railway carriage; compartment,名,https://api.wohuimandarin.com/nls/tts?text=%E8%BD%A6%E5%8E%A2,0.0
5,彻底,che di,chè dǐ,che4 di3,thorough,形,https://api.wohuimandarin.com/nls/tts?text=%E5%BD%BB%E5%BA%95,5.0
5,沉默,chen mo,chén mò,chen2 mo4,reticent; taciturn; uncommunicative,动,https://api.wohuimandarin.com/nls/tts?text=%E6%B2%89%E9%BB%98,0.0
5,趁,chen,chèn,chen4,to take advantage of; avail oneself of,介,https://api.wohuimandarin.com/nls/tts?text=ch%C3%A8n,0.0
5,称,cheng,chēng,cheng1,fit; match; to name,动,https://api.wohuimandarin.com/nls/tts?text=ch%C4%93ng,0.0
5,称呼,cheng hu,chēng hu,cheng1 hu5,call; address,名,https://api.wohuimandarin.com/nls/tts?text=%E7%A7%B0%E5%91%BC,0.0
5,称赞,cheng zan,chēng zàn,cheng1 zan4,to praise; to acclaim; to commend,动,https://api.wohuimandarin.com/nls/tts?text=%E7%A7%B0%E8%B5%9E,0.0
5,承担,cheng dan,chéng dān,cheng2 dan1,bear; to undertake; assume,动,https://api.wohuimandarin.com/nls/tts?text=%E6%89%BF%E6%8B%85,0.0
5,程度,cheng du,chéng dù,cheng2 du4,level; degree; extent,名,https://api.wohuimandarin.com/nls/tts?text=%E7%A8%8B%E5%BA%A6,0.0
5,成分,cheng fen,chéng fèn,cheng2 fen4,composition; component part; ingredient,名,https://api.wohuimandarin.com/nls/tts?text=%E6%88%90%E5%88%86,0.0
5,成果,cheng guo,chéng guǒ,cheng2 guo3,achievement; gain; positive result,名,https://api.wohuimandarin.com/nls/tts?text=%E6%88%90%E6%9E%9C,0.0
5,成就,cheng jiu,chéng jiù,cheng2 jiu4,achievement; accomplishment; attainment,名,https://api.wohuimandarin.com/nls/tts?text=%E6%88%90%E5%B0%B1,0.0
5,诚恳,cheng ken,chéng kěn,cheng2 ken3,sincere; earnest,形,https://api.wohuimandarin.com/nls/tts?text=%E8%AF%9A%E6%81%B3,0.0
5,成立,cheng li,chéng lì,cheng2 li4,found; to establish; set up,动,https://api.wohuimandarin.com/nls/tts?text=%E6%88%90%E7%AB%8B,0.0
5,成人,cheng ren,chéng rén,cheng2 ren2,adult,名,https://api.wohuimandarin.com/nls/tts?text=%E6%88%90%E4%BA%BA,0.0
5,承认,cheng ren,chéng rèn,cheng2 ren4,to admit; to acknowledge; to recognise,动,https://api.wohuimandarin.com/nls/tts?text=%E6%89%BF%E8%AE%A4,0.0
5,承受,cheng shou,chéng shòu,cheng2 shou4,to bear; support; to endure; inherit,动,https://api.wohuimandarin.com/nls/tts?text=%E6%89%BF%E5%8F%97,0.0
5,成熟,cheng shu,chéng shú,cheng2 shu2,mature,形,https://api.wohuimandarin.com/nls/tts?text=%E6%88%90%E7%86%9F,0.0
5,程序,cheng xu,chéng xù,cheng2 xu4,order; procedure; sequence,名,https://api.wohuimandarin.com/nls/tts?text=%E7%A8%8B%E5%BA%8F,0.0
5,成语,cheng yu,chéng yǔ,cheng2 yu3,set phrase; idiom; proverb,名,https://api.wohuimandarin.com/nls/tts?text=%E6%88%90%E8%AF%AD,0.0
5,成长,cheng zhang,chéng zhǎng,cheng2 zhang3,to grow up,动,https://api.wohuimandarin.com/nls/tts?text=%E6%88%90%E9%95%BF,0.0
5,吃亏,chi kui,chī kuī,chi1 kui1,to suffer losses; come to grief; take a beating,动,https://api.wohuimandarin.com/nls/tts?text=%E5%90%83%E4%BA%8F,0.0
5,池塘,chi tang,chí táng,chi2 tang2,pool; pond,名,https://api.wohuimandarin.com/nls/tts?text=%E6%B1%A0%E5%A1%98,0.0
5,持续,chi xu,chí xù,chi2 xu4,last; continue; sustain,动,https://api.wohuimandarin.com/nls/tts?text=%E6%8C%81%E7%BB%AD,0.0
5,迟早,chi zao,chí zǎo,chi2 zao3,sooner or later,副,https://api.wohuimandarin.com/nls/tts?text=%E8%BF%9F%E6%97%A9,0.0
5,尺子,chi zi,chǐ zi,chi3 zi5,ruler,名,https://api.wohuimandarin.com/nls/tts?text=%E5%B0%BA%E5%AD%90,0.0
5,翅膀,chi bang,chì bǎng,chi4 bang3,wing [of a bird],名,https://api.wohuimandarin.com/nls/tts?text=%E7%BF%85%E8%86%80,0.0
5,冲,chong,chōng,chong1,to flush; vigorously; on the strength of,动,https://api.wohuimandarin.com/nls/tts?text=ch%C5%8Dng,0.0
5,充电器,chong dian qi,chōng diàn qì,chong1 dian4 qi4,(battery) charger,名,https://api.wohuimandarin.com/nls/tts?text=%E5%85%85%E7%94%B5%E5%99%A8,0.0
5,充分,chong fen,chōng fèn,chong1 fen4,full; ample,形,https://api.wohuimandarin.com/nls/tts?text=%E5%85%85%E5%88%86,0.0
5,充满,chong man,chōng mǎn,chong1 man3,be filled with; be full of,动,https://api.wohuimandarin.com/nls/tts?text=%E5%85%85%E6%BB%A1,0.0
5,重复,chong fu,chóng fù,chong2 fu4,to repeat; to duplicate; iterate,动,https://api.wohuimandarin.com/nls/tts?text=%E9%87%8D%E5%A4%8D,0.0
5,宠物,chong wu,chǒng wù,chong3 wu4,pet,名,https://api.wohuimandarin.com/nls/tts?text=%E5%AE%A0%E7%89%A9,0.0
5,抽屉,chou ti,chōu ti,chou1 ti5,drawer,名,https://api.wohuimandarin.com/nls/tts?text=%E6%8A%BD%E5%B1%89,0.0
5,抽象,chou xiang,chōu xiàng,chou1 xiang4,abstract,形,https://api.wohuimandarin.com/nls/tts?text=%E6%8A%BD%E8%B1%A1,0.0
5,丑,chou,chǒu,chou3,ugly; clown in Beijing opera; the second of the Twelve Earthly Branches,形,https://api.wohuimandarin.com/nls/tts?text=ch%C7%92u,0.0
5,臭,chou,chòu,chou4,smelly; stinking,形,https://api.wohuimandarin.com/nls/tts?text=ch%C3%B2u,0.0
5,出版,chu ban,chū bǎn,chu1 ban3,publish; come off the press,动,https://api.wohuimandarin.com/nls/tts?text=%E5%87%BA%E7%89%88,0.0
5,初级,chu ji,chū jí,chu1 ji2,elementary; primary; initial,形,https://api.wohuimandarin.com/nls/tts?text=%E5%88%9D%E7%BA%A7,0.0
5,出口,chu kou,chū kǒu,chu1 kou3,exit [from a building],名,https://api.wohuimandarin.com/nls/tts?text=%E5%87%BA%E5%8F%A3,0.0
5,出色,chu se,chū sè,chu1 se4,outstanding; remarkable; splendid,形,https://api.wohuimandarin.com/nls/tts?text=%E5%87%BA%E8%89%B2,0.0
5,出示,chu shi,chū shì,chu1 shi4,to show,动,https://api.wohuimandarin.com/nls/tts?text=%E5%87%BA%E7%A4%BA,0.0
5,出席,chu xi,chū xí,chu1 xi2,to attend; to be present,动,https://api.wohuimandarin.com/nls/tts?text=%E5%87%BA%E5%B8%AD,0.0
5,除非,chu fei,chú fēi,chu2 fei1,only if; only when; unless,连,https://api.wohuimandarin.com/nls/tts?text=%E9%99%A4%E9%9D%9E,0.0
5,除夕,chu xi,chú xī,chu2 xi1,(lunar) New Year’s Eve,名,https://api.wohuimandarin.com/nls/tts?text=%E9%99%A4%E5%A4%95,0.0
5,处理,chu li,chǔ lǐ,chu3 li3,to handle; deal with; manage,动,https://api.wohuimandarin.com/nls/tts?text=%E5%A4%84%E7%90%86,0.0
5,传播,chuan bo,chuán bō,chuan2 bo1,disseminate; propagate,动,https://api.wohuimandarin.com/nls/tts?text=%E4%BC%A0%E6%92%AD,0.0
5,传染,chuan ran,chuán rǎn,chuan2 ran3,infect; be contagious,动,https://api.wohuimandarin.com/nls/tts?text=%E4%BC%A0%E6%9F%93,0.0
5,传说,chuan shuo,chuán shuō,chuan2 shuo1,legend; lore,名,https://api.wohuimandarin.com/nls/tts?text=%E4%BC%A0%E8%AF%B4,0.0
5,传统,chuan tong,chuán tǒng,chuan2 tong3,tradition; custom,名/形,https://api.wohuimandarin.com/nls/tts?text=%E4%BC%A0%E7%BB%9F,0.0
5,窗帘,chuang lian,chuāng lián,chuang1 lian2,curtains; sunblind,名,https://api.wohuimandarin.com/nls/tts?text=%E7%AA%97%E5%B8%98,0.0
5,闯,chuang,chuǎng,chuang3,to rush; charge,动,https://api.wohuimandarin.com/nls/tts?text=chu%C7%8Eng,1.0
5,创造,chuang zao,chuàng zào,chuang4 zao4,create,动,https://api.wohuimandarin.com/nls/tts?text=%E5%88%9B%E9%80%A0,1.0
5,吹,chui,chuī,chui1,to blow; puff,动,https://api.wohuimandarin.com/nls/tts?text=chu%C4%AB,0.0
5,词汇,ci hui,cí huì,ci2 hui4,vocabulary; words and phrases,名,https://api.wohuimandarin.com/nls/tts?text=%E8%AF%8D%E6%B1%87,0.0
5,辞职,ci zhi,cí zhí,ci2 zhi2,to resign; hand in one's resignation,动,https://api.wohuimandarin.com/nls/tts?text=%E8%BE%9E%E8%81%8C,0.0
5,此外,ci wai,cǐ wài,ci3 wai4,besides; in addition; furthermore,连,https://api.wohuimandarin.com/nls/tts?text=%E6%AD%A4%E5%A4%96,0.0
5,刺激,ci ji,cì jī,ci4 ji1,to stimulate; provoke; irritate,动,https://api.wohuimandarin.com/nls/tts?text=%E5%88%BA%E6%BF%80,0.0
5,次要,ci yao,cì yào,ci4 yao4,less important; secondary; subordinate,形,https://api.wohuimandarin.com/nls/tts?text=%E6%AC%A1%E8%A6%81,0.0
5,匆忙,cong mang,cōng máng,cong1 mang2,hastily; in a hurry,形,https://api.wohuimandarin.com/nls/tts?text=%E5%8C%86%E5%BF%99,0.0
5,从此,cong ci,cóng cǐ,cong2 ci3,from this time on; from now; then on,副,https://api.wohuimandarin.com/nls/tts?text=%E4%BB%8E%E6%AD%A4,0.0
5,从而,cong er,cóng ér,cong2 er2,thus; therebyupon,连,https://api.wohuimandarin.com/nls/tts?text=%E4%BB%8E%E8%80%8C,0.0
5,从前,cong qian,cóng qián,cong2 qian2,in the past; formerly,名,https://api.wohuimandarin.com/nls/tts?text=%E4%BB%8E%E5%89%8D,0.0
5,从事,cong shi,cóng shì,cong2 shi4,go in for; devote oneself to; be to engaged in [formal],动,https://api.wohuimandarin.com/nls/tts?text=%E4%BB%8E%E4%BA%8B,0.0
5,粗糙,cu cao,cū cāo,cu1 cao1,coarse,形,https://api.wohuimandarin.com/nls/tts?text=%E7%B2%97%E7%B3%99,0.0
5,醋,cu,cù,cu4,vinegar,名,https://api.wohuimandarin.com/nls/tts?text=c%C3%B9,0.0
5,促进,cu jin,cù jìn,cu4 jin4,promote; boost; accelerate,动,https://api.wohuimandarin.com/nls/tts?text=%E4%BF%83%E8%BF%9B,0.0
5,促使,cu shi,cù shǐ,cu4 shi3,precipitate; impel; to urge,动,https://api.wohuimandarin.com/nls/tts?text=%E4%BF%83%E4%BD%BF,0.0
5,催,cui,cuī,cui1,to urge; hurry; to hasten,动,https://api.wohuimandarin.com/nls/tts?text=cu%C4%AB,0.0
5,存在,cun zai,cún zài,cun2 zai4,to exist; be,动,https://api.wohuimandarin.com/nls/tts?text=%E5%AD%98%E5%9C%A8,0.0
5,措施,cuo shi,cuò shī,cuo4 shi1,measure; step,名,https://api.wohuimandarin.com/nls/tts?text=%E6%8E%AA%E6%96%BD,0.0
5,答应,da ying,dā ying,da1 ying5,answer; reply; to agree,动,https://api.wohuimandarin.com/nls/tts?text=%E7%AD%94%E5%BA%94,2.0
5,达到,da dao,dá dào,da2 dao4,to achieve; attain; reach,动,https://api.wohuimandarin.com/nls/tts?text=%E8%BE%BE%E5%88%B0,0.0
5,打工,da gong,dǎ gōng,da3 gong1,do manual work,动,https://api.wohuimandarin.com/nls/tts?text=%E6%89%93%E5%B7%A5,0.0
5,打交道,da jiao dao,dǎ jiāo dào,da3 jiao1 dao4,make contact with; have dealings with,,https://api.wohuimandarin.com/nls/tts?text=%E6%89%93%E4%BA%A4%E9%81%93,0.0
5,打喷嚏,da pen ti,dǎ pēn tì,da3 pen1 ti4,to sneeze,,https://api.wohuimandarin.com/nls/tts?text=%E6%89%93%E5%96%B7%E5%9A%8F,0.0
5,打听,da ting,dǎ ting,da3 ting5,to ask about; inquire about,动,https://api.wohuimandarin.com/nls/tts?text=%E6%89%93%E5%90%AC,0.0
5,大方,da fang,dà fang,da4 fang5,generous; liberal,形,https://api.wohuimandarin.com/nls/tts?text=%E5%A4%A7%E6%96%B9,0.0
5,大厦,da sha,dà shà,da4 sha4,large building; edifice,名,https://api.wohuimandarin.com/nls/tts?text=%E5%A4%A7%E5%8E%A6,0.0
5,大象,da xiang,dà xiàng,da4 xiang4,elephant,名,https://api.wohuimandarin.com/nls/tts?text=%E5%A4%A7%E8%B1%A1,0.0
5,大型,da xing,dà xíng,da4 xing2,large-scale,形,https://api.wohuimandarin.com/nls/tts?text=%E5%A4%A7%E5%9E%8B,0.0
5,呆,dai,dāi,dai1,slow-witted; stupid; to stay,动,https://api.wohuimandarin.com/nls/tts?text=d%C4%81i,0.0
5,代表,dai biao,dài biǎo,dai4 biao3,to stand for; on behalf of representative,动,https://api.wohuimandarin.com/nls/tts?text=%E4%BB%A3%E8%A1%A8,0.0
5,贷款,dai kuan,dài kuǎn,dai4 kuan3,to provide a loan; make an advance to; extend credit to,动/名,https://api.wohuimandarin.com/nls/tts?text=%E8%B4%B7%E6%AC%BE,0.0
5,代替,dai ti,dài tì,dai4 ti4,instead,动,https://api.wohuimandarin.com/nls/tts?text=%E4%BB%A3%E6%9B%BF,0.0
5,待遇,dai yu,dài yù,dai4 yu4,treatment,名,https://api.wohuimandarin.com/nls/tts?text=%E5%BE%85%E9%81%87,0.0
5,单纯,dan chun,dān chún,dan1 chun2,simple; pure; alone,形,https://api.wohuimandarin.com/nls/tts?text=%E5%8D%95%E7%BA%AF,0.0
5,单调,dan diao,dān diào,dan1 diao4,monotonous; dull; drab,形,https://api.wohuimandarin.com/nls/tts?text=%E5%8D%95%E8%B0%83,0.0
5,单独,dan du,dān dú,dan1 du2,alone; by oneself; on one's own; single-handed,副,https://api.wohuimandarin.com/nls/tts?text=%E5%8D%95%E7%8B%AC,0.0
5,担任,dan ren,dān rèn,dan1 ren4,assume the office of; to hold the post of,动,https://api.wohuimandarin.com/nls/tts?text=%E6%8B%85%E4%BB%BB,0.0
5,单位,dan wei,dān wèi,dan1 wei4,unit,名,https://api.wohuimandarin.com/nls/tts?text=%E5%8D%95%E4%BD%8D,0.0
5,耽误,dan wu,dān wu,dan1 wu5,delay; hold up,动,https://api.wohuimandarin.com/nls/tts?text=%E8%80%BD%E8%AF%AF,0.0
5,单元,dan yuan,dān yuán,dan1 yuan2,unit; cell,名,https://api.wohuimandarin.com/nls/tts?text=%E5%8D%95%E5%85%83,0.0
5,胆小鬼,dan xiao gui,dǎn xiǎo guǐ,dan3 xiao3 gui3,coward,名,https://api.wohuimandarin.com/nls/tts?text=%E8%83%86%E5%B0%8F%E9%AC%BC,0.0
5,淡,dan,dàn,dan4,thin; light in colour; tasteless,形,https://api.wohuimandarin.com/nls/tts?text=d%C3%A0n,0.0
5,当地,dang di,dāng dì,dang1 di4,local area,名,https://api.wohuimandarin.com/nls/tts?text=%E5%BD%93%E5%9C%B0,0.0
5,当心,dang xin,dāng xīn,dang1 xin1,be careful,动,https://api.wohuimandarin.com/nls/tts?text=%E5%BD%93%E5%BF%83,0.0
5,挡,dang,dǎng,dang3,to block; hinder; resist,动,https://api.wohuimandarin.com/nls/tts?text=d%C7%8Eng,0.0
5,倒霉,dao mei,dǎo méi,dao3 mei2,fall on hard times; have bad luck,形,https://api.wohuimandarin.com/nls/tts?text=%E5%80%92%E9%9C%89,0.0
5,导演,dao yan,dǎo yǎn,dao3 yan3,director,名,https://api.wohuimandarin.com/nls/tts?text=%E5%AF%BC%E6%BC%94,0.0
5,岛屿,dao yu,dǎo yǔ,dao3 yu3,islands and islets,名,https://api.wohuimandarin.com/nls/tts?text=%E5%B2%9B%E5%B1%BF,0.0
5,导致,dao zhi,dǎo zhì,dao3 zhi4,to cause; lead to; result in,动,https://api.wohuimandarin.com/nls/tts?text=%E5%AF%BC%E8%87%B4,0.0
5,到达,dao da,dào dá,dao4 da2,to arrive; get to reach,动,https://api.wohuimandarin.com/nls/tts?text=%E5%88%B0%E8%BE%BE,0.0
5,道德,dao de,dào dé,dao4 de2,morality; ethics,名,https://api.wohuimandarin.com/nls/tts?text=%E9%81%93%E5%BE%B7,0.0
5,道理,dao li,dào lǐ,dao4 li3,reason; principle; truth,名,https://api.wohuimandarin.com/nls/tts?text=%E9%81%93%E7%90%86,0.0
5,登记,deng ji,dēng jì,deng1 ji4,to register; check in,动,https://api.wohuimandarin.com/nls/tts?text=%E7%99%BB%E8%AE%B0,0.0
5,等待,deng dai,děng dài,deng3 dai4,to wait for; to await,动,https://api.wohuimandarin.com/nls/tts?text=%E7%AD%89%E5%BE%85,0.0
5,等于,deng yu,děng yú,deng3 yu2,equal to; equivalent to; be worth,动,https://api.wohuimandarin.com/nls/tts?text=%E7%AD%89%E4%BA%8E,0.0
5,滴,di,dī,di1,to drip; to drop; droplet,量,https://api.wohuimandarin.com/nls/tts?text=d%C4%AB,0.0
5,的确,di que,dí què,di2 que4,really; and no mistake; indeed,副,https://api.wohuimandarin.com/nls/tts?text=%E7%9A%84%E7%A1%AE,0.0
5,敌人,di ren,dí rén,di2 ren2,enemy; foe,名,https://api.wohuimandarin.com/nls/tts?text=%E6%95%8C%E4%BA%BA,5.0
5,递,di,dì,di4,to hand over; to pass on; progressively,动,https://api.wohuimandarin.com/nls/tts?text=d%C3%AC,0.0
5,地道,di dao,dì dao,di4 dao5,tunnel; underpass; typical [of a place],形,https://api.wohuimandarin.com/nls/tts?text=%E5%9C%B0%E9%81%93,0.0
5,地理,di li,dì lǐ,di4 li3,geographical features of a place; geography,名,https://api.wohuimandarin.com/nls/tts?text=%E5%9C%B0%E7%90%86,0.0
5,地区,di qu,dì qū,di4 qu1,area; district; region,名,https://api.wohuimandarin.com/nls/tts?text=%E5%9C%B0%E5%8C%BA,0.0
5,地毯,di tan,dì tǎn,di4 tan3,carpet; rug,名,https://api.wohuimandarin.com/nls/tts?text=%E5%9C%B0%E6%AF%AF,0.0
5,地位,di wei,dì wèi,di4 wei4,position; standing; status,名,https://api.wohuimandarin.com/nls/tts?text=%E5%9C%B0%E4%BD%8D,0.0
5,地震,di zhen,dì zhèn,di4 zhen4,earthquake; tremour,动,https://api.wohuimandarin.com/nls/tts?text=%E5%9C%B0%E9%9C%87,0.0
5,点心,dian xin,diǎn xin,dian3 xin5,snack; dim sum,名,https://api.wohuimandarin.com/nls/tts?text=%E7%82%B9%E5%BF%83,0.0
5,电池,dian chi,diàn chí,dian4 chi2,battery; cell,名,https://api.wohuimandarin.com/nls/tts?text=%E7%94%B5%E6%B1%A0,0.0
5,电台,dian tai,diàn tái,dian4 tai2,transceiver; radio station,名,https://api.wohuimandarin.com/nls/tts?text=%E7%94%B5%E5%8F%B0,0.0
5,钓,diao,diào,diao4,fish with a hook and line; angle,动,https://api.wohuimandarin.com/nls/tts?text=di%C3%A0o,0.0
5,顶,ding,dǐng,ding3,"apex; [measure word for something with a top (e.g. hat, tent, etc.)]",量/名,https://api.wohuimandarin.com/nls/tts?text=d%C7%90ng,0.0
5,洞,dong,dòng,dong4,hole; cavity,名,https://api.wohuimandarin.com/nls/tts?text=d%C3%B2ng,0.0
5,冻,dong,dòng,dong4,frozen; jelly,动,https://api.wohuimandarin.com/nls/tts?text=d%C3%B2ng,0.0
5,动画片,dong hua pian,dòng huà piān,dong4 hua4 pian1,cartoon,名,https://api.wohuimandarin.com/nls/tts?text=%E5%8A%A8%E7%94%BB%E7%89%87,0.0
5,逗,dou,dòu,dou4,to tease; play with; amuse,动,https://api.wohuimandarin.com/nls/tts?text=d%C3%B2u,0.0
5,豆腐,dou fu,dòu fu,dou4 fu5,bean curd; tofu,名,https://api.wohuimandarin.com/nls/tts?text=%E8%B1%86%E8%85%90,0.0
5,独立,du li,dú lì,du2 li4,stand alone; independent; on one's own,动/形,https://api.wohuimandarin.com/nls/tts?text=%E7%8B%AC%E7%AB%8B,0.0
5,独特,du te,dú tè,du2 te4,unique; distinctive,形,https://api.wohuimandarin.com/nls/tts?text=%E7%8B%AC%E7%89%B9,0.0
5,度过,du guo,dù guò,du4 guo4,spend; pass,动,https://api.wohuimandarin.com/nls/tts?text=%E5%BA%A6%E8%BF%87,0.0
5,断,duan,duàn,duan4,to break,动,https://api.wohuimandarin.com/nls/tts?text=du%C3%A0n,0.0
5,堆,dui,duī,dui1,heap; pile; crowd,动/量,https://api.wohuimandarin.com/nls/tts?text=du%C4%AB,0.0
5,对比,dui bi,duì bǐ,dui4 bi3,contrast; comparison; ratio,动,https://api.wohuimandarin.com/nls/tts?text=%E5%AF%B9%E6%AF%94,0.0
5,对待,dui dai,duì dài,dui4 dai4,to treat; handle; be in a position related to another,动,https://api.wohuimandarin.com/nls/tts?text=%E5%AF%B9%E5%BE%85,0.0
5,对方,dui fang,duì fāng,dui4 fang1,counterpart; the other party,名,https://api.wohuimandarin.com/nls/tts?text=%E5%AF%B9%E6%96%B9,0.0
5,兑换,dui huan,duì huàn,dui4 huan4,exchange; convert,动,https://api.wohuimandarin.com/nls/tts?text=%E5%85%91%E6%8D%A2,0.0
5,对手,dui shou,duì shǒu,dui4 shou3,opponent; adversary; rival,名,https://api.wohuimandarin.com/nls/tts?text=%E5%AF%B9%E6%89%8B,0.0
5,对象,dui xiang,duì xiàng,dui4 xiang4,target; object; partner,名,https://api.wohuimandarin.com/nls/tts?text=%E5%AF%B9%E8%B1%A1,0.0
5,吨,dun,dūn,dun1,ton,量,https://api.wohuimandarin.com/nls/tts?text=d%C5%ABn,0.0
5,蹲,dun,dūn,dun1,squat on the heels; to crouch,动,https://api.wohuimandarin.com/nls/tts?text=d%C5%ABn,0.0
5,顿,dun,dùn,dun4,"[measure word for occurences, and therefore of meals]",量,https://api.wohuimandarin.com/nls/tts?text=d%C3%B9n,0.0
5,多亏,duo kui,duō kuī,duo1 kui1,thanks to; owing to; fortunately,动,https://api.wohuimandarin.com/nls/tts?text=%E5%A4%9A%E4%BA%8F,0.0
5,多余,duo yu,duō yú,duo1 yu2,unnecessary; surplus; superfluous,形,https://api.wohuimandarin.com/nls/tts?text=%E5%A4%9A%E4%BD%99,0.0
5,朵,duo,duǒ,duo3,stem; [measure word for flowers],量,https://api.wohuimandarin.com/nls/tts?text=du%C7%92,0.0
5,躲藏,duo cang,duǒ cáng,duo3 cang2,to hide oneself; go into hiding,动,https://api.wohuimandarin.com/nls/tts?text=%E8%BA%B2%E8%97%8F,5.0
5,恶劣,e lie,è liè,e4 lie4,odious; vile; disgusting,形,https://api.wohuimandarin.com/nls/tts?text=%E6%81%B6%E5%8A%A3,0.0
5,耳环,er huan,ěr huán,er3 huan2,earrings,名,https://api.wohuimandarin.com/nls/tts?text=%E8%80%B3%E7%8E%AF,0.0
5,发表,fa biao,fā biǎo,fa1 biao3,to issue; to publish; report,动,https://api.wohuimandarin.com/nls/tts?text=%E5%8F%91%E8%A1%A8,0.0
5,发愁,fa chou,fā chóu,fa1 chou2,to worry; to be anxious; sullen,动,https://api.wohuimandarin.com/nls/tts?text=%E5%8F%91%E6%84%81,0.0
5,发达,fa da,fā dá,fa1 da2,developed; advanced; prosperous,形,https://api.wohuimandarin.com/nls/tts?text=%E5%8F%91%E8%BE%BE,0.0
5,发抖,fa dou,fā dǒu,fa1 dou3,to shiver; shake; tremble,动,https://api.wohuimandarin.com/nls/tts?text=%E5%8F%91%E6%8A%96,3.0
5,发挥,fa hui,fā huī,fa1 hui1,bring into play; give free rein to,动,https://api.wohuimandarin.com/nls/tts?text=%E5%8F%91%E6%8C%A5,0.0
5,发明,fa ming,fā míng,fa1 ming2,invent; expound,名/动,https://api.wohuimandarin.com/nls/tts?text=%E5%8F%91%E6%98%8E,0.0
5,发票,fa piao,fā piào,fa1 piao4,bill; receipt,名,https://api.wohuimandarin.com/nls/tts?text=%E5%8F%91%E7%A5%A8,0.0
5,发言,fa yan,fā yán,fa1 yan2,speak; make a statement; take the floor,动,https://api.wohuimandarin.com/nls/tts?text=%E5%8F%91%E8%A8%80,0.0
5,罚款,fa kuan,fá kuǎn,fa2 kuan3,(impose a) fine,动/名,https://api.wohuimandarin.com/nls/tts?text=%E7%BD%9A%E6%AC%BE,0.0
5,法院,fa yuan,fǎ yuàn,fa3 yuan4,court of law,名,https://api.wohuimandarin.com/nls/tts?text=%E6%B3%95%E9%99%A2,0.0
5,翻,fan,fān,fan1,turn over; turn around; reverse,动,https://api.wohuimandarin.com/nls/tts?text=f%C4%81n,0.0
5,繁荣,fan rong,fán róng,fan2 rong2,flourishing; prosperous; booming,形,https://api.wohuimandarin.com/nls/tts?text=%E7%B9%81%E8%8D%A3,0.0
5,反而,fan er,fǎn ér,fan3 er2,on the contrary; instead,副,https://api.wohuimandarin.com/nls/tts?text=%E5%8F%8D%E8%80%8C,0.0
5,反复,fan fu,fǎn fù,fan3 fu4,repeatedly; again and again; over and over,副/动,https://api.wohuimandarin.com/nls/tts?text=%E5%8F%8D%E5%A4%8D,0.0
5,反应,fan ying,fǎn yìng,fan3 ying4,reaction; response; repercussion,动/名,https://api.wohuimandarin.com/nls/tts?text=%E5%8F%8D%E5%BA%94,0.0
5,反映,fan ying,fǎn yìng,fan3 ying4,to mirror,动,https://api.wohuimandarin.com/nls/tts?text=%E5%8F%8D%E6%98%A0,0.0
5,反正,fan zheng,fǎn zhèng,fan3 zheng4,anyway; anyhow; in any case,副,https://api.wohuimandarin.com/nls/tts?text=%E5%8F%8D%E6%AD%A3,0.0
5,范围,fan wei,fàn wéi,fan4 wei2,range,名,https://api.wohuimandarin.com/nls/tts?text=%E8%8C%83%E5%9B%B4,0.0
5,方,fang,fāng,fang1,square; honest; just now,形,https://api.wohuimandarin.com/nls/tts?text=f%C4%81ng,0.0
5,方案,fang an,fāng àn,fang1 an4,scheme; plan; programme,名,https://api.wohuimandarin.com/nls/tts?text=%E6%96%B9%E6%A1%88,0.0
5,妨碍,fang ai,fáng ài,fang2 ai4,to hinder; hamper; impede,动,https://api.wohuimandarin.com/nls/tts?text=%E5%A6%A8%E7%A2%8D,0.0
5,仿佛,fang fu,fǎng fú,fang3 fu2,to seem as if; be more or less the same; be alike,副,https://api.wohuimandarin.com/nls/tts?text=%E4%BB%BF%E4%BD%9B,0.0
5,非,fei,fēi,fei1,un-; non-; short for Africa,副,https://api.wohuimandarin.com/nls/tts?text=f%C4%93i,0.0
5,肥皂,fei zao,féi zào,fei2 zao4,soap,名,https://api.wohuimandarin.com/nls/tts?text=%E8%82%A5%E7%9A%82,0.0
5,废话,fei hua,fèi huà,fei4 hua4,superfluous words; nonsense; rubbish,名,https://api.wohuimandarin.com/nls/tts?text=%E5%BA%9F%E8%AF%9D,0.0
5,分别,fen bie,fēn bié,fen1 bie2,to part; distinguish; differentiate,动/副,https://api.wohuimandarin.com/nls/tts?text=%E5%88%86%E5%88%AB,0.0
5,分布,fen bu,fēn bù,fen1 bu4,to distribute; spread; scatter,动,https://api.wohuimandarin.com/nls/tts?text=%E5%88%86%E5%B8%83,0.0
5,纷纷,fen fen,fēn fēn,fen1 fen1,one after another; in succession,副,https://api.wohuimandarin.com/nls/tts?text=%E7%BA%B7%E7%BA%B7,0.0
5,分配,fen pei,fēn pèi,fen1 pei4,distribute; allocate; assign,动,https://api.wohuimandarin.com/nls/tts?text=%E5%88%86%E9%85%8D,0.0
5,分手,fen shou,fēn shǒu,fen1 shou3,part company; say good-bye; separate,动,https://api.wohuimandarin.com/nls/tts?text=%E5%88%86%E6%89%8B,0.0
5,分析,fen xi,fēn xī,fen1 xi1,analysis,动,https://api.wohuimandarin.com/nls/tts?text=%E5%88%86%E6%9E%90,0.0
5,奋斗,fen dou,fèn dòu,fen4 dou4,struggle; to fight for; to strive for,动,https://api.wohuimandarin.com/nls/tts?text=%E5%A5%8B%E6%96%97,0.0
5,风格,feng ge,fēng gé,feng1 ge2,style; form; manner,名,https://api.wohuimandarin.com/nls/tts?text=%E9%A3%8E%E6%A0%BC,0.0
5,风景,feng jing,fēng jǐng,feng1 jing3,scenery,名,https://api.wohuimandarin.com/nls/tts?text=%E9%A3%8E%E6%99%AF,0.0
5,疯狂,feng kuang,fēng kuáng,feng1 kuang2,insane; frenzied; crazy,形,https://api.wohuimandarin.com/nls/tts?text=%E7%96%AF%E7%8B%82,0.0
5,风俗,feng su,fēng sú,feng1 su2,custom,名,https://api.wohuimandarin.com/nls/tts?text=%E9%A3%8E%E4%BF%97,0.0
5,风险,feng xian,fēng xiǎn,feng1 xian3,risk; hazard; danger,名,https://api.wohuimandarin.com/nls/tts?text=%E9%A3%8E%E9%99%A9,0.0
5,讽刺,feng ci,fěng cì,feng3 ci4,satire; sarcasm; to mock,动,https://api.wohuimandarin.com/nls/tts?text=%E8%AE%BD%E5%88%BA,0.0
5,否定,fou ding,fǒu dìng,fou3 ding4,to negate; to deny,动,https://api.wohuimandarin.com/nls/tts?text=%E5%90%A6%E5%AE%9A,0.0
5,否认,fou ren,fǒu rèn,fou3 ren4,to deny; repudiate,动,https://api.wohuimandarin.com/nls/tts?text=%E5%90%A6%E8%AE%A4,0.0
5,扶,fu,fú,fu2,hold up; support with the hand; to  help somebody up,动,https://api.wohuimandarin.com/nls/tts?text=f%C3%BA,0.0
5,幅,fu,fú,fu2,"width of cloth; [measure word (for paintings, pictures, textiles etc.)]",量,https://api.wohuimandarin.com/nls/tts?text=f%C3%BA,0.0
5,服装,fu zhuang,fú zhuāng,fu2 zhuang1,dress; clothing; costume,名,https://api.wohuimandarin.com/nls/tts?text=%E6%9C%8D%E8%A3%85,0.0
5,辅导,fu dao,fǔ dǎo,fu3 dao3,to coach; train; tutor,动,https://api.wohuimandarin.com/nls/tts?text=%E8%BE%85%E5%AF%BC,0.0
5,妇女,fu nv,fù nǚ,fu4 nv3,woman,名,https://api.wohuimandarin.com/nls/tts?text=%E5%A6%87%E5%A5%B3,0.0
5,复制,fu zhi,fù zhì,fu4 zhi4,to duplicate; reproduce; copy,动,https://api.wohuimandarin.com/nls/tts?text=%E5%A4%8D%E5%88%B6,0.0
5,改革,gai ge,gǎi gé,gai3 ge2,reform,动,https://api.wohuimandarin.com/nls/tts?text=%E6%94%B9%E9%9D%A9,0.0
5,改进,gai jin,gǎi jìn,gai3 jin4,to improve; make better; mend,动,https://api.wohuimandarin.com/nls/tts?text=%E6%94%B9%E8%BF%9B,0.0
5,改善,gai shan,gǎi shàn,gai3 shan4,to improve,动,https://api.wohuimandarin.com/nls/tts?text=%E6%94%B9%E5%96%84,0.0
5,改正,gai zheng,gǎi zhèng,gai3 zheng4,to correct; to amend; put right,动,https://api.wohuimandarin.com/nls/tts?text=%E6%94%B9%E6%AD%A3,0.0
5,盖,gai,gài,gai4,cover; lid,动,https://api.wohuimandarin.com/nls/tts?text=g%C3%A0i,0.0
5,概括,gai kuo,gài kuò,gai4 kuo4,to summarise; generalise; epitomise,动,https://api.wohuimandarin.com/nls/tts?text=%E6%A6%82%E6%8B%AC,0.0
5,概念,gai nian,gài niàn,gai4 nian4,concept; notion; idea,名,https://api.wohuimandarin.com/nls/tts?text=%E6%A6%82%E5%BF%B5,0.0
5,干脆,gan cui,gān cuì,gan1 cui4,clear-cut; straightforward; frank,副,https://api.wohuimandarin.com/nls/tts?text=%E5%B9%B2%E8%84%86,0.0
5,干燥,gan zao,gān zào,gan1 zao4,dull; dry,形,https://api.wohuimandarin.com/nls/tts?text=%E5%B9%B2%E7%87%A5,0.0
5,感激,gan ji,gǎn jī,gan3 ji1,to feel grateful; be thankful,动,https://api.wohuimandarin.com/nls/tts?text=%E6%84%9F%E6%BF%80,0.0
5,赶紧,gan jin,gǎn jǐn,gan3 jin3,at once; losing no time; hasten,副,https://api.wohuimandarin.com/nls/tts?text=%E8%B5%B6%E7%B4%A7,5.0
5,赶快,gan kuai,gǎn kuài,gan3 kuai4,at once; quickly,副,https://api.wohuimandarin.com/nls/tts?text=%E8%B5%B6%E5%BF%AB,0.0
5,感受,gan shou,gǎn shòu,gan3 shou4,be affected by; feeling; perception,动/名,https://api.wohuimandarin.com/nls/tts?text=%E6%84%9F%E5%8F%97,0.0
5,感想,gan xiang,gǎn xiǎng,gan3 xiang3,impression; reflection; thought,名,https://api.wohuimandarin.com/nls/tts?text=%E6%84%9F%E6%83%B3,0.0
5,干活儿,gan huo er,gàn huó er,gan4 huo2 er5,to work [often manual] on a job,动,https://api.wohuimandarin.com/nls/tts?text=%E5%B9%B2%E6%B4%BB%E5%84%BF,0.0
5,钢铁,gang tie,gāng tiě,gang1 tie3,iron and steel,名,https://api.wohuimandarin.com/nls/tts?text=%E9%92%A2%E9%93%81,0.0
5,高档,gao dang,gāo dàng,gao1 dang4,top; superior quality,形,https://api.wohuimandarin.com/nls/tts?text=%E9%AB%98%E6%A1%A3,0.0
5,高级,gao ji,gāo jí,gao1 ji2,advanced; high level,形,https://api.wohuimandarin.com/nls/tts?text=%E9%AB%98%E7%BA%A7,0.0
5,搞,gao,gǎo,gao3,to make/do; carry on; be engaged in,动,https://api.wohuimandarin.com/nls/tts?text=g%C7%8Eo,0.0
5,告别,gao bie,gào bié,gao4 bie2,bid farewell to; to say good-bye to,动,https://api.wohuimandarin.com/nls/tts?text=%E5%91%8A%E5%88%AB,0.0
5,隔壁,ge bi,gé bì,ge2 bi4,next door,名,https://api.wohuimandarin.com/nls/tts?text=%E9%9A%94%E5%A3%81,0.0
5,格外,ge wai,gé wài,ge2 wai4,especially; exceptionally,副,https://api.wohuimandarin.com/nls/tts?text=%E6%A0%BC%E5%A4%96,0.0
5,个别,ge bie,gè bié,ge4 bie2,individually; separately,副,https://api.wohuimandarin.com/nls/tts?text=%E4%B8%AA%E5%88%AB,0.0
5,个人,ge ren,gè rén,ge4 ren2,oneself; personal; individual,名,https://api.wohuimandarin.com/nls/tts?text=%E4%B8%AA%E4%BA%BA,0.0
5,个性,ge xing,gè xìng,ge4 xing4,individual character; personality,名,https://api.wohuimandarin.com/nls/tts?text=%E4%B8%AA%E6%80%A7,0.0
5,各自,ge zi,gè zì,ge4 zi4,each; by oneself; respective,代,https://api.wohuimandarin.com/nls/tts?text=%E5%90%84%E8%87%AA,0.0
5,根,gen,gēn,gen1,"root; descendants; completely; [measure word for long, slender objects]",量,https://api.wohuimandarin.com/nls/tts?text=g%C4%93n,0.0
5,根本,gen ben,gēn běn,gen1 ben3,root; basic; fundamental,副,https://api.wohuimandarin.com/nls/tts?text=%E6%A0%B9%E6%9C%AC,0.0
5,公布,gong bu,gōng bù,gong1 bu4,to announce; make public,动,https://api.wohuimandarin.com/nls/tts?text=%E5%85%AC%E5%B8%83,0.0
5,工厂,gong chang,gōng chǎng,gong1 chang3,factory; plant; works,名,https://api.wohuimandarin.com/nls/tts?text=%E5%B7%A5%E5%8E%82,0.0
5,工程师,gong cheng shi,gōng chéng shī,gong1 cheng2 shi1,engineer,名,https://api.wohuimandarin.com/nls/tts?text=%E5%B7%A5%E7%A8%8B%E5%B8%88,0.0
5,工具,gong ju,gōng jù,gong1 ju4,tool,名,https://api.wohuimandarin.com/nls/tts?text=%E5%B7%A5%E5%85%B7,0.0
5,公开,gong kai,gōng kāi,gong1 kai1,open; overt; to make public,动/形,https://api.wohuimandarin.com/nls/tts?text=%E5%85%AC%E5%BC%80,0.0
5,功能,gong neng,gōng néng,gong1 neng2,function,名,https://api.wohuimandarin.com/nls/tts?text=%E5%8A%9F%E8%83%BD,0.0
5,公平,gong ping,gōng píng,gong1 ping2,fair; just,形,https://api.wohuimandarin.com/nls/tts?text=%E5%85%AC%E5%B9%B3,0.0
5,工人,gong ren,gōng rén,gong1 ren2,(manual) worker; labourer,名,https://api.wohuimandarin.com/nls/tts?text=%E5%B7%A5%E4%BA%BA,0.0
5,恭喜,gong xi,gōng xǐ,gong1 xi3,congratulate,动,https://api.wohuimandarin.com/nls/tts?text=%E6%81%AD%E5%96%9C,0.0
5,工业,gong ye,gōng yè,gong1 ye4,industry,名,https://api.wohuimandarin.com/nls/tts?text=%E5%B7%A5%E4%B8%9A,0.0
5,公寓,gong yu,gōng yù,gong1 yu4,flats; apartment,名,https://api.wohuimandarin.com/nls/tts?text=%E5%85%AC%E5%AF%93,0.0
5,公元,gong yuan,gōng yuán,gong1 yuan2,the Christian/Common era,名,https://api.wohuimandarin.com/nls/tts?text=%E5%85%AC%E5%85%83,0.0
5,公主,gong zhu,gōng zhǔ,gong1 zhu3,princess,名,https://api.wohuimandarin.com/nls/tts?text=%E5%85%AC%E4%B8%BB,0.0
5,贡献,gong xian,gòng xiàn,gong4 xian4,to dedicate; devote; contribution,名,https://api.wohuimandarin.com/nls/tts?text=%E8%B4%A1%E7%8C%AE,0.0
5,沟通,gou tong,gōu tōng,gou1 tong1,to communicate; link up; connect,动,https://api.wohuimandarin.com/nls/tts?text=%E6%B2%9F%E9%80%9A,0.0
5,构成,gou cheng,gòu chéng,gou4 cheng2,to constitute; form; consist of,名,https://api.wohuimandarin.com/nls/tts?text=%E6%9E%84%E6%88%90,0.0
5,姑姑,gu gu,gū gu,gu1 gu5,aunt [father's sister],名,https://api.wohuimandarin.com/nls/tts?text=%E5%A7%91%E5%A7%91,0.0
5,姑娘,gu niang,gū niang,gu1 niang5,girl,名,https://api.wohuimandarin.com/nls/tts?text=%E5%A7%91%E5%A8%98,0.0
5,古代,gu dai,gǔ dài,gu3 dai4,ancient; archaic; antiquity,名,https://api.wohuimandarin.com/nls/tts?text=%E5%8F%A4%E4%BB%A3,0.0
5,古典,gu dian,gǔ diǎn,gu3 dian3,classical,形,https://api.wohuimandarin.com/nls/tts?text=%E5%8F%A4%E5%85%B8,0.0
5,股票,gu piao,gǔ piào,gu3 piao4,shares; stock; equity,名,https://api.wohuimandarin.com/nls/tts?text=%E8%82%A1%E7%A5%A8,0.0
5,骨头,gu tou,gǔ tou,gu3 tou5,bone,名,https://api.wohuimandarin.com/nls/tts?text=%E9%AA%A8%E5%A4%B4,0.0
5,鼓舞,gu wu,gǔ wǔ,gu3 wu3,to inspire; hearten; embolden,动,https://api.wohuimandarin.com/nls/tts?text=%E9%BC%93%E8%88%9E,0.0
5,鼓掌,gu zhang,gǔ zhǎng,gu3 zhang3,applaud,动,https://api.wohuimandarin.com/nls/tts?text=%E9%BC%93%E6%8E%8C,0.0
5,固定,gu ding,gù dìng,gu4 ding4,fixed; fasten,动,https://api.wohuimandarin.com/nls/tts?text=%E5%9B%BA%E5%AE%9A,0.0
5,挂号,gua hao,guà hào,gua4 hao4,register; send by registered mail,动,https://api.wohuimandarin.com/nls/tts?text=%E6%8C%82%E5%8F%B7,0.0
5,乖,guai,guāi,guai1,obeident; well-behaved [child],形,https://api.wohuimandarin.com/nls/tts?text=gu%C4%81i,0.0
5,拐弯,guai wan,guǎi wān,guai3 wan1,to turn a corner; turn round; pursue a new course,动,https://api.wohuimandarin.com/nls/tts?text=%E6%8B%90%E5%BC%AF,0.0
5,怪不得,guai bu de,guài bu de,guai4 bu5 de5,no wonder; so that's why,副,https://api.wohuimandarin.com/nls/tts?text=%E6%80%AA%E4%B8%8D%E5%BE%97,0.0
5,官,guan,guān,guan1,government official,名,https://api.wohuimandarin.com/nls/tts?text=gu%C4%81n,0.0
5,关闭,guan bi,guān bì,guan1 bi4,to close; to shut,动,https://api.wohuimandarin.com/nls/tts?text=%E5%85%B3%E9%97%AD,0.0
5,观察,guan cha,guān chá,guan1 cha2,observe; watch; survey,动,https://api.wohuimandarin.com/nls/tts?text=%E8%A7%82%E5%AF%9F,0.0
5,观点,guan dian,guān diǎn,guan1 dian3,point of view; standpoint,名,https://api.wohuimandarin.com/nls/tts?text=%E8%A7%82%E7%82%B9,0.0
5,观念,guan nian,guān niàn,guan1 nian4,sense; concept; perception,名,https://api.wohuimandarin.com/nls/tts?text=%E8%A7%82%E5%BF%B5,0.0
5,管子,guan zi,guǎn zi,guan3 zi5,tube; pipe; valve,动,https://api.wohuimandarin.com/nls/tts?text=%E7%AE%A1%E5%AD%90,0.0
5,冠军,guan jun,guàn jūn,guan4 jun1,champion,名,https://api.wohuimandarin.com/nls/tts?text=%E5%86%A0%E5%86%9B,0.0
5,光滑,guang hua,guāng huá,guang1 hua2,smooth; glossy; slick,形,https://api.wohuimandarin.com/nls/tts?text=%E5%85%89%E6%BB%91,0.0
5,光临,guang lin,guāng lín,guang1 lin2,to honour with your presence,动,https://api.wohuimandarin.com/nls/tts?text=%E5%85%89%E4%B8%B4,0.0
5,光明,guang ming,guāng míng,guang1 ming2,light; bright; openhearted,形,https://api.wohuimandarin.com/nls/tts?text=%E5%85%89%E6%98%8E,0.0
5,光盘,guang pan,guāng pán,guang1 pan2,laser disc (eg CD or DVD),名,https://api.wohuimandarin.com/nls/tts?text=%E5%85%89%E7%9B%98,0.0
5,广场,guang chang,guǎng chǎng,guang3 chang3,(public) square,名,https://api.wohuimandarin.com/nls/tts?text=%E5%B9%BF%E5%9C%BA,0.0
5,广大,guang da,guǎng dà,guang3 da4,vast; wide; extensive,形,https://api.wohuimandarin.com/nls/tts?text=%E5%B9%BF%E5%A4%A7,0.0
5,广泛,guang fan,guǎng fàn,guang3 fan4,extensive; wide-ranging,形,https://api.wohuimandarin.com/nls/tts?text=%E5%B9%BF%E6%B3%9B,0.0
5,规矩,gui ju,guī ju,gui1 ju5,rule; established practice; custom,名,https://api.wohuimandarin.com/nls/tts?text=%E8%A7%84%E7%9F%A9,0.0
5,规律,gui lv,guī lǜ,gui1 lv4,law; regular pattern,名,https://api.wohuimandarin.com/nls/tts?text=%E8%A7%84%E5%BE%8B,0.0
5,规模,gui mo,guī mó,gui1 mo2,scale; scope; dimensions,名,https://api.wohuimandarin.com/nls/tts?text=%E8%A7%84%E6%A8%A1,0.0
5,归纳,gui na,guī nà,gui1 na4,induce; conclude; sum up,动,https://api.wohuimandarin.com/nls/tts?text=%E5%BD%92%E7%BA%B3,0.0
5,规则,gui ze,guī zé,gui1 ze2,rule; regulation,名,https://api.wohuimandarin.com/nls/tts?text=%E8%A7%84%E5%88%99,0.0
5,柜台,gui tai,guì tái,gui4 tai2,counter; bar,名,https://api.wohuimandarin.com/nls/tts?text=%E6%9F%9C%E5%8F%B0,0.0
5,滚,gun,gǔn,gun3,to roll; trundle,动,https://api.wohuimandarin.com/nls/tts?text=g%C7%94n,0.0
5,锅,guo,guō,guo1,pan; pot; wok,名,https://api.wohuimandarin.com/nls/tts?text=gu%C5%8D,0.0
5,国庆节,guo qing jie,guó qìng jié,guo2 qing4 jie2,National Day,名,https://api.wohuimandarin.com/nls/tts?text=%E5%9B%BD%E5%BA%86%E8%8A%82,0.0
5,国王,guo wang,guó wáng,guo2 wang2,king,名,https://api.wohuimandarin.com/nls/tts?text=%E5%9B%BD%E7%8E%8B,0.0
5,果然,guo ran,guǒ rán,guo3 ran2,really,副,https://api.wohuimandarin.com/nls/tts?text=%E6%9E%9C%E7%84%B6,1.0
5,果实,guo shi,guǒ shí,guo3 shi2,fruit; gains,名,https://api.wohuimandarin.com/nls/tts?text=%E6%9E%9C%E5%AE%9E,0.0
5,过分,guo fen,guò fèn,guo4 fen4,excessive; go too far,形,https://api.wohuimandarin.com/nls/tts?text=%E8%BF%87%E5%88%86,0.0
5,过敏,guo min,guò mǐn,guo4 min3,allergy; irritability,动,https://api.wohuimandarin.com/nls/tts?text=%E8%BF%87%E6%95%8F,0.0
5,过期,guo qi,guò qī,guo4 qi1,exceed the time limit; be overdue; expire,动,https://api.wohuimandarin.com/nls/tts?text=%E8%BF%87%E6%9C%9F,0.0
5,哈,ha,hā,ha1,ha,叹,https://api.wohuimandarin.com/nls/tts?text=h%C4%81,0.0
5,海关,hai guan,hǎi guān,hai3 guan1,customs [import/export],名,https://api.wohuimandarin.com/nls/tts?text=%E6%B5%B7%E5%85%B3,0.0
5,海鲜,hai xian,hǎi xiān,hai3 xian1,seafood,名,https://api.wohuimandarin.com/nls/tts?text=%E6%B5%B7%E9%B2%9C,0.0
5,喊,han,hǎn,han3,shout; cry out; yell,动,https://api.wohuimandarin.com/nls/tts?text=h%C7%8En,0.0
5,行业,hang ye,háng yè,hang2 ye4,trade; profession; industry,名,https://api.wohuimandarin.com/nls/tts?text=%E8%A1%8C%E4%B8%9A,0.0
5,豪华,hao hua,háo huá,hao2 hua2,luxurious; sumptuous,形,https://api.wohuimandarin.com/nls/tts?text=%E8%B1%AA%E5%8D%8E,0.0
5,好客,hao ke,hào kè,hao4 ke4,be hospitable,形,https://api.wohuimandarin.com/nls/tts?text=%E5%A5%BD%E5%AE%A2,0.0
5,好奇,hao qi,hào qí,hao4 qi2,curious,形,https://api.wohuimandarin.com/nls/tts?text=%E5%A5%BD%E5%A5%87,0.0
5,何必,he bi,hé bì,he2 bi4,there is no need,副,https://api.wohuimandarin.com/nls/tts?text=%E4%BD%95%E5%BF%85,0.0
5,合法,he fa,hé fǎ,he2 fa3,legal; legitimate; rightful,形,https://api.wohuimandarin.com/nls/tts?text=%E5%90%88%E6%B3%95,0.0
5,何况,he kuang,hé kuàng,he2 kuang4,much less; let alone,连,https://api.wohuimandarin.com/nls/tts?text=%E4%BD%95%E5%86%B5,0.0
5,合理,he li,hé lǐ,he2 li3,rational; reasonable; equitable,形,https://api.wohuimandarin.com/nls/tts?text=%E5%90%88%E7%90%86,0.0
5,和平,he ping,hé píng,he2 ping2,peace; mild,名,https://api.wohuimandarin.com/nls/tts?text=%E5%92%8C%E5%B9%B3,0.0
5,合同,he tong,hé tong,he2 tong5,agreement; contract,名,https://api.wohuimandarin.com/nls/tts?text=%E5%90%88%E5%90%8C,0.0
5,核心,he xin,hé xīn,he2 xin1,core; kernel; heart,名,https://api.wohuimandarin.com/nls/tts?text=%E6%A0%B8%E5%BF%83,0.0
5,合影,he ying,hé yǐng,he2 ying3,group photo,动,https://api.wohuimandarin.com/nls/tts?text=%E5%90%88%E5%BD%B1,0.0
5,合作,he zuo,hé zuò,he2 zuo4,cooperate; collaborate; work together,动,https://api.wohuimandarin.com/nls/tts?text=%E5%90%88%E4%BD%9C,0.0
5,恨,hen,hèn,hen4,hate; regret,动,https://api.wohuimandarin.com/nls/tts?text=h%C3%A8n,0.0
5,猴子,hou zi,hóu zi,hou2 zi5,monkey,名,https://api.wohuimandarin.com/nls/tts?text=%E7%8C%B4%E5%AD%90,0.0
5,后背,hou bei,hòu bèi,hou4 bei4,back,名,https://api.wohuimandarin.com/nls/tts?text=%E5%90%8E%E8%83%8C,0.0
5,后果,hou guo,hòu guǒ,hou4 guo3,consequence; aftermath,名,https://api.wohuimandarin.com/nls/tts?text=%E5%90%8E%E6%9E%9C,0.0
5,忽然,hu ran,hū rán,hu1 ran2,suddenly,副,https://api.wohuimandarin.com/nls/tts?text=%E5%BF%BD%E7%84%B6,0.0
5,忽视,hu shi,hū shì,hu1 shi4,ignore; look down upon; overlook,动,https://api.wohuimandarin.com/nls/tts?text=%E5%BF%BD%E8%A7%86,0.0
5,呼吸,hu xi,hū xī,hu1 xi1,to breathe; respire,动,https://api.wohuimandarin.com/nls/tts?text=%E5%91%BC%E5%90%B8,0.0
5,壶,hu,hú,hu2,kettle; pot; flask,名,https://api.wohuimandarin.com/nls/tts?text=h%C3%BA,0.0
5,蝴蝶,hu die,hú dié,hu2 die2,butterfly,名,https://api.wohuimandarin.com/nls/tts?text=%E8%9D%B4%E8%9D%B6,0.0
5,胡说,hu shuo,hú shuō,hu2 shuo1,nonsense; rubbish; drivel,动,https://api.wohuimandarin.com/nls/tts?text=%E8%83%A1%E8%AF%B4,0.0
5,胡同,hu tong,hú tòng,hu2 tong4,alleyway; lane,名,https://api.wohuimandarin.com/nls/tts?text=%E8%83%A1%E5%90%8C,0.0
5,糊涂,hu tu,hú tu,hu2 tu5,muddled; confused; bewildered,形,https://api.wohuimandarin.com/nls/tts?text=%E7%B3%8A%E6%B6%82,0.0
5,花生,hua sheng,huā shēng,hua1 sheng1,peanut,名,https://api.wohuimandarin.com/nls/tts?text=%E8%8A%B1%E7%94%9F,0.0
5,滑,hua,huá,hua2,slippery,形,https://api.wohuimandarin.com/nls/tts?text=hu%C3%A1,0.0
5,华裔,hua yi,huá yì,hua2 yi4,foreign citizen of Chinese origin,名,https://api.wohuimandarin.com/nls/tts?text=%E5%8D%8E%E8%A3%94,0.0
5,划,hua,huà,hua4,to assign,动,https://api.wohuimandarin.com/nls/tts?text=hu%C3%A0,0.0
5,话题,hua ti,huà tí,hua4 ti2,subject of a talk; topic of conversation,名,https://api.wohuimandarin.com/nls/tts?text=%E8%AF%9D%E9%A2%98,0.0
5,化学,hua xue,huà xué,hua4 xue2,chemistry,名,https://api.wohuimandarin.com/nls/tts?text=%E5%8C%96%E5%AD%A6,0.0
5,怀念,huai nian,huái niàn,huai2 nian4,cherish the memory of; remember fondly,动,https://api.wohuimandarin.com/nls/tts?text=%E6%80%80%E5%BF%B5,0.0
5,怀孕,huai yun,huái yùn,huai2 yun4,be pregnant; conceive,动,https://api.wohuimandarin.com/nls/tts?text=%E6%80%80%E5%AD%95,0.0
5,缓解,huan jie,huǎn jiě,huan3 jie3,relieve; ease,动,https://api.wohuimandarin.com/nls/tts?text=%E7%BC%93%E8%A7%A3,0.0
5,幻想,huan xiang,huàn xiǎng,huan4 xiang3,illusion; fantasy; figment of one's imagination,动,https://api.wohuimandarin.com/nls/tts?text=%E5%B9%BB%E6%83%B3,0.0
5,慌张,huang zhang,huāng zhāng,huang1 zhang1,flustered; confused; trepidation,形,https://api.wohuimandarin.com/nls/tts?text=%E6%85%8C%E5%BC%A0,0.0
5,黄金,huang jin,huáng jīn,huang2 jin1,gold,名,https://api.wohuimandarin.com/nls/tts?text=%E9%BB%84%E9%87%91,0.0
5,挥,hui,huī,hui1,wave; wield; wipe off,动,https://api.wohuimandarin.com/nls/tts?text=hu%C4%AB,0.0
5,灰,hui,huī,hui1,grey; ash; dust,形,https://api.wohuimandarin.com/nls/tts?text=hu%C4%AB,0.0
5,灰尘,hui chen,huī chén,hui1 chen2,dust; dirt; ash,名,https://api.wohuimandarin.com/nls/tts?text=%E7%81%B0%E5%B0%98,0.0
5,恢复,hui fu,huī fù,hui1 fu4,resume; renew; to recover,动,https://api.wohuimandarin.com/nls/tts?text=%E6%81%A2%E5%A4%8D,0.0
5,灰心,hui xin,huī xīn,hui1 xin1,to lose heart; to be discouraged; be disappointed,形,https://api.wohuimandarin.com/nls/tts?text=%E7%81%B0%E5%BF%83,0.0
5,汇率,hui lv,huì lǜ,hui4 lv4,exchange rate,名,https://api.wohuimandarin.com/nls/tts?text=%E6%B1%87%E7%8E%87,0.0
5,婚礼,hun li,hūn lǐ,hun1 li3,wedding,名,https://api.wohuimandarin.com/nls/tts?text=%E5%A9%9A%E7%A4%BC,0.0
5,婚姻,hun yin,hūn yīn,hun1 yin1,marriage; matrimony,名,https://api.wohuimandarin.com/nls/tts?text=%E5%A9%9A%E5%A7%BB,0.0
5,活跃,huo yue,huó yuè,huo2 yue4,brisk; dynamic; lively,形,https://api.wohuimandarin.com/nls/tts?text=%E6%B4%BB%E8%B7%83,0.0
5,伙伴,huo ban,huǒ bàn,huo3 ban4,partner; companion; colleague,名,https://api.wohuimandarin.com/nls/tts?text=%E4%BC%99%E4%BC%B4,0.0
5,火柴,huo chai,huǒ chái,huo3 chai2,match,名,https://api.wohuimandarin.com/nls/tts?text=%E7%81%AB%E6%9F%B4,0.0
5,或许,huo xu,huò xǔ,huo4 xu3,perhaps; maybe,副,https://api.wohuimandarin.com/nls/tts?text=%E6%88%96%E8%AE%B8,0.0
5,基本,ji ben,jī běn,ji1 ben3,basic; fundamental,形,https://api.wohuimandarin.com/nls/tts?text=%E5%9F%BA%E6%9C%AC,0.0
5,激烈,ji lie,jī liè,ji1 lie4,intense; sharp; fierce,形,https://api.wohuimandarin.com/nls/tts?text=%E6%BF%80%E7%83%88,0.0
5,机器,ji qi,jī qì,ji1 qi4,machine; engine; apparatus,名,https://api.wohuimandarin.com/nls/tts?text=%E6%9C%BA%E5%99%A8,0.0
5,肌肉,ji rou,jī ròu,ji1 rou4,muscle,名,https://api.wohuimandarin.com/nls/tts?text=%E8%82%8C%E8%82%89,0.0
5,及格,ji ge,jí gé,ji2 ge2,"pass (a test, examination etc)",动,https://api.wohuimandarin.com/nls/tts?text=%E5%8F%8A%E6%A0%BC,0.0
5,集合,ji he,jí hé,ji2 he2,to gather,动,https://api.wohuimandarin.com/nls/tts?text=%E9%9B%86%E5%90%88,0.0
5,急忙,ji mang,jí máng,ji2 mang2,in a hurry; in haste,副,https://api.wohuimandarin.com/nls/tts?text=%E6%80%A5%E5%BF%99,0.0
5,极其,ji qi,jí qí,ji2 qi2,extremely,副,https://api.wohuimandarin.com/nls/tts?text=%E6%9E%81%E5%85%B6,1.0
5,集体,ji ti,jí tǐ,ji2 ti3,collective; community; group,名,https://api.wohuimandarin.com/nls/tts?text=%E9%9B%86%E4%BD%93,0.0
5,急诊,ji zhen,jí zhěn,ji2 zhen3,emergency call,动,https://api.wohuimandarin.com/nls/tts?text=%E6%80%A5%E8%AF%8A,0.0
5,集中,ji zhong,jí zhōng,ji2 zhong1,to concentrate; focus; pay attention,动,https://api.wohuimandarin.com/nls/tts?text=%E9%9B%86%E4%B8%AD,0.0
5,系领带,ji ling dai,jì lǐng dài,ji4 ling3 dai4,tie a (neck)tie,,https://api.wohuimandarin.com/nls/tts?text=%E7%B3%BB%E9%A2%86%E5%B8%A6,0.0
5,纪录,ji lu,jì lù,ji4 lu4,to record,动,https://api.wohuimandarin.com/nls/tts?text=%E7%BA%AA%E5%BD%95,0.0
5,记录,ji lu,jì lù,ji4 lu4,take notes; keep the minutes,动,https://api.wohuimandarin.com/nls/tts?text=%E8%AE%B0%E5%BD%95,0.0
5,纪律,ji lv,jì lǜ,ji4 lv4,discipline,名,https://api.wohuimandarin.com/nls/tts?text=%E7%BA%AA%E5%BE%8B,0.0
5,寂寞,ji mo,jì mò,ji4 mo4,lonely; lonesome,形,https://api.wohuimandarin.com/nls/tts?text=%E5%AF%82%E5%AF%9E,0.0
5,纪念,ji nian,jì niàn,ji4 nian4,commemorate,动,https://api.wohuimandarin.com/nls/tts?text=%E7%BA%AA%E5%BF%B5,0.0
5,计算,ji suan,jì suàn,ji4 suan4,count; compute; calculate,动,https://api.wohuimandarin.com/nls/tts?text=%E8%AE%A1%E7%AE%97,0.0
5,记忆,ji yi,jì yì,ji4 yi4,recall; memory; storage,名,https://api.wohuimandarin.com/nls/tts?text=%E8%AE%B0%E5%BF%86,0.0
5,嘉宾,jia bin,jiā bīn,jia1 bin1,honoured guest,名,https://api.wohuimandarin.com/nls/tts?text=%E5%98%89%E5%AE%BE,0.0
5,家庭,jia ting,jiā tíng,jia1 ting2,family; household,名,https://api.wohuimandarin.com/nls/tts?text=%E5%AE%B6%E5%BA%AD,0.0
5,家务,jia wu,jiā wù,jia1 wu4,house work,名,https://api.wohuimandarin.com/nls/tts?text=%E5%AE%B6%E5%8A%A1,0.0
5,家乡,jia xiang,jiā xiāng,jia1 xiang1,home town;native place,名,https://api.wohuimandarin.com/nls/tts?text=%E5%AE%B6%E4%B9%A1,0.0
5,夹子,jia zi,jiā zi,jia1 zi5,folder; tongs; clamp; clip,名,https://api.wohuimandarin.com/nls/tts?text=%E5%A4%B9%E5%AD%90,0.0
5,甲,jia,jiǎ,jia3,shell; nail; first; the first of the ten Heavenly Stems,名,https://api.wohuimandarin.com/nls/tts?text=ji%C7%8E,0.0
5,假如,jia ru,jiǎ rú,jia3 ru2,if; supposing; in case,连,https://api.wohuimandarin.com/nls/tts?text=%E5%81%87%E5%A6%82,0.0
5,假设,jia she,jiǎ shè,jia3 she4,suppose; assume; presume,动,https://api.wohuimandarin.com/nls/tts?text=%E5%81%87%E8%AE%BE,0.0
5,假装,jia zhuang,jiǎ zhuāng,jia3 zhuang1,to pretend; feign,动,https://api.wohuimandarin.com/nls/tts?text=%E5%81%87%E8%A3%85,0.0
5,嫁,jia,jià,jia4,marry; shift; transfer,动,https://api.wohuimandarin.com/nls/tts?text=ji%C3%A0,0.0
5,驾驶,jia shi,jià shǐ,jia4 shi3,drive; pilot; steer,动,https://api.wohuimandarin.com/nls/tts?text=%E9%A9%BE%E9%A9%B6,0.0
5,价值,jia zhi,jià zhí,jia4 zhi2,value; cost; worth,名,https://api.wohuimandarin.com/nls/tts?text=%E4%BB%B7%E5%80%BC,0.0
5,肩膀,jian bang,jiān bǎng,jian1 bang3,shoulder,名,https://api.wohuimandarin.com/nls/tts?text=%E8%82%A9%E8%86%80,0.0
5,艰巨,jian ju,jiān jù,jian1 ju4,arduous; formidable; onerous,形,https://api.wohuimandarin.com/nls/tts?text=%E8%89%B0%E5%B7%A8,0.0
5,坚决,jian jue,jiān jué,jian1 jue2,firm; resolute; determined,形,https://api.wohuimandarin.com/nls/tts?text=%E5%9D%9A%E5%86%B3,0.0
5,艰苦,jian ku,jiān kǔ,jian1 ku3,arduous; difficult; tough,形,https://api.wohuimandarin.com/nls/tts?text=%E8%89%B0%E8%8B%A6,0.0
5,坚强,jian qiang,jiān qiáng,jian1 qiang2,strong; firm; staunch,形,https://api.wohuimandarin.com/nls/tts?text=%E5%9D%9A%E5%BC%BA,0.0
5,兼职,jian zhi,jiān zhí,jian1 zhi2,hold two or more posts concurrently; part-time job,名,https://api.wohuimandarin.com/nls/tts?text=%E5%85%BC%E8%81%8C,0.0
5,捡,jian,jiǎn,jian3,to pick up; collect; to gather,动,https://api.wohuimandarin.com/nls/tts?text=ji%C7%8En,0.0
5,剪刀,jian dao,jiǎn dāo,jian3 dao1,scissors; shears,名,https://api.wohuimandarin.com/nls/tts?text=%E5%89%AA%E5%88%80,0.0
5,简历,jian li,jiǎn lì,jian3 li4,Curriculum Vitae (CV); résumé,名,https://api.wohuimandarin.com/nls/tts?text=%E7%AE%80%E5%8E%86,0.0
5,简直,jian zhi,jiǎn zhí,jian3 zhi2,simply,副,https://api.wohuimandarin.com/nls/tts?text=%E7%AE%80%E7%9B%B4,0.0
5,建立,jian li,jiàn lì,jian4 li4,build; set up; establish,动,https://api.wohuimandarin.com/nls/tts?text=%E5%BB%BA%E7%AB%8B,0.0
5,键盘,jian pan,jiàn pán,jian4 pan2,keyboard,名,https://api.wohuimandarin.com/nls/tts?text=%E9%94%AE%E7%9B%98,0.0
5,建设,jian she,jiàn shè,jian4 she4,to build; to construct; develop,动,https://api.wohuimandarin.com/nls/tts?text=%E5%BB%BA%E8%AE%BE,0.0
5,健身,jian shen,jiàn shēn,jian4 shen1,keep fit,动,https://api.wohuimandarin.com/nls/tts?text=%E5%81%A5%E8%BA%AB,0.0
5,建筑,jian zhu,jiàn zhù,jian4 zhu4,build; construct; erect,名,https://api.wohuimandarin.com/nls/tts?text=%E5%BB%BA%E7%AD%91,0.0
5,讲究,jiang jiu,jiǎng jiu,jiang3 jiu5,be particular about; to pay attention to,动,https://api.wohuimandarin.com/nls/tts?text=%E8%AE%B2%E7%A9%B6,0.0
5,讲座,jiang zuo,jiǎng zuò,jiang3 zuo4,series of lectures,名,https://api.wohuimandarin.com/nls/tts?text=%E8%AE%B2%E5%BA%A7,0.0
5,酱油,jiang you,jiàng yóu,jiang4 you2,soy sauce,名,https://api.wohuimandarin.com/nls/tts?text=%E9%85%B1%E6%B2%B9,0.0
5,浇,jiao,jiāo,jiao1,sprinkle water on; irrigate; to water,动,https://api.wohuimandarin.com/nls/tts?text=ji%C4%81o,0.0
5,交换,jiao huan,jiāo huàn,jiao1 huan4,swap; to exchange,动,https://api.wohuimandarin.com/nls/tts?text=%E4%BA%A4%E6%8D%A2,0.0
5,交际,jiao ji,jiāo jì,jiao1 ji4,communication; social intercourse,动,https://api.wohuimandarin.com/nls/tts?text=%E4%BA%A4%E9%99%85,0.0
5,胶水,jiao shui,jiāo shuǐ,jiao1 shui3,glue,名,https://api.wohuimandarin.com/nls/tts?text=%E8%83%B6%E6%B0%B4,0.0
5,交往,jiao wang,jiāo wǎng,jiao1 wang3,be in contact with; associate with,动,https://api.wohuimandarin.com/nls/tts?text=%E4%BA%A4%E5%BE%80,0.0
5,角度,jiao du,jiǎo dù,jiao3 du4,angle; point of view,名,https://api.wohuimandarin.com/nls/tts?text=%E8%A7%92%E5%BA%A6,0.0
5,狡猾,jiao hua,jiǎo huá,jiao3 hua2,sly; crafty; cunning,形,https://api.wohuimandarin.com/nls/tts?text=%E7%8B%A1%E7%8C%BE,0.0
5,教材,jiao cai,jiào cái,jiao4 cai2,teaching material,名,https://api.wohuimandarin.com/nls/tts?text=%E6%95%99%E6%9D%90,0.0
5,教练,jiao lian,jiào liàn,jiao4 lian4,train; drill; (sports) coach,名,https://api.wohuimandarin.com/nls/tts?text=%E6%95%99%E7%BB%83,0.0
5,教训,jiao xun,jiào xun,jiao4 xun5,lesson; moral,动/名,https://api.wohuimandarin.com/nls/tts?text=%E6%95%99%E8%AE%AD,0.0
5,接触,jie chu,jiē chù,jie1 chu4,come into contact with; to get in touch with; engage,动,https://api.wohuimandarin.com/nls/tts?text=%E6%8E%A5%E8%A7%A6,0.0
5,接待,jie dai,jiē dài,jie1 dai4,to receive (visitor); admit,动,https://api.wohuimandarin.com/nls/tts?text=%E6%8E%A5%E5%BE%85,0.0
5,阶段,jie duan,jiē duàn,jie1 duan4,section; stage; phase,名,https://api.wohuimandarin.com/nls/tts?text=%E9%98%B6%E6%AE%B5,0.0
5,接近,jie jin,jiē jìn,jie1 jin4,be close to; to approach,动,https://api.wohuimandarin.com/nls/tts?text=%E6%8E%A5%E8%BF%91,0.0
5,结实,jie shi,jiē shi,jie1 shi5,solid; sturdy; durable,形,https://api.wohuimandarin.com/nls/tts?text=%E7%BB%93%E5%AE%9E,0.0
5,结构,jie gou,jié gòu,jie2 gou4,structure; composition; construction,名,https://api.wohuimandarin.com/nls/tts?text=%E7%BB%93%E6%9E%84,0.0
5,结合,jie he,jié hé,jie2 he2,to combine; unite; integrate,动,https://api.wohuimandarin.com/nls/tts?text=%E7%BB%93%E5%90%88,0.0
5,结论,jie lun,jié lùn,jie2 lun4,conclusion; verdict; epilogue,名,https://api.wohuimandarin.com/nls/tts?text=%E7%BB%93%E8%AE%BA,0.0
5,节省,jie sheng,jié shěng,jie2 sheng3,to economise; save; use sparingly,动,https://api.wohuimandarin.com/nls/tts?text=%E8%8A%82%E7%9C%81,0.0
5,结账,jie zhang,jié zhàng,jie2 zhang4,to pay the bill,动,https://api.wohuimandarin.com/nls/tts?text=%E7%BB%93%E8%B4%A6,0.0
5,戒,jie,jiè,jie4,to give up or stop doing something,动,https://api.wohuimandarin.com/nls/tts?text=ji%C3%A8,0.0
5,届,jie,jiè,jie4,"fall due; [measure word for meetings, events, etc.]",量,https://api.wohuimandarin.com/nls/tts?text=ji%C3%A8,0.0
5,借口,jie kou,jiè kǒu,jie4 kou3,use as an excuse; on the pretext of,名,https://api.wohuimandarin.com/nls/tts?text=%E5%80%9F%E5%8F%A3,0.0
5,戒指,jie zhi,jiè zhi,jie4 zhi5,ring [jewellry],名,https://api.wohuimandarin.com/nls/tts?text=%E6%88%92%E6%8C%87,0.0
5,金属,jin shu,jīn shǔ,jin1 shu3,metal,名,https://api.wohuimandarin.com/nls/tts?text=%E9%87%91%E5%B1%9E,0.0
5,紧急,jin ji,jǐn jí,jin3 ji2,urgent; pressing,形,https://api.wohuimandarin.com/nls/tts?text=%E7%B4%A7%E6%80%A5,0.0
5,尽快,jin kuai,jǐn kuài,jin3 kuai4,as quickly  as possible,副,https://api.wohuimandarin.com/nls/tts?text=%E5%B0%BD%E5%BF%AB,0.0
5,谨慎,jin shen,jǐn shèn,jin3 shen4,prudent; careful; cautious,形,https://api.wohuimandarin.com/nls/tts?text=%E8%B0%A8%E6%85%8E,0.0
5,进步,jin bu,jìn bù,jin4 bu4,progress,动,https://api.wohuimandarin.com/nls/tts?text=%E8%BF%9B%E6%AD%A5,0.0
5,近代,jin dai,jìn dài,jin4 dai4,modern times,名,https://api.wohuimandarin.com/nls/tts?text=%E8%BF%91%E4%BB%A3,0.0
5,进口,jin kou,jìn kǒu,jin4 kou3,import; entrance; sail into a port,动,https://api.wohuimandarin.com/nls/tts?text=%E8%BF%9B%E5%8F%A3,0.0
5,尽力,jin li,jìn lì,jin4 li4,to do all one can; try one's best,动,https://api.wohuimandarin.com/nls/tts?text=%E5%B0%BD%E5%8A%9B,0.0
5,尽量,jin liang,jìn liàng,jin4 liang4,to the best of one's ability; as far as possible,副,https://api.wohuimandarin.com/nls/tts?text=%E5%B0%BD%E9%87%8F,0.0
5,经典,jing dian,jīng diǎn,jing1 dian3,classics,形,https://api.wohuimandarin.com/nls/tts?text=%E7%BB%8F%E5%85%B8,0.0
5,精力,jing li,jīng lì,jing1 li4,energy; vigour; vim,名,https://api.wohuimandarin.com/nls/tts?text=%E7%B2%BE%E5%8A%9B,0.0
5,经商,jing shang,jīng shāng,jing1 shang1,engage in trade; be in business,动,https://api.wohuimandarin.com/nls/tts?text=%E7%BB%8F%E5%95%86,0.0
5,精神,jing shen,jīng shén,jing1 shen2,essence; spirit,名,https://api.wohuimandarin.com/nls/tts?text=%E7%B2%BE%E7%A5%9E,0.0
5,经营,jing ying,jīng yíng,jing1 ying2,manage; to operate; to run,动,https://api.wohuimandarin.com/nls/tts?text=%E7%BB%8F%E8%90%A5,0.0
5,酒吧,jiu ba,jiǔ bā,jiu3 ba1,bar,名,https://api.wohuimandarin.com/nls/tts?text=%E9%85%92%E5%90%A7,0.0
5,救,jiu,jiù,jiu4,to rescue; save,动,https://api.wohuimandarin.com/nls/tts?text=ji%C3%B9,5.0
5,救护车,jiu hu che,jiù hù chē,jiu4 hu4 che1,ambulance,名,https://api.wohuimandarin.com/nls/tts?text=%E6%95%91%E6%8A%A4%E8%BD%A6,0.0
5,舅舅,jiu jiu,jiù jiu,jiu4 jiu5,uncle [mother's brother],名,https://api.wohuimandarin.com/nls/tts?text=%E8%88%85%E8%88%85,0.0
5,居然,ju ran,jū rán,ju1 ran2,unexpectedly; to one's surprise,副,https://api.wohuimandarin.com/nls/tts?text=%E5%B1%85%E7%84%B6,3.0
5,桔子,ju zi,jú zi,ju2 zi5,tangerine,名,https://api.wohuimandarin.com/nls/tts?text=%E6%A1%94%E5%AD%90,0.0
5,具备,ju bei,jù bèi,ju4 bei4,possess; have; be provided with,动,https://api.wohuimandarin.com/nls/tts?text=%E5%85%B7%E5%A4%87,0.0
5,巨大,ju da,jù dà,ju4 da4,huge; enormous; gigantic,形,https://api.wohuimandarin.com/nls/tts?text=%E5%B7%A8%E5%A4%A7,0.0
5,俱乐部,ju le bu,jù lè bù,ju4 le4 bu4,club,名,https://api.wohuimandarin.com/nls/tts?text=%E4%BF%B1%E4%B9%90%E9%83%A8,0.0
5,据说,ju shuo,jù shuō,ju4 shuo1,it is said; they say; allegedly,动,https://api.wohuimandarin.com/nls/tts?text=%E6%8D%AE%E8%AF%B4,0.0
5,具体,ju ti,jù tǐ,ju4 ti3,concrete; specific; particular,形,https://api.wohuimandarin.com/nls/tts?text=%E5%85%B7%E4%BD%93,0.0
5,捐,juan,juān,juan1,relinquish; contribute; donate,动,https://api.wohuimandarin.com/nls/tts?text=ju%C4%81n,0.0
5,绝对,jue dui,jué duì,jue2 dui4,absolutely; perfectly,副,https://api.wohuimandarin.com/nls/tts?text=%E7%BB%9D%E5%AF%B9,0.0
5,决赛,jue sai,jué sài,jue2 sai4,finals [of a competition],名,https://api.wohuimandarin.com/nls/tts?text=%E5%86%B3%E8%B5%9B,0.0
5,角色,jue se,jué sè,jue2 se4,role; part,名,https://api.wohuimandarin.com/nls/tts?text=%E8%A7%92%E8%89%B2,4.0
5,决心,jue xin,jué xīn,jue2 xin1,determination; resolution,名,https://api.wohuimandarin.com/nls/tts?text=%E5%86%B3%E5%BF%83,0.0
5,军事,jun shi,jūn shì,jun1 shi4,military affairs,名,https://api.wohuimandarin.com/nls/tts?text=%E5%86%9B%E4%BA%8B,0.0
5,均匀,jun yun,jūn yún,jun1 yun2,even; well-distributed; equality,形,https://api.wohuimandarin.com/nls/tts?text=%E5%9D%87%E5%8C%80,0.0
5,卡车,ka che,kǎ chē,ka3 che1,lorry; truck,名,https://api.wohuimandarin.com/nls/tts?text=%E5%8D%A1%E8%BD%A6,0.0
5,开发,kai fa,kāi fā,kai1 fa1,develop; open up; exploit,动,https://api.wohuimandarin.com/nls/tts?text=%E5%BC%80%E5%8F%91,0.0
5,开放,kai fang,kāi fàng,kai1 fang4,lift a restriction; open up (to the outside world/ public etc.),动/形,https://api.wohuimandarin.com/nls/tts?text=%E5%BC%80%E6%94%BE,0.0
5,开幕式,kai mu shi,kāi mù shì,kai1 mu4 shi4,inauguration; opening ceremony,名,https://api.wohuimandarin.com/nls/tts?text=%E5%BC%80%E5%B9%95%E5%BC%8F,0.0
5,开水,kai shui,kāi shuǐ,kai1 shui3,boiling water,名,https://api.wohuimandarin.com/nls/tts?text=%E5%BC%80%E6%B0%B4,0.0
5,砍,kan,kǎn,kan3,cut; chop; hack,动,https://api.wohuimandarin.com/nls/tts?text=k%C7%8En,0.0
5,看不起,kan bu qi,kàn bu qǐ,kan4 bu5 qi3,look down upon; scorn; disdain,动,https://api.wohuimandarin.com/nls/tts?text=%E7%9C%8B%E4%B8%8D%E8%B5%B7,0.0
5,看望,kan wang,kàn wàng,kan4 wang4,call on; visit,动,https://api.wohuimandarin.com/nls/tts?text=%E7%9C%8B%E6%9C%9B,0.0
5,靠,kao,kào,kao4,lean on,动,https://api.wohuimandarin.com/nls/tts?text=k%C3%A0o,0.0
5,颗,ke,kē,ke1,grain; [measure word for anything small and roundish],量,https://api.wohuimandarin.com/nls/tts?text=k%C4%93,0.0
5,可见,ke jian,kě jiàn,ke3 jian4,it is thus clear that; visible; visual,连,https://api.wohuimandarin.com/nls/tts?text=%E5%8F%AF%E8%A7%81,0.0
5,可靠,ke kao,kě kào,ke3 kao4,reliable; dependable; trustworthy,形,https://api.wohuimandarin.com/nls/tts?text=%E5%8F%AF%E9%9D%A0,0.0
5,可怕,ke pa,kě pà,ke3 pa4,frightening; dreadful,形,https://api.wohuimandarin.com/nls/tts?text=%E5%8F%AF%E6%80%95,5.0
5,克,ke,kè,ke4,gram,量,https://api.wohuimandarin.com/nls/tts?text=k%C3%A8,0.0
5,课程,ke cheng,kè chéng,ke4 cheng2,curriculum; course,名,https://api.wohuimandarin.com/nls/tts?text=%E8%AF%BE%E7%A8%8B,0.0
5,克服,ke fu,kè fú,ke4 fu2,overcome; conquer; endure,动,https://api.wohuimandarin.com/nls/tts?text=%E5%85%8B%E6%9C%8D,0.0
5,客观,ke guan,kè guān,ke4 guan1,objective,形,https://api.wohuimandarin.com/nls/tts?text=%E5%AE%A2%E8%A7%82,0.0
5,刻苦,ke ku,kè kǔ,ke4 ku3,assiduous; hardworking; painstaking,形,https://api.wohuimandarin.com/nls/tts?text=%E5%88%BB%E8%8B%A6,0.0
5,空间,kong jian,kōng jiān,kong1 jian1,space; enclosure,名,https://api.wohuimandarin.com/nls/tts?text=%E7%A9%BA%E9%97%B4,0.0
5,空闲,kong xian,kòng xián,kong4 xian2,free time; spare time,形,https://api.wohuimandarin.com/nls/tts?text=%E7%A9%BA%E9%97%B2,0.0
5,控制,kong zhi,kòng zhì,kong4 zhi4,control; regulate,动,https://api.wohuimandarin.com/nls/tts?text=%E6%8E%A7%E5%88%B6,0.0
5,口味,kou wei,kǒu wèi,kou3 wei4,flavour/taste,名,https://api.wohuimandarin.com/nls/tts?text=%E5%8F%A3%E5%91%B3,0.0
5,夸,kua,kuā,kua1,exaggerate; boast,动,https://api.wohuimandarin.com/nls/tts?text=ku%C4%81,0.0
5,夸张,kua zhang,kuā zhāng,kua1 zhang1,to exaggerate,形,https://api.wohuimandarin.com/nls/tts?text=%E5%A4%B8%E5%BC%A0,0.0
5,会计,kuai ji,kuài jì,kuai4 ji4,accountancy,名,https://api.wohuimandarin.com/nls/tts?text=%E4%BC%9A%E8%AE%A1,0.0
5,宽,kuan,kuān,kuan1,wide,形,https://api.wohuimandarin.com/nls/tts?text=ku%C4%81n,0.0
5,昆虫,kun chong,kūn chóng,kun1 chong2,insect,名,https://api.wohuimandarin.com/nls/tts?text=%E6%98%86%E8%99%AB,0.0
5,扩大,kuo da,kuò dà,kuo4 da4,to expand,动,https://api.wohuimandarin.com/nls/tts?text=%E6%89%A9%E5%A4%A7,0.0
5,辣椒,la jiao,là jiāo,la4 jiao1,chilli,名,https://api.wohuimandarin.com/nls/tts?text=%E8%BE%A3%E6%A4%92,0.0
5,拦,lan,lán,lan2,bar; block; hinder,动,https://api.wohuimandarin.com/nls/tts?text=l%C3%A1n,0.0
5,烂,lan,làn,lan4,mashed; mushy; sodden,形,https://api.wohuimandarin.com/nls/tts?text=l%C3%A0n,0.0
5,朗读,lang du,lǎng dú,lang3 du2,read aloud; read loudly and clearly,动,https://api.wohuimandarin.com/nls/tts?text=%E6%9C%97%E8%AF%BB,0.0
5,劳动,lao dong,láo dòng,lao2 dong4,labour; bother,动,https://api.wohuimandarin.com/nls/tts?text=%E5%8A%B3%E5%8A%A8,0.0
5,劳驾,lao jia,láo jià,lao2 jia4,excuse me,动,https://api.wohuimandarin.com/nls/tts?text=%E5%8A%B3%E9%A9%BE,0.0
5,老百姓,lao bai xing,lǎo bǎi xìng,lao3 bai3 xing4,common people; civilians,名,https://api.wohuimandarin.com/nls/tts?text=%E8%80%81%E7%99%BE%E5%A7%93,0.0
5,老板,lao ban,lǎo bǎn,lao3 ban3,boss; proprietor; shopkeeper,名,https://api.wohuimandarin.com/nls/tts?text=%E8%80%81%E6%9D%BF,0.0
5,姥姥,lao lao,lǎo lao,lao3 lao5,grandmother [mother's mother],名,https://api.wohuimandarin.com/nls/tts?text=%E5%A7%A5%E5%A7%A5,0.0
5,老婆,lao po,lǎo po,lao3 po0,wife [colloquial],名,https://api.wohuimandarin.com/nls/tts?text=%E8%80%81%E5%A9%86,0.0
5,老实,lao shi,lǎo shi,lao3 shi5,honest; frank,形,https://api.wohuimandarin.com/nls/tts?text=%E8%80%81%E5%AE%9E,0.0
5,老鼠,lao shu,lǎo shǔ,lao3 shu3,mouse; rat,名,https://api.wohuimandarin.com/nls/tts?text=%E8%80%81%E9%BC%A0,0.0
5,乐观,le guan,lè guān,le4 guan1,optimistic,形,https://api.wohuimandarin.com/nls/tts?text=%E4%B9%90%E8%A7%82,0.0
5,雷,lei,léi,lei2,thunder,名,https://api.wohuimandarin.com/nls/tts?text=l%C3%A9i,0.0
5,类型,lei xing,lèi xíng,lei4 xing2,type,名,https://api.wohuimandarin.com/nls/tts?text=%E7%B1%BB%E5%9E%8B,0.0
5,冷淡,leng dan,lěng dàn,leng3 dan4,treat coldly; give the cold shoulder to,形,https://api.wohuimandarin.com/nls/tts?text=%E5%86%B7%E6%B7%A1,0.0
5,梨,li,lí,li2,pear,名,https://api.wohuimandarin.com/nls/tts?text=l%C3%AD,0.0
5,离婚,li hun,lí hūn,li2 hun1,divorce,动,https://api.wohuimandarin.com/nls/tts?text=%E7%A6%BB%E5%A9%9A,0.0
5,厘米,li mi,lí mǐ,li2 mi3,centimetre,量,https://api.wohuimandarin.com/nls/tts?text=%E5%8E%98%E7%B1%B3,0.0
5,理论,li lun,lǐ lùn,li3 lun4,theory,名,https://api.wohuimandarin.com/nls/tts?text=%E7%90%86%E8%AE%BA,0.0
5,理由,li you,lǐ yóu,li3 you2,reason; justification,名,https://api.wohuimandarin.com/nls/tts?text=%E7%90%86%E7%94%B1,0.0
5,立即,li ji,lì jí,li4 ji2,immediately; at once; promptly,副,https://api.wohuimandarin.com/nls/tts?text=%E7%AB%8B%E5%8D%B3,0.0
5,立刻,li ke,lì kè,li4 ke4,immediately; at once; right away,副,https://api.wohuimandarin.com/nls/tts?text=%E7%AB%8B%E5%88%BB,0.0
5,力量,li liang,lì liang,li4 liang5,physical strength; power,名,https://api.wohuimandarin.com/nls/tts?text=%E5%8A%9B%E9%87%8F,5.0
5,利润,li run,lì rùn,li4 run4,profit,名,https://api.wohuimandarin.com/nls/tts?text=%E5%88%A9%E6%B6%A6,0.0
5,利息,li xi,lì xī,li4 xi1,interest rate,名,https://api.wohuimandarin.com/nls/tts?text=%E5%88%A9%E6%81%AF,0.0
5,利益,li yi,lì yì,li4 yi4,gain; benefit; profit,名,https://api.wohuimandarin.com/nls/tts?text=%E5%88%A9%E7%9B%8A,0.0
5,利用,li yong,lì yòng,li4 yong4,make use of; take advantage of,动,https://api.wohuimandarin.com/nls/tts?text=%E5%88%A9%E7%94%A8,0.0
5,联合,lian he,lián hé,lian2 he2,alliance; union,动,https://api.wohuimandarin.com/nls/tts?text=%E8%81%94%E5%90%88,0.0
5,连忙,lian mang,lián máng,lian2 mang2,promptly; immediately; instantly,副,https://api.wohuimandarin.com/nls/tts?text=%E8%BF%9E%E5%BF%99,1.0
5,连续,lian xu,lián xù,lian2 xu4,continuous,形,https://api.wohuimandarin.com/nls/tts?text=%E8%BF%9E%E7%BB%AD,0.0
5,恋爱,lian ai,liàn ài,lian4 ai4,love,动,https://api.wohuimandarin.com/nls/tts?text=%E6%81%8B%E7%88%B1,0.0
5,良好,liang hao,liáng hǎo,liang2 hao3,good; fine,形,https://api.wohuimandarin.com/nls/tts?text=%E8%89%AF%E5%A5%BD,0.0
5,粮食,liang shi,liáng shi,liang2 shi5,grain; cereals,名,https://api.wohuimandarin.com/nls/tts?text=%E7%B2%AE%E9%A3%9F,0.0
5,亮,liang,liàng,liang4,bright; to shine,形,https://api.wohuimandarin.com/nls/tts?text=li%C3%A0ng,0.0
5,了不起,liao bu qi,liǎo bu qǐ,liao3 bu5 qi3,amazing; terrific; extraordinary,形,https://api.wohuimandarin.com/nls/tts?text=%E4%BA%86%E4%B8%8D%E8%B5%B7,0.0
5,列车,lie che,liè chē,lie4 che1,train,名,https://api.wohuimandarin.com/nls/tts?text=%E5%88%97%E8%BD%A6,0.0
5,临时,lin shi,lín shí,lin2 shi2,temporary; provisional,副/形,https://api.wohuimandarin.com/nls/tts?text=%E4%B8%B4%E6%97%B6,0.0
5,铃,ling,líng,ling2,bell; [bell-shaped things],名,https://api.wohuimandarin.com/nls/tts?text=l%C3%ADng,0.0
5,灵活,ling huo,líng huó,ling2 huo2,nimble; agile; flexible,形,https://api.wohuimandarin.com/nls/tts?text=%E7%81%B5%E6%B4%BB,0.0
5,零件,ling jian,líng jiàn,ling2 jian4,part; element; component,名,https://api.wohuimandarin.com/nls/tts?text=%E9%9B%B6%E4%BB%B6,0.0
5,零食,ling shi,líng shí,ling2 shi2,snacks; nibbles between meals,名,https://api.wohuimandarin.com/nls/tts?text=%E9%9B%B6%E9%A3%9F,0.0
5,领导,ling dao,lǐng dǎo,ling3 dao3,lead; leader,动/名,https://api.wohuimandarin.com/nls/tts?text=%E9%A2%86%E5%AF%BC,0.0
5,领域,ling yu,lǐng yù,ling3 yu4,territory; domain; field,名,https://api.wohuimandarin.com/nls/tts?text=%E9%A2%86%E5%9F%9F,0.0
5,流传,liu chuan,liú chuán,liu2 chuan2,spread; circulate; hand down,动,https://api.wohuimandarin.com/nls/tts?text=%E6%B5%81%E4%BC%A0,0.0
5,浏览,liu lan,liú lǎn,liu2 lan3,glance over; skim through; browse,动,https://api.wohuimandarin.com/nls/tts?text=%E6%B5%8F%E8%A7%88,0.0
5,流泪,liu lei,liú lèi,liu2 lei4,to shed tears,动,https://api.wohuimandarin.com/nls/tts?text=%E6%B5%81%E6%B3%AA,0.0
5,龙,long,lóng,long2,dragon,名,https://api.wohuimandarin.com/nls/tts?text=l%C3%B3ng,0.0
5,漏,lou,lòu,lou4,to leak; divulge; disclose,动,https://api.wohuimandarin.com/nls/tts?text=l%C3%B2u,0.0
5,陆地,lu di,lù dì,lu4 di4,dry land; terrace,名,https://api.wohuimandarin.com/nls/tts?text=%E9%99%86%E5%9C%B0,0.0
5,录取,lu qu,lù qǔ,lu4 qu3,enroll; recruit; admit to,动,https://api.wohuimandarin.com/nls/tts?text=%E5%BD%95%E5%8F%96,0.0
5,陆续,lu xu,lù xù,lu4 xu4,one after another; in succession,副,https://api.wohuimandarin.com/nls/tts?text=%E9%99%86%E7%BB%AD,0.0
5,录音,lu yin,lù yīn,lu4 yin1,sound recording; film recording,动,https://api.wohuimandarin.com/nls/tts?text=%E5%BD%95%E9%9F%B3,0.0
5,轮流,lun liu,lún liú,lun2 liu2,take turns; rotation,动,https://api.wohuimandarin.com/nls/tts?text=%E8%BD%AE%E6%B5%81,0.0
5,论文,lun wen,lùn wén,lun4 wen2,thesis; dissertation; treatise,名,https://api.wohuimandarin.com/nls/tts?text=%E8%AE%BA%E6%96%87,0.0
5,逻辑,luo ji,luó ji,luo2 ji5,logic,名,https://api.wohuimandarin.com/nls/tts?text=%E9%80%BB%E8%BE%91,0.0
5,落后,luo hou,luò hòu,luo4 hou4,fall behind; lag behind; backward,形,https://api.wohuimandarin.com/nls/tts?text=%E8%90%BD%E5%90%8E,0.0
5,骂,ma,mà,ma4,scold; abuse; call names,动,https://api.wohuimandarin.com/nls/tts?text=m%C3%A0,0.0
5,麦克风,mai ke feng,mài kè fēng,mai4 ke4 feng1,microphone,名,https://api.wohuimandarin.com/nls/tts?text=%E9%BA%A6%E5%85%8B%E9%A3%8E,0.0
5,馒头,man tou,mán tou,man2 tou5,[steamed bread],名,https://api.wohuimandarin.com/nls/tts?text=%E9%A6%92%E5%A4%B4,0.0
5,满足,man zu,mǎn zú,man3 zu2,satisfied; content,动,https://api.wohuimandarin.com/nls/tts?text=%E6%BB%A1%E8%B6%B3,0.0
5,毛病,mao bing,máo bìng,mao2 bing4,illness; disease; fault,名,https://api.wohuimandarin.com/nls/tts?text=%E6%AF%9B%E7%97%85,0.0
5,矛盾,mao dun,máo dùn,mao2 dun4,contradictory,名/形,https://api.wohuimandarin.com/nls/tts?text=%E7%9F%9B%E7%9B%BE,0.0
5,冒险,mao xian,mào xiǎn,mao4 xian3,take a risk; adventure,动,https://api.wohuimandarin.com/nls/tts?text=%E5%86%92%E9%99%A9,0.0
5,贸易,mao yi,mào yì,mao4 yi4,trade,名,https://api.wohuimandarin.com/nls/tts?text=%E8%B4%B8%E6%98%93,0.0
5,眉毛,mei mao,méi mao,mei2 mao5,eyebrow,名,https://api.wohuimandarin.com/nls/tts?text=%E7%9C%89%E6%AF%9B,0.0
5,煤炭,mei tan,méi tàn,mei2 tan4,coal,名,https://api.wohuimandarin.com/nls/tts?text=%E7%85%A4%E7%82%AD,0.0
5,媒体,mei ti,méi tǐ,mei2 ti3,media,名,https://api.wohuimandarin.com/nls/tts?text=%E5%AA%92%E4%BD%93,0.0
5,美术,mei shu,měi shù,mei3 shu4,art,名,https://api.wohuimandarin.com/nls/tts?text=%E7%BE%8E%E6%9C%AF,0.0
5,魅力,mei li,mèi lì,mei4 li4,enchantment,名,https://api.wohuimandarin.com/nls/tts?text=%E9%AD%85%E5%8A%9B,0.0
5,梦想,meng xiang,mèng xiǎng,meng4 xiang3,hope vainly; pipe dream,名,https://api.wohuimandarin.com/nls/tts?text=%E6%A2%A6%E6%83%B3,0.0
5,蜜蜂,mi feng,mì fēng,mi4 feng1,(honey) bee,名,https://api.wohuimandarin.com/nls/tts?text=%E8%9C%9C%E8%9C%82,0.0
5,秘密,mi mi,mì mì,mi4 mi4,secret; clandestine; confidential,名,https://api.wohuimandarin.com/nls/tts?text=%E7%A7%98%E5%AF%86,5.0
5,密切,mi qie,mì qiè,mi4 qie4,close; intimate; carefully,形,https://api.wohuimandarin.com/nls/tts?text=%E5%AF%86%E5%88%87,0.0
5,秘书,mi shu,mì shū,mi4 shu1,secretary,名,https://api.wohuimandarin.com/nls/tts?text=%E7%A7%98%E4%B9%A6,0.0
5,面对,mian dui,miàn duì,mian4 dui4,face; confront,动,https://api.wohuimandarin.com/nls/tts?text=%E9%9D%A2%E5%AF%B9,0.0
5,面积,mian ji,miàn jī,mian4 ji1,area,名,https://api.wohuimandarin.com/nls/tts?text=%E9%9D%A2%E7%A7%AF,0.0
5,面临,mian lin,miàn lín,mian4 lin2,be faced with; be up against,动,https://api.wohuimandarin.com/nls/tts?text=%E9%9D%A2%E4%B8%B4,0.0
5,苗条,miao tiao,miáo tiáo,miao2 tiao2,slender; slim,形,https://api.wohuimandarin.com/nls/tts?text=%E8%8B%97%E6%9D%A1,0.0
5,描写,miao xie,miáo xiě,miao2 xie3,describe; depict; portray,动,https://api.wohuimandarin.com/nls/tts?text=%E6%8F%8F%E5%86%99,0.0
5,敏感,min gan,mǐn gǎn,min3 gan3,sensitive; susceptible; tactful,形,https://api.wohuimandarin.com/nls/tts?text=%E6%95%8F%E6%84%9F,0.0
5,名牌,ming pai,míng pái,ming2 pai2,famous brand,名,https://api.wohuimandarin.com/nls/tts?text=%E5%90%8D%E7%89%8C,0.0
5,名片,ming pian,míng piàn,ming2 pian4,business card; visiting card,名,https://api.wohuimandarin.com/nls/tts?text=%E5%90%8D%E7%89%87,0.0
5,明确,ming que,míng què,ming2 que4,clear and definite; clear-cut; unequivocal,动/形,https://api.wohuimandarin.com/nls/tts?text=%E6%98%8E%E7%A1%AE,0.0
5,名胜古迹,ming sheng gu ji,míng shèng gǔ jì,ming2 sheng4 gu3 ji4,places of historic interest and scenic beauty,,https://api.wohuimandarin.com/nls/tts?text=%E5%90%8D%E8%83%9C%E5%8F%A4%E8%BF%B9,0.0
5,明显,ming xian,míng xiǎn,ming2 xian3,clear; obvious; evident,形,https://api.wohuimandarin.com/nls/tts?text=%E6%98%8E%E6%98%BE,0.0
5,明星,ming xing,míng xīng,ming2 xing1,celebrity; star,名,https://api.wohuimandarin.com/nls/tts?text=%E6%98%8E%E6%98%9F,0.0
5,命令,ming ling,mìng lìng,ming4 ling4,order; command; directive,名/动,https://api.wohuimandarin.com/nls/tts?text=%E5%91%BD%E4%BB%A4,0.0
5,命运,ming yun,mìng yùn,ming4 yun4,destiny; lot; fortune,名,https://api.wohuimandarin.com/nls/tts?text=%E5%91%BD%E8%BF%90,0.0
5,摸,mo,mō,mo1,feel [with the hand],动,https://api.wohuimandarin.com/nls/tts?text=m%C5%8D,0.0
5,模仿,mo fang,mó fǎng,mo2 fang3,to imitate; to copy; model oneself on,动,https://api.wohuimandarin.com/nls/tts?text=%E6%A8%A1%E4%BB%BF,0.0
5,模糊,mo hu,mó hu,mo2 hu5,vague; indistinct; obscure,形,https://api.wohuimandarin.com/nls/tts?text=%E6%A8%A1%E7%B3%8A,0.0
5,模特,mo te,mó tè,mo2 te4,model,名,https://api.wohuimandarin.com/nls/tts?text=%E6%A8%A1%E7%89%B9,0.0
5,摩托车,mo tuo che,mó tuō chē,mo2 tuo1 che1,motorcycle,名,https://api.wohuimandarin.com/nls/tts?text=%E6%91%A9%E6%89%98%E8%BD%A6,0.0
5,陌生,mo sheng,mò shēng,mo4 sheng1,strange; unfamiliar; inexperienced,形,https://api.wohuimandarin.com/nls/tts?text=%E9%99%8C%E7%94%9F,0.0
5,某,mou,mǒu,mou3,certain; some,代,https://api.wohuimandarin.com/nls/tts?text=m%C7%92u,0.0
5,目标,mu biao,mù biāo,mu4 biao1,aim; objective; goal,名,https://api.wohuimandarin.com/nls/tts?text=%E7%9B%AE%E6%A0%87,0.0
5,目录,mu lu,mù lù,mu4 lu4,catalogue; table of contents,名,https://api.wohuimandarin.com/nls/tts?text=%E7%9B%AE%E5%BD%95,0.0
5,目前,mu qian,mù qián,mu4 qian2,at present,名,https://api.wohuimandarin.com/nls/tts?text=%E7%9B%AE%E5%89%8D,0.0
5,木头,mu tou,mù tou,mu4 tou5,wood; log; timber,名,https://api.wohuimandarin.com/nls/tts?text=%E6%9C%A8%E5%A4%B4,0.0
5,哪怕,na pa,nǎ pà,na3 pa4,even if; even though,连,https://api.wohuimandarin.com/nls/tts?text=%E5%93%AA%E6%80%95,2.0
5,难怪,nan guai,nán guài,nan2 guai4,no wonder,副,https://api.wohuimandarin.com/nls/tts?text=%E9%9A%BE%E6%80%AA,0.0
5,难免,nan mian,nán miǎn,nan2 mian3,hard to avoid,形,https://api.wohuimandarin.com/nls/tts?text=%E9%9A%BE%E5%85%8D,0.0
5,脑袋,nao dai,nǎo dài,nao3 dai4,head; brains,名,https://api.wohuimandarin.com/nls/tts?text=%E8%84%91%E8%A2%8B,0.0
5,内部,nei bu,nèi bù,nei4 bu4,interior,名,https://api.wohuimandarin.com/nls/tts?text=%E5%86%85%E9%83%A8,0.0
5,内科,nei ke,nèi kē,nei4 ke1,internal medicine,名,https://api.wohuimandarin.com/nls/tts?text=%E5%86%85%E7%A7%91,0.0
5,嫩,nen,nèn,nen4,tender; delicate; underdone,形,https://api.wohuimandarin.com/nls/tts?text=n%C3%A8n,0.0
5,能干,neng gan,néng gàn,neng2 gan4,able; capable; competent,形,https://api.wohuimandarin.com/nls/tts?text=%E8%83%BD%E5%B9%B2,0.0
5,能源,neng yuan,néng yuán,neng2 yuan2,energy,名,https://api.wohuimandarin.com/nls/tts?text=%E8%83%BD%E6%BA%90,0.0
5,嗯,ng,ng,ng5,huh; yeah,叹,https://api.wohuimandarin.com/nls/tts?text=ng,0.0
5,年代,nian dai,nián dài,nian2 dai4,years; a decade of a century,名,https://api.wohuimandarin.com/nls/tts?text=%E5%B9%B4%E4%BB%A3,0.0
5,年纪,nian ji,nián jì,nian2 ji4,age,名,https://api.wohuimandarin.com/nls/tts?text=%E5%B9%B4%E7%BA%AA,0.0
5,念,nian,niàn,nian4,to read aloud; attend school; think of,动,https://api.wohuimandarin.com/nls/tts?text=ni%C3%A0n,0.0
5,宁可,ning ke,nìng kě,ning4 ke3,would rather; better,副,https://api.wohuimandarin.com/nls/tts?text=%E5%AE%81%E5%8F%AF,0.0
5,牛仔裤,niu zai ku,niú zǎi kù,niu2 zai3 ku4,jeans,名,https://api.wohuimandarin.com/nls/tts?text=%E7%89%9B%E4%BB%94%E8%A3%A4,0.0
5,浓,nong,nóng,nong2,dense; thick; concentrated,形,https://api.wohuimandarin.com/nls/tts?text=n%C3%B3ng,0.0
5,农村,nong cun,nóng cūn,nong2 cun1,countryside rural area,名,https://api.wohuimandarin.com/nls/tts?text=%E5%86%9C%E6%9D%91,0.0
5,农民,nong min,nóng mín,nong2 min2,farmer; peasant,名,https://api.wohuimandarin.com/nls/tts?text=%E5%86%9C%E6%B0%91,0.0
5,农业,nong ye,nóng yè,nong2 ye4,agriculture; farming,名,https://api.wohuimandarin.com/nls/tts?text=%E5%86%9C%E4%B8%9A,0.0
5,女士,nv shi,nǚ shì,nv3 shi4,lady; Madam; Miss,名,https://api.wohuimandarin.com/nls/tts?text=%E5%A5%B3%E5%A3%AB,0.0
5,欧洲,ou zhou,oū zhōu,ou1 zhou1,Europe,名,https://api.wohuimandarin.com/nls/tts?text=%E6%AC%A7%E6%B4%B2,0.0
5,偶然,ou ran,ǒu rán,ou3 ran2,accidentally; fortuitous; incidental,形,https://api.wohuimandarin.com/nls/tts?text=%E5%81%B6%E7%84%B6,0.0
5,拍,pai,pāi,pai1,to clap; slap; bat; racket; to take (a photo),动,https://api.wohuimandarin.com/nls/tts?text=p%C4%81i,0.0
5,派,pai,pài,pai4,faction; clique; to dispatch,动,https://api.wohuimandarin.com/nls/tts?text=p%C3%A0i,0.0
5,盼望,pan wang,pàn wàng,pan4 wang4,hope for; long for; yearn for,动,https://api.wohuimandarin.com/nls/tts?text=%E7%9B%BC%E6%9C%9B,0.0
5,赔偿,pei chang,péi cháng,pei2 chang2,compensate for; pay for,动,https://api.wohuimandarin.com/nls/tts?text=%E8%B5%94%E5%81%BF,0.0
5,培训,pei xun,péi xùn,pei2 xun4,training; cultivate,动,https://api.wohuimandarin.com/nls/tts?text=%E5%9F%B9%E8%AE%AD,0.0
5,培养,pei yang,péi yǎng,pei2 yang3,train; foster,动,https://api.wohuimandarin.com/nls/tts?text=%E5%9F%B9%E5%85%BB,0.0
5,佩服,pei fu,pèi fú,pei4 fu2,to admire; have a high opinion of,动,https://api.wohuimandarin.com/nls/tts?text=%E4%BD%A9%E6%9C%8D,0.0
5,配合,pei he,pèi hé,pei4 he2,suitable; fit; matching,动,https://api.wohuimandarin.com/nls/tts?text=%E9%85%8D%E5%90%88,0.0
5,盆,pen,pén,pen2,basin; tub; pot,名,https://api.wohuimandarin.com/nls/tts?text=p%C3%A9n,0.0
5,碰,peng,pèng,peng4,to meet with,动,https://api.wohuimandarin.com/nls/tts?text=p%C3%A8ng,0.0
5,批,pi,pī,pi1,to criticize; refute; batch,量,https://api.wohuimandarin.com/nls/tts?text=p%C4%AB,0.0
5,披,pi,pī,pi1,to drape over one's shoulders; to wrap around; unroll,动,https://api.wohuimandarin.com/nls/tts?text=p%C4%AB,0.0
5,批准,pi zhun,pī zhǔn,pi1 zhun3,ratify; approve; authorise,动,https://api.wohuimandarin.com/nls/tts?text=%E6%89%B9%E5%87%86,0.0
5,疲劳,pi lao,pí láo,pi2 lao2,tired; fatigued; weary,形,https://api.wohuimandarin.com/nls/tts?text=%E7%96%B2%E5%8A%B3,0.0
5,匹,pi,pǐ,pi3,[measure word for horses and cloth],量,https://api.wohuimandarin.com/nls/tts?text=p%C7%90,0.0
5,片,pian,piàn,pian4,"[flat, thin piece of]; slice; flake",量,https://api.wohuimandarin.com/nls/tts?text=pi%C3%A0n,0.0
5,片面,pian mian,piàn miàn,pian4 mian4,unilateral; one-sided,形,https://api.wohuimandarin.com/nls/tts?text=%E7%89%87%E9%9D%A2,0.0
5,飘,piao,piāo,piao1,wave to and fro; float; flutter,动,https://api.wohuimandarin.com/nls/tts?text=pi%C4%81o,5.0
5,拼音,pin yin,pīn yīn,pin1 yin1,Pinyin [Chinese romanization system],名,https://api.wohuimandarin.com/nls/tts?text=%E6%8B%BC%E9%9F%B3,0.0
5,频道,pin dao,pín dào,pin2 dao4,(frequency) channel,名,https://api.wohuimandarin.com/nls/tts?text=%E9%A2%91%E9%81%93,0.0
5,平,ping,píng,ping2,flat; level; even; equal,形,https://api.wohuimandarin.com/nls/tts?text=p%C3%ADng,0.0
5,凭,ping,píng,ping2,lean on; depend on; evidence,介,https://api.wohuimandarin.com/nls/tts?text=p%C3%ADng,0.0
5,平安,ping an,píng ān,ping2 an1,"peace, safe and sound",形,https://api.wohuimandarin.com/nls/tts?text=%E5%B9%B3%E5%AE%89,0.0
5,平常,ping chang,píng cháng,ping2 chang2,ordinarily; generally; usually,名/形,https://api.wohuimandarin.com/nls/tts?text=%E5%B9%B3%E5%B8%B8,0.0
5,平等,ping deng,píng děng,ping2 deng3,equal; equality,形,https://api.wohuimandarin.com/nls/tts?text=%E5%B9%B3%E7%AD%89,0.0
5,平方,ping fang,píng fāng,ping2 fang1,square,量,https://api.wohuimandarin.com/nls/tts?text=%E5%B9%B3%E6%96%B9,0.0
5,平衡,ping heng,píng héng,ping2 heng2,balance; equilibrium,动/形,https://api.wohuimandarin.com/nls/tts?text=%E5%B9%B3%E8%A1%A1,0.0
5,评价,ping jia,píng jià,ping2 jia4,appraise; evaluate; assess,名/动,https://api.wohuimandarin.com/nls/tts?text=%E8%AF%84%E4%BB%B7,0.0
5,平静,ping jing,píng jìng,ping2 jing4,calm; quiet; tranquil,形,https://api.wohuimandarin.com/nls/tts?text=%E5%B9%B3%E9%9D%99,0.0
5,平均,ping jun,píng jūn,ping2 jun1,average; mean; equally,形,https://api.wohuimandarin.com/nls/tts?text=%E5%B9%B3%E5%9D%87,0.0
5,破产,po chan,pò chǎn,po4 chan3,to go bankrupt; go broke; become insolvent,动,https://api.wohuimandarin.com/nls/tts?text=%E7%A0%B4%E4%BA%A7,0.0
5,破坏,po huai,pò huài,po4 huai4,destroy; wreck; ruin,动,https://api.wohuimandarin.com/nls/tts?text=%E7%A0%B4%E5%9D%8F,2.0
5,迫切,po qie,pò qiè,po4 qie4,urgent; pressing,形,https://api.wohuimandarin.com/nls/tts?text=%E8%BF%AB%E5%88%87,0.0
5,期待,qi dai,qī dài,qi1 dai4,anticipate; await; expect,动,https://api.wohuimandarin.com/nls/tts?text=%E6%9C%9F%E5%BE%85,0.0
5,期间,qi jian,qī jiān,qi1 jian1,time; period; duration,名,https://api.wohuimandarin.com/nls/tts?text=%E6%9C%9F%E9%97%B4,0.0
5,奇迹,qi ji,qí jì,qi2 ji4,miracle; wonder; marvel,名,https://api.wohuimandarin.com/nls/tts?text=%E5%A5%87%E8%BF%B9,0.0
5,其余,qi yu,qí yú,qi2 yu2,the others; rest; remainder,代,https://api.wohuimandarin.com/nls/tts?text=%E5%85%B6%E4%BD%99,0.0
5,启发,qi fa,qǐ fā,qi3 fa1,inspire; illuminate; enlighten,动,https://api.wohuimandarin.com/nls/tts?text=%E5%90%AF%E5%8F%91,0.0
5,企业,qi ye,qǐ yè,qi3 ye4,enterprise; establishment; business,名,https://api.wohuimandarin.com/nls/tts?text=%E4%BC%81%E4%B8%9A,0.0
5,气氛,qi fen,qì fēn,qi4 fen1,atmosphere; air,名,https://api.wohuimandarin.com/nls/tts?text=%E6%B0%94%E6%B0%9B,0.0
5,汽油,qi you,qì yóu,qi4 you2,gasoline; petrol,名,https://api.wohuimandarin.com/nls/tts?text=%E6%B1%BD%E6%B2%B9,0.0
5,签,qian,qiān,qian1,to sign,动,https://api.wohuimandarin.com/nls/tts?text=qi%C4%81n,0.0
5,谦虚,qian xu,qiān xū,qian1 xu1,modest; self-effacing,形,https://api.wohuimandarin.com/nls/tts?text=%E8%B0%A6%E8%99%9A,0.0
5,前途,qian tu,qián tú,qian2 tu2,future; prospect; promise,名,https://api.wohuimandarin.com/nls/tts?text=%E5%89%8D%E9%80%94,0.0
5,浅,qian,qiǎn,qian3,light [colour]; shallow,形,https://api.wohuimandarin.com/nls/tts?text=qi%C7%8En,0.0
5,欠,qian,qiàn,qian4,yawn; owe; be behind with,动,https://api.wohuimandarin.com/nls/tts?text=qi%C3%A0n,0.0
5,枪,qiang,qiāng,qiang1,spear; rifle; gun,名,https://api.wohuimandarin.com/nls/tts?text=qi%C4%81ng,0.0
5,墙,qiang,qiáng,qiang2,wall,名,https://api.wohuimandarin.com/nls/tts?text=qi%C3%A1ng,0.0
5,强调,qiang diao,qiáng diào,qiang2 diao4,stress; emphasize; underline,动,https://api.wohuimandarin.com/nls/tts?text=%E5%BC%BA%E8%B0%83,0.0
5,强烈,qiang lie,qiáng liè,qiang2 lie4,strong; intense; violent,形,https://api.wohuimandarin.com/nls/tts?text=%E5%BC%BA%E7%83%88,1.0
5,抢,qiang,qiǎng,qiang3,knock; grab; rob,动,https://api.wohuimandarin.com/nls/tts?text=qi%C7%8Eng,0.0
5,悄悄,qiao qiao,qiāo qiāo,qiao1 qiao1,quietly; whisper; on the quiet,副,https://api.wohuimandarin.com/nls/tts?text=%E6%82%84%E6%82%84,1.0
5,瞧,qiao,qiáo,qiao2,look; see,动,https://api.wohuimandarin.com/nls/tts?text=qi%C3%A1o,0.0
5,巧妙,qiao miao,qiǎo miào,qiao3 miao4,ingenious; clever,形,https://api.wohuimandarin.com/nls/tts?text=%E5%B7%A7%E5%A6%99,0.0
5,切,qie,qiē,qie1,cut; slice,动,https://api.wohuimandarin.com/nls/tts?text=qi%C4%93,0.0
5,亲爱,qin ai,qīn ài,qin1 ai4,dear; beloved,形,https://api.wohuimandarin.com/nls/tts?text=%E4%BA%B2%E7%88%B1,0.0
5,亲切,qin qie,qīn qiè,qin1 qie4,kind; amiable; cordial,形,https://api.wohuimandarin.com/nls/tts?text=%E4%BA%B2%E5%88%87,0.0
5,亲自,qin zi,qīn zì,qin1 zi4,in person; oneself,副,https://api.wohuimandarin.com/nls/tts?text=%E4%BA%B2%E8%87%AA,0.0
5,勤奋,qin fen,qín fèn,qin2 fen4,diligent; assiduous; industrious,形,https://api.wohuimandarin.com/nls/tts?text=%E5%8B%A4%E5%A5%8B,0.0
5,青,qing,qīng,qing1,blue or green [colour of water or grass],形,https://api.wohuimandarin.com/nls/tts?text=q%C4%ABng,0.0
5,青春,qing chun,qīng chūn,qing1 chun1,youth,名,https://api.wohuimandarin.com/nls/tts?text=%E9%9D%92%E6%98%A5,0.0
5,清淡,qing dan,qīng dàn,qing1 dan4,light; mild; delicate,形,https://api.wohuimandarin.com/nls/tts?text=%E6%B8%85%E6%B7%A1,0.0
5,青少年,qing shao nian,qīng shào nián,qing1 shao4 nian2,youngsters,名,https://api.wohuimandarin.com/nls/tts?text=%E9%9D%92%E5%B0%91%E5%B9%B4,0.0
5,轻视,qing shi,qīng shì,qing1 shi4,despise; look down on,动,https://api.wohuimandarin.com/nls/tts?text=%E8%BD%BB%E8%A7%86,0.0
5,轻易,qing yi,qīng yì,qing1 yi4,easily,副,https://api.wohuimandarin.com/nls/tts?text=%E8%BD%BB%E6%98%93,0.0
5,情景,qing jing,qíng jǐng,qing2 jing3,scene; sight; circumstances,名,https://api.wohuimandarin.com/nls/tts?text=%E6%83%85%E6%99%AF,0.0
5,情绪,qing xu,qíng xù,qing2 xu4,mood; sentiments; feeling,名,https://api.wohuimandarin.com/nls/tts?text=%E6%83%85%E7%BB%AA,0.0
5,请求,qing qiu,qǐng qiú,qing3 qiu2,request; demand; beg,动/名,https://api.wohuimandarin.com/nls/tts?text=%E8%AF%B7%E6%B1%82,0.0
5,庆祝,qing zhu,qìng zhù,qing4 zhu4,celebration(s); to celebrate,动,https://api.wohuimandarin.com/nls/tts?text=%E5%BA%86%E7%A5%9D,0.0
5,球迷,qiu mi,qiú mí,qiu2 mi2,fan (of a ball sport),名,https://api.wohuimandarin.com/nls/tts?text=%E7%90%83%E8%BF%B7,0.0
5,趋势,qu shi,qū shì,qu1 shi4,trend; tendency,名,https://api.wohuimandarin.com/nls/tts?text=%E8%B6%8B%E5%8A%BF,0.0
5,娶,qu,qǔ,qu3,marry [a woman],动,https://api.wohuimandarin.com/nls/tts?text=q%C7%94,0.0
5,取消,qu xiao,qǔ xiāo,qu3 xiao1,cancel; call off; abolish,动,https://api.wohuimandarin.com/nls/tts?text=%E5%8F%96%E6%B6%88,0.0
5,去世,qu shi,qù shì,qu4 shi4,die; pass away,动,https://api.wohuimandarin.com/nls/tts?text=%E5%8E%BB%E4%B8%96,0.0
5,圈,quan,quān,quan1,circle; ring,名,https://api.wohuimandarin.com/nls/tts?text=qu%C4%81n,0.0
5,权力,quan li,quán lì,quan2 li4,power; authority,名,https://api.wohuimandarin.com/nls/tts?text=%E6%9D%83%E5%8A%9B,0.0
5,权利,quan li,quán lì,quan2 li4,(legal) right; interest,名,https://api.wohuimandarin.com/nls/tts?text=%E6%9D%83%E5%88%A9,0.0
5,全面,quan mian,quán miàn,quan2 mian4,all-round; entire; comprehensive;,形,https://api.wohuimandarin.com/nls/tts?text=%E5%85%A8%E9%9D%A2,0.0
5,劝,quan,quàn,quan4,advise; urge; try to persuade,动,https://api.wohuimandarin.com/nls/tts?text=qu%C3%A0n,0.0
5,缺乏,que fa,quē fá,que1 fa2,be short of; lack; deficiency,动,https://api.wohuimandarin.com/nls/tts?text=%E7%BC%BA%E4%B9%8F,0.0
5,确定,que ding,què dìng,que4 ding4,define; fix; determine,动,https://api.wohuimandarin.com/nls/tts?text=%E7%A1%AE%E5%AE%9A,0.0
5,确认,que ren,què rèn,que4 ren4,affirm; confirm; acknowledge,动,https://api.wohuimandarin.com/nls/tts?text=%E7%A1%AE%E8%AE%A4,0.0
5,群,qun,qún,qun2,group,名,https://api.wohuimandarin.com/nls/tts?text=q%C3%BAn,0.0
5,燃烧,ran shao,rán shāo,ran2 shao1,burn; kindle; set on fire,动,https://api.wohuimandarin.com/nls/tts?text=%E7%87%83%E7%83%A7,0.0
5,绕,rao,rào,rao4,wind; coil; move round,动,https://api.wohuimandarin.com/nls/tts?text=r%C3%A0o,0.0
5,热爱,re ai,rè ài,re4 ai4,have deep love for; love heartily,动,https://api.wohuimandarin.com/nls/tts?text=%E7%83%AD%E7%88%B1,0.0
5,热烈,re lie,rè liè,re4 lie4,warm; heartily; fervent,形,https://api.wohuimandarin.com/nls/tts?text=%E7%83%AD%E7%83%88,0.0
5,热心,re xin,rè xīn,re4 xin1,enthusiastic; ardent; earnest,形,https://api.wohuimandarin.com/nls/tts?text=%E7%83%AD%E5%BF%83,0.0
5,人才,ren cai,rén cái,ren2 cai2,a talented person; talent,名,https://api.wohuimandarin.com/nls/tts?text=%E4%BA%BA%E6%89%8D,0.0
5,人口,ren kou,rén kǒu,ren2 kou3,population,名,https://api.wohuimandarin.com/nls/tts?text=%E4%BA%BA%E5%8F%A3,0.0
5,人类,ren lei,rén lèi,ren2 lei4,humanity,名,https://api.wohuimandarin.com/nls/tts?text=%E4%BA%BA%E7%B1%BB,0.0
5,人民币,ren min bi,rén mín bì,ren2 min2 bi4,Renminbi [Chinese currency],名,https://api.wohuimandarin.com/nls/tts?text=%E4%BA%BA%E6%B0%91%E5%B8%81,0.0
5,人生,ren sheng,rén shēng,ren2 sheng1,[human] life,名,https://api.wohuimandarin.com/nls/tts?text=%E4%BA%BA%E7%94%9F,0.0
5,人事,ren shi,rén shì,ren2 shi4,human affairs matters; ways of the world,名,https://api.wohuimandarin.com/nls/tts?text=%E4%BA%BA%E4%BA%8B,0.0
5,人物,ren wu,rén wù,ren2 wu4,character; figure; personage,名,https://api.wohuimandarin.com/nls/tts?text=%E4%BA%BA%E7%89%A9,0.0
5,人员,ren yuan,rén yuán,ren2 yuan2,personnel; staff,名,https://api.wohuimandarin.com/nls/tts?text=%E4%BA%BA%E5%91%98,0.0
5,忍不住,ren bu zhu,rěn bu zhù,ren3 bu5 zhu4,unbearable; unable to restrain,,https://api.wohuimandarin.com/nls/tts?text=%E5%BF%8D%E4%B8%8D%E4%BD%8F,0.0
5,日常,ri chang,rì cháng,ri4 chang2,day-to-day; everyday; usual,形,https://api.wohuimandarin.com/nls/tts?text=%E6%97%A5%E5%B8%B8,0.0
5,日程,ri cheng,rì chéng,ri4 cheng2,programme; schedule; agenda for the day,名,https://api.wohuimandarin.com/nls/tts?text=%E6%97%A5%E7%A8%8B,0.0
5,日历,ri li,rì lì,ri4 li4,calendar,名,https://api.wohuimandarin.com/nls/tts?text=%E6%97%A5%E5%8E%86,0.0
5,日期,ri qi,rì qī,ri4 qi1,date,名,https://api.wohuimandarin.com/nls/tts?text=%E6%97%A5%E6%9C%9F,0.0
5,日用品,ri yong pin,rì yòng pǐn,ri4 yong4 pin3,articles for everyday use,名,https://api.wohuimandarin.com/nls/tts?text=%E6%97%A5%E7%94%A8%E5%93%81,0.0
5,日子,ri zi,rì zi,ri4 zi0,life,名,https://api.wohuimandarin.com/nls/tts?text=%E6%97%A5%E5%AD%90,0.0
5,如何,ru he,rú hé,ru2 he2,how,代,https://api.wohuimandarin.com/nls/tts?text=%E5%A6%82%E4%BD%95,0.0
5,如今,ru jin,rú jīn,ru2 jin1,nowadays; these days,名,https://api.wohuimandarin.com/nls/tts?text=%E5%A6%82%E4%BB%8A,0.0
5,软,ruan,ruǎn,ruan3,soft,形,https://api.wohuimandarin.com/nls/tts?text=ru%C7%8En,0.0
5,软件,ruan jian,ruǎn jiàn,ruan3 jian4,software,名,https://api.wohuimandarin.com/nls/tts?text=%E8%BD%AF%E4%BB%B6,0.0
5,弱,ruo,ruò,ruo4,weak; feeble,形,https://api.wohuimandarin.com/nls/tts?text=ru%C3%B2,0.0
5,洒,sa,sǎ,sa3,sprinkle; spray; spill,动,https://api.wohuimandarin.com/nls/tts?text=s%C7%8E,0.0
5,嗓子,sang zi,sǎng zi,sang3 zi5,throat; larynx,名,https://api.wohuimandarin.com/nls/tts?text=%E5%97%93%E5%AD%90,0.0
5,色彩,se cai,sè cǎi,se4 cai3,colour; hue; tint,名,https://api.wohuimandarin.com/nls/tts?text=%E8%89%B2%E5%BD%A9,0.0
5,杀,sha,shā,sha1,kill; slaughter; in the extreme,动,https://api.wohuimandarin.com/nls/tts?text=sh%C4%81,5.0
5,沙漠,sha mo,shā mò,sha1 mo4,desert,名,https://api.wohuimandarin.com/nls/tts?text=%E6%B2%99%E6%BC%A0,0.0
5,沙滩,sha tan,shā tān,sha1 tan1,beach,名,https://api.wohuimandarin.com/nls/tts?text=%E6%B2%99%E6%BB%A9,0.0
5,傻,sha,shǎ,sha3,stupid; muddleheaded; silly,形,https://api.wohuimandarin.com/nls/tts?text=sh%C7%8E,0.0
5,晒,shai,shài,shai4,shine upon; dry in the sun; bask,动,https://api.wohuimandarin.com/nls/tts?text=sh%C3%A0i,0.0
5,删除,shan chu,shān chú,shan1 chu2,to delete; strike out; cut out,动,https://api.wohuimandarin.com/nls/tts?text=%E5%88%A0%E9%99%A4,0.0
5,闪电,shan dian,shǎn diàn,shan3 dian4,lightning,名,https://api.wohuimandarin.com/nls/tts?text=%E9%97%AA%E7%94%B5,0.0
5,善良,shan liang,shàn liáng,shan4 liang2,good and honest; kindhearted,形,https://api.wohuimandarin.com/nls/tts?text=%E5%96%84%E8%89%AF,0.0
5,善于,shan yu,shàn yú,shan4 yu2,be good at; be adept in,动,https://api.wohuimandarin.com/nls/tts?text=%E5%96%84%E4%BA%8E,0.0
5,扇子,shan zi,shàn zi,shan4 zi5,fan,名,https://api.wohuimandarin.com/nls/tts?text=%E6%89%87%E5%AD%90,0.0
5,伤害,shang hai,shāng hài,shang1 hai4,to injure,动,https://api.wohuimandarin.com/nls/tts?text=%E4%BC%A4%E5%AE%B3,0.0
5,商品,shang pin,shāng pǐn,shang1 pin3,goods; merchandise; wares,名,https://api.wohuimandarin.com/nls/tts?text=%E5%95%86%E5%93%81,0.0
5,商务,shang wu,shāng wù,shang1 wu4,commercial affairs,名,https://api.wohuimandarin.com/nls/tts?text=%E5%95%86%E5%8A%A1,0.0
5,商业,shang ye,shāng yè,shang1 ye4,commerce; trade; business,名,https://api.wohuimandarin.com/nls/tts?text=%E5%95%86%E4%B8%9A,0.0
5,上当,shang dang,shàng dàng,shang4 dang4,be taken in; be fooled; be duped,动,https://api.wohuimandarin.com/nls/tts?text=%E4%B8%8A%E5%BD%93,0.0
5,蛇,she,shé,she2,snake; serpent,名,https://api.wohuimandarin.com/nls/tts?text=sh%C3%A9,0.0
5,舍不得,she bu de,shě bu de,she3 bu5 de5,hate to part with; be loath to leave,动,https://api.wohuimandarin.com/nls/tts?text=%E8%88%8D%E4%B8%8D%E5%BE%97,0.0
5,设备,she bei,shè bèi,she4 bei4,equipment; device,名,https://api.wohuimandarin.com/nls/tts?text=%E8%AE%BE%E5%A4%87,0.0
5,射击,she ji,shè jī,she4 ji1,shoot; fire,动,https://api.wohuimandarin.com/nls/tts?text=%E5%B0%84%E5%87%BB,0.0
5,设计,she ji,shè jì,she4 ji4,design,动,https://api.wohuimandarin.com/nls/tts?text=%E8%AE%BE%E8%AE%A1,0.0
5,设施,she shi,shè shī,she4 shi1,facilities,名,https://api.wohuimandarin.com/nls/tts?text=%E8%AE%BE%E6%96%BD,0.0
5,摄影,she ying,shè yǐng,she4 ying3,take a photograph; shoot a film,动,https://api.wohuimandarin.com/nls/tts?text=%E6%91%84%E5%BD%B1,0.0
5,伸,shen,shēn,shen1,stretch; extend,动,https://api.wohuimandarin.com/nls/tts?text=sh%C4%93n,0.0
5,身材,shen cai,shēn cái,shen1 cai2,stature; figure,名,https://api.wohuimandarin.com/nls/tts?text=%E8%BA%AB%E6%9D%90,0.0
5,身份,shen fen,shēn fèn,shen1 fen4,identity,名,https://api.wohuimandarin.com/nls/tts?text=%E8%BA%AB%E4%BB%BD,0.0
5,深刻,shen ke,shēn kè,shen1 ke4,deep; profound,形,https://api.wohuimandarin.com/nls/tts?text=%E6%B7%B1%E5%88%BB,0.0
5,神话,shen hua,shén huà,shen2 hua4,myth; fairy tale,名,https://api.wohuimandarin.com/nls/tts?text=%E7%A5%9E%E8%AF%9D,0.0
5,神秘,shen mi,shén mì,shen2 mi4,mysterious; mystical,动,https://api.wohuimandarin.com/nls/tts?text=%E7%A5%9E%E7%A7%98,0.0
5,升,sheng,shēng,sheng1,litre; to promote; to rise,动,https://api.wohuimandarin.com/nls/tts?text=sh%C4%93ng,0.0
5,生产,sheng chan,shēng chǎn,sheng1 chan3,produce; manufacture; give birth to,动,https://api.wohuimandarin.com/nls/tts?text=%E7%94%9F%E4%BA%A7,0.0
5,声调,sheng diao,shēng diào,sheng1 diao4,tone; pitch of voice,名,https://api.wohuimandarin.com/nls/tts?text=%E5%A3%B0%E8%B0%83,0.0
5,生动,sheng dong,shēng dòng,sheng1 dong4,lively; vivid,形,https://api.wohuimandarin.com/nls/tts?text=%E7%94%9F%E5%8A%A8,0.0
5,生长,sheng zhang,shēng zhǎng,sheng1 zhang3,to grow,动,https://api.wohuimandarin.com/nls/tts?text=%E7%94%9F%E9%95%BF,0.0
5,绳子,sheng zi,shéng zi,sheng2 zi5,cord; rope; string,名,https://api.wohuimandarin.com/nls/tts?text=%E7%BB%B3%E5%AD%90,0.0
5,省略,sheng lve,shěng lüè,sheng3 lve4,leave out; omit; abbreviation,动,https://api.wohuimandarin.com/nls/tts?text=%E7%9C%81%E7%95%A5,0.0
5,胜利,sheng li,shèng lì,sheng4 li4,win; victory; triumph,动,https://api.wohuimandarin.com/nls/tts?text=%E8%83%9C%E5%88%A9,0.0
5,诗,shi,shī,shi1,poetry; verse,名,https://api.wohuimandarin.com/nls/tts?text=sh%C4%AB,0.0
5,失眠,shi mian,shī mián,shi1 mian2,lose sleep; wakefulness; insomnia,动,https://api.wohuimandarin.com/nls/tts?text=%E5%A4%B1%E7%9C%A0,0.0
5,失去,shi qu,shī qù,shi1 qu4,lose,动,https://api.wohuimandarin.com/nls/tts?text=%E5%A4%B1%E5%8E%BB,0.0
5,湿润,shi run,shī rùn,shi1 run4,moist,形,https://api.wohuimandarin.com/nls/tts?text=%E6%B9%BF%E6%B6%A6,0.0
5,失业,shi ye,shī yè,shi1 ye4,lose one's job; be out of work; be unemployed,名,https://api.wohuimandarin.com/nls/tts?text=%E5%A4%B1%E4%B8%9A,0.0
5,狮子,shi zi,shī zi,shi1 zi5,lion,名,https://api.wohuimandarin.com/nls/tts?text=%E7%8B%AE%E5%AD%90,0.0
5,时差,shi cha,shí chā,shi2 cha1,time difference,名,https://api.wohuimandarin.com/nls/tts?text=%E6%97%B6%E5%B7%AE,0.0
5,时代,shi dai,shí dài,shi2 dai4,times; age; era,名,https://api.wohuimandarin.com/nls/tts?text=%E6%97%B6%E4%BB%A3,0.0
5,实话,shi hua,shí huà,shi2 hua4,truth,名,https://api.wohuimandarin.com/nls/tts?text=%E5%AE%9E%E8%AF%9D,0.0
5,实践,shi jian,shí jiàn,shi2 jian4,put into practice; carry out,动,https://api.wohuimandarin.com/nls/tts?text=%E5%AE%9E%E8%B7%B5,0.0
5,时刻,shi ke,shí kè,shi2 ke4,time; hour; moment,名,https://api.wohuimandarin.com/nls/tts?text=%E6%97%B6%E5%88%BB,0.0
5,时髦,shi mao,shí máo,shi2 mao2,fashionable; stylish; in vogue,形,https://api.wohuimandarin.com/nls/tts?text=%E6%97%B6%E9%AB%A6,0.0
5,时期,shi qi,shí qī,shi2 qi1,period,名,https://api.wohuimandarin.com/nls/tts?text=%E6%97%B6%E6%9C%9F,0.0
5,时尚,shi shang,shí shàng,shi2 shang4,vogue; trend; fashion,形,https://api.wohuimandarin.com/nls/tts?text=%E6%97%B6%E5%B0%9A,0.0
5,石头,shi tou,shí tou,shi2 tou5,rock; stone,名,https://api.wohuimandarin.com/nls/tts?text=%E7%9F%B3%E5%A4%B4,0.0
5,食物,shi wu,shí wù,shi2 wu4,food,名,https://api.wohuimandarin.com/nls/tts?text=%E9%A3%9F%E7%89%A9,0.0
5,实习,shi xi,shí xí,shi2 xi2,practice; fieldwork; internship,动,https://api.wohuimandarin.com/nls/tts?text=%E5%AE%9E%E4%B9%A0,0.0
5,实现,shi xian,shí xiàn,shi2 xian4,realise; achieve; bring about,动,https://api.wohuimandarin.com/nls/tts?text=%E5%AE%9E%E7%8E%B0,0.0
5,实验,shi yan,shí yàn,shi2 yan4,experiment; test; trial run,名,https://api.wohuimandarin.com/nls/tts?text=%E5%AE%9E%E9%AA%8C,0.0
5,实用,shi yong,shí yòng,shi2 yong4,practical; pragmatic; functional,形,https://api.wohuimandarin.com/nls/tts?text=%E5%AE%9E%E7%94%A8,0.0
5,使劲儿,shi jin er,shǐ jìn er,shi3 jin4 er5,exert all one's strength,动,https://api.wohuimandarin.com/nls/tts?text=%E4%BD%BF%E5%8A%B2%E5%84%BF,0.0
5,始终,shi zhong,shǐ zhōng,shi3 zhong1,from beginning to end; from start to finish; throughout,副,https://api.wohuimandarin.com/nls/tts?text=%E5%A7%8B%E7%BB%88,0.0
5,士兵,shi bing,shì bīng,shi4 bing1,private; rank-and-file soldier,名,https://api.wohuimandarin.com/nls/tts?text=%E5%A3%AB%E5%85%B5,0.0
5,市场,shi chang,shì chǎng,shi4 chang3,market,名,https://api.wohuimandarin.com/nls/tts?text=%E5%B8%82%E5%9C%BA,0.0
5,似的,shi de,shì de,shi4 de5,as; -like,助,https://api.wohuimandarin.com/nls/tts?text=%E4%BC%BC%E7%9A%84,0.0
5,试卷,shi juan,shì juàn,shi4 juan4,examination paper; test paper,名,https://api.wohuimandarin.com/nls/tts?text=%E8%AF%95%E5%8D%B7,0.0
5,事实,shi shi,shì shí,shi4 shi2,fact,名,https://api.wohuimandarin.com/nls/tts?text=%E4%BA%8B%E5%AE%9E,0.0
5,事物,shi wu,shì wù,shi4 wu4,thing; object,名,https://api.wohuimandarin.com/nls/tts?text=%E4%BA%8B%E7%89%A9,0.0
5,事先,shi xian,shì xiān,shi4 xian1,in advance; beforehand,名,https://api.wohuimandarin.com/nls/tts?text=%E4%BA%8B%E5%85%88,0.0
5,收获,shou huo,shōu huò,shou1 huo4,gather in the crops; harvest; reap,动,https://api.wohuimandarin.com/nls/tts?text=%E6%94%B6%E8%8E%B7,0.0
5,收据,shou ju,shōu jù,shou1 ju4,receipt; acquittance,名,https://api.wohuimandarin.com/nls/tts?text=%E6%94%B6%E6%8D%AE,0.0
5,首,shou,shǒu,shou3,"first (occasion, thing etc.)",量,https://api.wohuimandarin.com/nls/tts?text=sh%C7%92u,0.0
5,手工,shou gong,shǒu gōng,shou3 gong1,by hand; manual; handmade,名,https://api.wohuimandarin.com/nls/tts?text=%E6%89%8B%E5%B7%A5,0.0
5,手术,shou shu,shǒu shù,shou3 shu4,surgical operation; operation,名,https://api.wohuimandarin.com/nls/tts?text=%E6%89%8B%E6%9C%AF,0.0
5,手套,shou tao,shǒu tào,shou3 tao4,gloves,名,https://api.wohuimandarin.com/nls/tts?text=%E6%89%8B%E5%A5%97,0.0
5,手续,shou xu,shǒu xù,shou3 xu4,procedures; routine; process,名,https://api.wohuimandarin.com/nls/tts?text=%E6%89%8B%E7%BB%AD,0.0
5,手指,shou zhi,shǒu zhǐ,shou3 zhi3,finger,名,https://api.wohuimandarin.com/nls/tts?text=%E6%89%8B%E6%8C%87,0.0
5,寿命,shou ming,shòu mìng,shou4 ming4,life span; lifetime,名,https://api.wohuimandarin.com/nls/tts?text=%E5%AF%BF%E5%91%BD,0.0
5,受伤,shou shang,shòu shāng,shou4 shang1,be injured; be wounded,动,https://api.wohuimandarin.com/nls/tts?text=%E5%8F%97%E4%BC%A4,0.0
5,蔬菜,shu cai,shū cài,shu1 cai4,vegetables,名,https://api.wohuimandarin.com/nls/tts?text=%E8%94%AC%E8%8F%9C,0.0
5,书架,shu jia,shū jià,shu1 jia4,bookcase,名,https://api.wohuimandarin.com/nls/tts?text=%E4%B9%A6%E6%9E%B6,0.0
5,输入,shu ru,shū rù,shu1 ru4,to import; input; entry,动,https://api.wohuimandarin.com/nls/tts?text=%E8%BE%93%E5%85%A5,0.0
5,舒适,shu shi,shū shì,shu1 shi4,comfortable; cosy; snug,形,https://api.wohuimandarin.com/nls/tts?text=%E8%88%92%E9%80%82,0.0
5,梳子,shu zi,shū zi,shu1 zi5,comb,名,https://api.wohuimandarin.com/nls/tts?text=%E6%A2%B3%E5%AD%90,0.0
5,熟练,shu lian,shú liàn,shu2 lian4,skilled; practised; proficient,形,https://api.wohuimandarin.com/nls/tts?text=%E7%86%9F%E7%BB%83,0.0
5,数,shu,shǔ,shu3,frequently; repeatedly,动,https://api.wohuimandarin.com/nls/tts?text=sh%C7%94,0.0
5,鼠标,shu biao,shǔ biāo,shu3 biao1,mouse [in computing],名,https://api.wohuimandarin.com/nls/tts?text=%E9%BC%A0%E6%A0%87,0.0
5,属于,shu yu,shǔ yú,shu3 yu2,belong to; be part of; pertain to,动,https://api.wohuimandarin.com/nls/tts?text=%E5%B1%9E%E4%BA%8E,0.0
5,数据,shu ju,shù jù,shu4 ju4,data,名,https://api.wohuimandarin.com/nls/tts?text=%E6%95%B0%E6%8D%AE,0.0
5,数码,shu ma,shù mǎ,shu4 ma3,numerical code; digit; figure,形,https://api.wohuimandarin.com/nls/tts?text=%E6%95%B0%E7%A0%81,0.0
5,摔倒,shuai dao,shuāi dǎo,shuai1 dao3,to fall down,动,https://api.wohuimandarin.com/nls/tts?text=%E6%91%94%E5%80%92,0.0
5,甩,shuai,shuǎi,shuai3,to move backward and forward; to swing,动,https://api.wohuimandarin.com/nls/tts?text=shu%C7%8Ei,0.0
5,双方,shuang fang,shuāng fāng,shuang1 fang1,both sides; mutual,名,https://api.wohuimandarin.com/nls/tts?text=%E5%8F%8C%E6%96%B9,0.0
5,税,shui,shuì,shui4,tax; duty,名,https://api.wohuimandarin.com/nls/tts?text=shu%C3%AC,0.0
5,说不定,shuo bu ding,shuō bu dìng,shuo1 bu5 ding4,perhaps; maybe,,https://api.wohuimandarin.com/nls/tts?text=%E8%AF%B4%E4%B8%8D%E5%AE%9A,0.0
5,说服,shuo fu,shuō fú,shuo1 fu2,to convince; persuade,动,https://api.wohuimandarin.com/nls/tts?text=%E8%AF%B4%E6%9C%8D,0.0
5,撕,si,sī,si1,tear; rip,动,https://api.wohuimandarin.com/nls/tts?text=s%C4%AB,0.0
5,丝绸,si chou,sī chóu,si1 chou2,silk,名,https://api.wohuimandarin.com/nls/tts?text=%E4%B8%9D%E7%BB%B8,0.0
5,丝毫,si hao,sī háo,si1 hao2,the slightest amount,形,https://api.wohuimandarin.com/nls/tts?text=%E4%B8%9D%E6%AF%AB,0.0
5,思考,si kao,sī kǎo,si1 kao3,ponder; reflect on; deliberate,动,https://api.wohuimandarin.com/nls/tts?text=%E6%80%9D%E8%80%83,0.0
5,私人,si ren,sī rén,si1 ren2,private; personal,名,https://api.wohuimandarin.com/nls/tts?text=%E7%A7%81%E4%BA%BA,0.0
5,思想,si xiang,sī xiǎng,si1 xiang3,thought; idea,名,https://api.wohuimandarin.com/nls/tts?text=%E6%80%9D%E6%83%B3,0.0
5,似乎,si hu,sì hū,si4 hu1,it seems; as if; it looks like,副,https://api.wohuimandarin.com/nls/tts?text=%E4%BC%BC%E4%B9%8E,0.0
5,搜索,sou suo,sōu suǒ,sou1 suo3,search for; hunt for; scout around,动,https://api.wohuimandarin.com/nls/tts?text=%E6%90%9C%E7%B4%A2,0.0
5,宿舍,su she,sù shè,su4 she4,dormitory; digs,名,https://api.wohuimandarin.com/nls/tts?text=%E5%AE%BF%E8%88%8D,0.0
5,随身,sui shen,suí shēn,sui2 shen1,carry ... with one; with one,形,https://api.wohuimandarin.com/nls/tts?text=%E9%9A%8F%E8%BA%AB,0.0
5,随时,sui shi,suí shí,sui2 shi2,at any time,副,https://api.wohuimandarin.com/nls/tts?text=%E9%9A%8F%E6%97%B6,0.0
5,随手,sui shou,suí shǒu,sui2 shou3,conveniently; without extra trouble,副,https://api.wohuimandarin.com/nls/tts?text=%E9%9A%8F%E6%89%8B,0.0
5,碎,sui,suì,sui4,to break to pieces; smash; fragmentary,形,https://api.wohuimandarin.com/nls/tts?text=su%C3%AC,0.0
5,损失,sun shi,sǔn shī,sun3 shi1,lose; loss; wastage,动,https://api.wohuimandarin.com/nls/tts?text=%E6%8D%9F%E5%A4%B1,0.0
5,缩短,suo duan,suō duǎn,suo1 duan3,shorten; curtail; cut down,动,https://api.wohuimandarin.com/nls/tts?text=%E7%BC%A9%E7%9F%AD,0.0
5,锁,suo,suǒ,suo3,lock,名,https://api.wohuimandarin.com/nls/tts?text=su%C7%92,0.0
5,所,suo,suǒ,suo3,"[2nd syllable of many places]; [measure word for houses, buildings, institutions]",量,https://api.wohuimandarin.com/nls/tts?text=su%C7%92,0.0
5,台阶,tai jie,tái jiē,tai2 jie1,step; altar; bench,名,https://api.wohuimandarin.com/nls/tts?text=%E5%8F%B0%E9%98%B6,0.0
5,太极拳,tai ji quan,tài jí quán,tai4 ji2 quan2,taijiquan.[a kind of traditional Chinese shadow boxing],名,https://api.wohuimandarin.com/nls/tts?text=%E5%A4%AA%E6%9E%81%E6%8B%B3,0.0
5,太太,tai tai,tài tai,tai4 tai5,Mrs; Madam,名,https://api.wohuimandarin.com/nls/tts?text=%E5%A4%AA%E5%A4%AA,0.0
5,谈判,tan pan,tán pàn,tan2 pan4,negotiations; talks,动,https://api.wohuimandarin.com/nls/tts?text=%E8%B0%88%E5%88%A4,0.0
5,坦率,tan shuai,tǎn shuài,tan3 shuai4,candid; frank; outspoken,形,https://api.wohuimandarin.com/nls/tts?text=%E5%9D%A6%E7%8E%87,0.0
5,烫,tang,tàng,tang4,burn; scald; heat up in hot water,形,https://api.wohuimandarin.com/nls/tts?text=t%C3%A0ng,0.0
5,逃,tao,táo,tao2,run away; flee; escape,动,https://api.wohuimandarin.com/nls/tts?text=t%C3%A1o,5.0
5,桃,tao,táo,tao2,peach,名,https://api.wohuimandarin.com/nls/tts?text=t%C3%A1o,0.0
5,逃避,tao bi,táo bì,tao2 bi4,escape; evade; shirk,动,https://api.wohuimandarin.com/nls/tts?text=%E9%80%83%E9%81%BF,0.0
5,淘气,tao qi,táo qì,tao2 qi4,naughty; mischievous,形,https://api.wohuimandarin.com/nls/tts?text=%E6%B7%98%E6%B0%94,0.0
5,讨价还价,tao jia huan jia,tǎo jià huán jià,tao3 jia4 huan2 jia4,bargain/barter with somebody for something,,https://api.wohuimandarin.com/nls/tts?text=%E8%AE%A8%E4%BB%B7%E8%BF%98%E4%BB%B7,0.0
5,套,tao,tào,tao4,cover; case; set,量,https://api.wohuimandarin.com/nls/tts?text=t%C3%A0o,0.0
5,特色,te se,tè sè,te4 se4,characteristic; distinguishing feature,名,https://api.wohuimandarin.com/nls/tts?text=%E7%89%B9%E8%89%B2,0.0
5,特殊,te shu,tè shū,te4 shu1,special; particular; exceptional,形,https://api.wohuimandarin.com/nls/tts?text=%E7%89%B9%E6%AE%8A,0.0
5,特征,te zheng,tè zhēng,te4 zheng1,characteristic; feature; property,名,https://api.wohuimandarin.com/nls/tts?text=%E7%89%B9%E5%BE%81,0.0
5,疼爱,teng ai,téng ài,teng2 ai4,be very fond of; love dearly,动,https://api.wohuimandarin.com/nls/tts?text=%E7%96%BC%E7%88%B1,0.0
5,提倡,ti chang,tí chàng,ti2 chang4,advocate; promote; recommend,动,https://api.wohuimandarin.com/nls/tts?text=%E6%8F%90%E5%80%A1,0.0
5,提纲,ti gang,tí gāng,ti2 gang1,outline; syllabus; synopsis,名,https://api.wohuimandarin.com/nls/tts?text=%E6%8F%90%E7%BA%B2,0.0
5,题目,ti mu,tí mù,ti2 mu4,topic; subject; title,名,https://api.wohuimandarin.com/nls/tts?text=%E9%A2%98%E7%9B%AE,0.0
5,提问,ti wen,tí wèn,ti2 wen4,ask a question; put questions to; quiz,动,https://api.wohuimandarin.com/nls/tts?text=%E6%8F%90%E9%97%AE,0.0
5,体会,ti hui,tǐ huì,ti3 hui4,know from experience,动/名,https://api.wohuimandarin.com/nls/tts?text=%E4%BD%93%E4%BC%9A,0.0
5,体贴,ti tie,tǐ tiē,ti3 tie1,show consideration for,动,https://api.wohuimandarin.com/nls/tts?text=%E4%BD%93%E8%B4%B4,0.0
5,体现,ti xian,tǐ xiàn,ti3 xian4,embody; reflect; give expression to,动,https://api.wohuimandarin.com/nls/tts?text=%E4%BD%93%E7%8E%B0,0.0
5,体验,ti yan,tǐ yàn,ti3 yan4,experience; learn through practice,动,https://api.wohuimandarin.com/nls/tts?text=%E4%BD%93%E9%AA%8C,0.0
5,天空,tian kong,tiān kōng,tian1 kong1,sky; the heavens,名,https://api.wohuimandarin.com/nls/tts?text=%E5%A4%A9%E7%A9%BA,0.0
5,天真,tian zhen,tiān zhēn,tian1 zhen1,innocent; naive,形,https://api.wohuimandarin.com/nls/tts?text=%E5%A4%A9%E7%9C%9F,0.0
5,调皮,tiao pi,tiáo pí,tiao2 pi2,naughty; mischievous,形,https://api.wohuimandarin.com/nls/tts?text=%E8%B0%83%E7%9A%AE,0.0
5,调整,tiao zheng,tiáo zhěng,tiao2 zheng3,to adjust; tune-up; trim,动,https://api.wohuimandarin.com/nls/tts?text=%E8%B0%83%E6%95%B4,0.0
5,挑战,tiao zhan,tiǎo zhàn,tiao3 zhan4,throw down the gauntlet; challenge,动,https://api.wohuimandarin.com/nls/tts?text=%E6%8C%91%E6%88%98,1.0
5,通常,tong chang,tōng cháng,tong1 chang2,general; usual; normal,副/形,https://api.wohuimandarin.com/nls/tts?text=%E9%80%9A%E5%B8%B8,0.0
5,统一,tong yi,tǒng yī,tong3 yi1,unify; unite; integrate,形,https://api.wohuimandarin.com/nls/tts?text=%E7%BB%9F%E4%B8%80,0.0
5,痛苦,tong ku,tòng kǔ,tong4 ku3,pain; agony; sore,形,https://api.wohuimandarin.com/nls/tts?text=%E7%97%9B%E8%8B%A6,0.0
5,痛快,tong kuai,tòng kuài,tong4 kuai4,very happy; delighted; joyful,形,https://api.wohuimandarin.com/nls/tts?text=%E7%97%9B%E5%BF%AB,0.0
5,偷,tou,tōu,tou1,steal,动,https://api.wohuimandarin.com/nls/tts?text=t%C5%8Du,0.0
5,投入,tou ru,tóu rù,tou2 ru4,"invest, put into",动,https://api.wohuimandarin.com/nls/tts?text=%E6%8A%95%E5%85%A5,0.0
5,投资,tou zi,tóu zī,tou2 zi1,invest,动/名,https://api.wohuimandarin.com/nls/tts?text=%E6%8A%95%E8%B5%84,0.0
5,透明,tou ming,tòu míng,tou4 ming2,transparent,形,https://api.wohuimandarin.com/nls/tts?text=%E9%80%8F%E6%98%8E,0.0
5,突出,tu chu,tū chū,tu1 chu1,protruding; sticking out; outstanding,形,https://api.wohuimandarin.com/nls/tts?text=%E7%AA%81%E5%87%BA,0.0
5,土地,tu di,tǔ dì,tu3 di4,territory; local god of the land,名,https://api.wohuimandarin.com/nls/tts?text=%E5%9C%9F%E5%9C%B0,0.0
5,土豆,tu dou,tǔ dòu,tu3 dou4,potato,名,https://api.wohuimandarin.com/nls/tts?text=%E5%9C%9F%E8%B1%86,0.0
5,吐,tu,tù,tu4,vomit; throw up; cough up,动,https://api.wohuimandarin.com/nls/tts?text=t%C3%B9,2.0
5,兔子,tu zi,tù zi,tu4 zi5,rabbit; hare,动,https://api.wohuimandarin.com/nls/tts?text=%E5%85%94%E5%AD%90,0.0
5,团,tuan,tuán,tuan2,dumpling; [something shaped like a ball]; [measure word for ball-like things],名,https://api.wohuimandarin.com/nls/tts?text=tu%C3%A1n,0.0
5,推辞,tui ci,tuī cí,tui1 ci2,decline,动,https://api.wohuimandarin.com/nls/tts?text=%E6%8E%A8%E8%BE%9E,0.0
5,推广,tui guang,tuī guǎng,tui1 guang3,popularise; spread; generalisation,动,https://api.wohuimandarin.com/nls/tts?text=%E6%8E%A8%E5%B9%BF,0.0
5,推荐,tui jian,tuī jiàn,tui1 jian4,recommend,动,https://api.wohuimandarin.com/nls/tts?text=%E6%8E%A8%E8%8D%90,0.0
5,退,tui,tuì,tui4,to retreat; draw back,动,https://api.wohuimandarin.com/nls/tts?text=tu%C3%AC,0.0
5,退步,tui bu,tuì bù,tui4 bu4,fall behind; to do less well than before,动,https://api.wohuimandarin.com/nls/tts?text=%E9%80%80%E6%AD%A5,0.0
5,退休,tui xiu,tuì xiū,tui4 xiu1,retire,动,https://api.wohuimandarin.com/nls/tts?text=%E9%80%80%E4%BC%91,0.0
5,歪,wai,wāi,wai1,askew; oblique; slanting,形,https://api.wohuimandarin.com/nls/tts?text=w%C4%81i,0.0
5,外公,wai gong,wài gōng,wai4 gong1,grandfather,名,https://api.wohuimandarin.com/nls/tts?text=%E5%A4%96%E5%85%AC,0.0
5,外交,wai jiao,wài jiāo,wai4 jiao1,diplomacy; foreign affairs,名,https://api.wohuimandarin.com/nls/tts?text=%E5%A4%96%E4%BA%A4,0.0
5,玩具,wan ju,wán jù,wan2 ju4,toy,名,https://api.wohuimandarin.com/nls/tts?text=%E7%8E%A9%E5%85%B7,0.0
5,完美,wan mei,wán měi,wan2 mei3,perfect; flawless,形,https://api.wohuimandarin.com/nls/tts?text=%E5%AE%8C%E7%BE%8E,0.0
5,完善,wan shan,wán shàn,wan2 shan4,perfect; to improve and perfect,形/动,https://api.wohuimandarin.com/nls/tts?text=%E5%AE%8C%E5%96%84,0.0
5,完整,wan zheng,wán zhěng,wan2 zheng3,complete; integrated; whole,形,https://api.wohuimandarin.com/nls/tts?text=%E5%AE%8C%E6%95%B4,0.0
5,万一,wan yi,wàn yī,wan4 yi1,just in case; if by any chance,连,https://api.wohuimandarin.com/nls/tts?text=%E4%B8%87%E4%B8%80,0.0
5,王子,wang zi,wáng zǐ,wang2 zi3,prince; king's son,名,https://api.wohuimandarin.com/nls/tts?text=%E7%8E%8B%E5%AD%90,0.0
5,往返,wang fan,wǎng fǎn,wang3 fan3,go there and back; come and go,动,https://api.wohuimandarin.com/nls/tts?text=%E5%BE%80%E8%BF%94,0.0
5,网络,wang luo,wǎng luò,wang3 luo4,network,名,https://api.wohuimandarin.com/nls/tts?text=%E7%BD%91%E7%BB%9C,0.0
5,危害,wei hai,wēi hài,wei1 hai4,harm; detriment; damage,形,https://api.wohuimandarin.com/nls/tts?text=%E5%8D%B1%E5%AE%B3,0.0
5,微笑,wei xiao,wēi xiào,wei1 xiao4,smile,名,https://api.wohuimandarin.com/nls/tts?text=%E5%BE%AE%E7%AC%91,0.0
5,威胁,wei xie,wēi xié,wei1 xie2,threaten; menace,动,https://api.wohuimandarin.com/nls/tts?text=%E5%A8%81%E8%83%81,0.0
5,违反,wei fan,wéi fǎn,wei2 fan3,to violate; transgress; infringe,动,https://api.wohuimandarin.com/nls/tts?text=%E8%BF%9D%E5%8F%8D,0.0
5,围巾,wei jin,wéi jīn,wei2 jin1,scarf; muffler; neckerchief,名,https://api.wohuimandarin.com/nls/tts?text=%E5%9B%B4%E5%B7%BE,0.0
5,围绕,wei rao,wéi rào,wei2 rao4,center on; revolve round,动,https://api.wohuimandarin.com/nls/tts?text=%E5%9B%B4%E7%BB%95,0.0
5,维修,wei xiu,wéi xiū,wei2 xiu1,keep in good repair; service; maintain,动,https://api.wohuimandarin.com/nls/tts?text=%E7%BB%B4%E4%BF%AE,0.0
5,唯一,wei yi,wéi yī,wei2 yi1,only; sole; unique,形,https://api.wohuimandarin.com/nls/tts?text=%E5%94%AF%E4%B8%80,0.0
5,尾巴,wei ba,wěi ba,wei3 ba5,tail; appendage,名,https://api.wohuimandarin.com/nls/tts?text=%E5%B0%BE%E5%B7%B4,0.0
5,伟大,wei da,wěi dà,wei3 da4,great; mighty,形,https://api.wohuimandarin.com/nls/tts?text=%E4%BC%9F%E5%A4%A7,0.0
5,委屈,wei qu,wěi qū,wei3 qu1,feel wronged; nurse a grievance,形/动,https://api.wohuimandarin.com/nls/tts?text=%E5%A7%94%E5%B1%88,0.0
5,胃,wei,wèi,wei4,stomach,名,https://api.wohuimandarin.com/nls/tts?text=w%C3%A8i,0.0
5,未必,wei bi,wèi bì,wei4 bi4,may not; not necessarily,副,https://api.wohuimandarin.com/nls/tts?text=%E6%9C%AA%E5%BF%85,0.0
5,胃口,wei kou,wèi kǒu,wei4 kou3,appetite; belly,名,https://api.wohuimandarin.com/nls/tts?text=%E8%83%83%E5%8F%A3,0.0
5,未来,wei lai,wèi lái,wei4 lai2,coming; approaching; future,名,https://api.wohuimandarin.com/nls/tts?text=%E6%9C%AA%E6%9D%A5,0.0
5,位于,wei yu,wèi yú,wei4 yu2,be located; be situated,动,https://api.wohuimandarin.com/nls/tts?text=%E4%BD%8D%E4%BA%8E,0.0
5,位置,wei zhi,wèi zhi,wei4 zhi5,position,名,https://api.wohuimandarin.com/nls/tts?text=%E4%BD%8D%E7%BD%AE,0.0
5,温暖,wen nuan,wēn nuǎn,wen1 nuan3,warm,形,https://api.wohuimandarin.com/nls/tts?text=%E6%B8%A9%E6%9A%96,0.0
5,温柔,wen rou,wēn róu,wen1 rou2,meek; pleasingly affectionate; gentle and soft,形,https://api.wohuimandarin.com/nls/tts?text=%E6%B8%A9%E6%9F%94,0.0
5,闻,wen,wén,wen2,hear; smell,动,https://api.wohuimandarin.com/nls/tts?text=w%C3%A9n,0.0
5,文件,wen jian,wén jiàn,wen2 jian4,file; document,名,https://api.wohuimandarin.com/nls/tts?text=%E6%96%87%E4%BB%B6,0.0
5,文具,wen ju,wén jù,wen2 ju4,stationery; writing materials,名,https://api.wohuimandarin.com/nls/tts?text=%E6%96%87%E5%85%B7,0.0
5,文明,wen ming,wén míng,wen2 ming2,civilisation; culture; civilised,名,https://api.wohuimandarin.com/nls/tts?text=%E6%96%87%E6%98%8E,0.0
5,文学,wen xue,wén xué,wen2 xue2,literature,名,https://api.wohuimandarin.com/nls/tts?text=%E6%96%87%E5%AD%A6,0.0
5,文字,wen zi,wén zì,wen2 zi4,writing,名,https://api.wohuimandarin.com/nls/tts?text=%E6%96%87%E5%AD%97,0.0
5,吻,wen,wěn,wen3,kiss,动,https://api.wohuimandarin.com/nls/tts?text=w%C4%9Bn,0.0
5,稳定,wen ding,wěn dìng,wen3 ding4,stabilise; steady,动/形,https://api.wohuimandarin.com/nls/tts?text=%E7%A8%B3%E5%AE%9A,0.0
5,问候,wen hou,wèn hòu,wen4 hou4,send one's greetings to,动,https://api.wohuimandarin.com/nls/tts?text=%E9%97%AE%E5%80%99,0.0
5,卧室,wo shi,wò shì,wo4 shi4,bedroom,名,https://api.wohuimandarin.com/nls/tts?text=%E5%8D%A7%E5%AE%A4,0.0
5,握手,wo shou,wò shǒu,wo4 shou3,to shake hands,动,https://api.wohuimandarin.com/nls/tts?text=%E6%8F%A1%E6%89%8B,0.0
5,屋子,wu zi,wū zi,wu1 zi5,room,名,https://api.wohuimandarin.com/nls/tts?text=%E5%B1%8B%E5%AD%90,0.0
5,无奈,wu nai,wú nài,wu2 nai4,cannot help but; have no alternative; have no choice,动,https://api.wohuimandarin.com/nls/tts?text=%E6%97%A0%E5%A5%88,0.0
5,无数,wu shu,wú shù,wu2 shu4,innumerable; countless; myriad,形,https://api.wohuimandarin.com/nls/tts?text=%E6%97%A0%E6%95%B0,0.0
5,无所谓,wu suo wei,wú suǒ wèi,wu2 suo3 wei4,to be indifferent,形,https://api.wohuimandarin.com/nls/tts?text=%E6%97%A0%E6%89%80%E8%B0%93,0.0
5,武术,wu shu,wǔ shù,wu3 shu4,martial arts,名,https://api.wohuimandarin.com/nls/tts?text=%E6%AD%A6%E6%9C%AF,0.0
5,勿,wu,wù,wu4,do not,副,https://api.wohuimandarin.com/nls/tts?text=w%C3%B9,0.0
5,雾,wu,wù,wu4,fog,名,https://api.wohuimandarin.com/nls/tts?text=w%C3%B9,0.0
5,物理,wu li,wù lǐ,wu4 li3,physics,名,https://api.wohuimandarin.com/nls/tts?text=%E7%89%A9%E7%90%86,0.0
5,物质,wu zhi,wù zhì,wu4 zhi4,matter; substance; material,名,https://api.wohuimandarin.com/nls/tts?text=%E7%89%A9%E8%B4%A8,0.0
5,吸取,xi qu,xī qǔ,xi1 qu3,absorb; suck up; assimilate,动,https://api.wohuimandarin.com/nls/tts?text=%E5%90%B8%E5%8F%96,0.0
5,吸收,xi shou,xī shōu,xi1 shou1,absorb; soak up; assimilate,动,https://api.wohuimandarin.com/nls/tts?text=%E5%90%B8%E6%94%B6,0.0
5,系,xi,xì,xi4,tie; fasten; system; department,名,https://api.wohuimandarin.com/nls/tts?text=x%C3%AC,0.0
5,细节,xi jie,xì jié,xi4 jie2,details; particulars; minutiae,名,https://api.wohuimandarin.com/nls/tts?text=%E7%BB%86%E8%8A%82,0.0
5,戏剧,xi ju,xì jù,xi4 ju4,play; theatre; script,名,https://api.wohuimandarin.com/nls/tts?text=%E6%88%8F%E5%89%A7,0.0
5,系统,xi tong,xì tǒng,xi4 tong3,system,名/形,https://api.wohuimandarin.com/nls/tts?text=%E7%B3%BB%E7%BB%9F,0.0
5,瞎,xia,xiā,xia1,blind; aimlessly; groundlessly,形,https://api.wohuimandarin.com/nls/tts?text=xi%C4%81,0.0
5,吓,xia,xià,xia4,threaten; intimidate; to scare,动,https://api.wohuimandarin.com/nls/tts?text=xi%C3%A0,0.0
5,夏令营,xia ling ying,xià lìng yíng,xia4 ling4 ying2,summer camp,名,https://api.wohuimandarin.com/nls/tts?text=%E5%A4%8F%E4%BB%A4%E8%90%A5,0.0
5,下载,xia zai,xià zǎi,xia4 zai3,download,动,https://api.wohuimandarin.com/nls/tts?text=%E4%B8%8B%E8%BD%BD,0.0
5,鲜艳,xian yan,xiān yàn,xian1 yan4,brightly coloured,形,https://api.wohuimandarin.com/nls/tts?text=%E9%B2%9C%E8%89%B3,0.0
5,显得,xian de,xiǎn de,xian3 de5,look; seem; appear,动,https://api.wohuimandarin.com/nls/tts?text=%E6%98%BE%E5%BE%97,0.0
5,显然,xian ran,xiǎn rán,xian3 ran2,obvious; evident; clear,形,https://api.wohuimandarin.com/nls/tts?text=%E6%98%BE%E7%84%B6,0.0
5,显示,xian shi,xiǎn shì,xian3 shi4,display; demonstrate; exhibit,动,https://api.wohuimandarin.com/nls/tts?text=%E6%98%BE%E7%A4%BA,0.0
5,县,xian,xiàn,xian4,county,名,https://api.wohuimandarin.com/nls/tts?text=xi%C3%A0n,0.0
5,现代,xian dai,xiàn dài,xian4 dai4,modern,名,https://api.wohuimandarin.com/nls/tts?text=%E7%8E%B0%E4%BB%A3,0.0
5,现实,xian shi,xiàn shí,xian4 shi2,reality; actual,名/形,https://api.wohuimandarin.com/nls/tts?text=%E7%8E%B0%E5%AE%9E,0.0
5,现象,xian xiang,xiàn xiàng,xian4 xiang4,appearance; phenomenon,名,https://api.wohuimandarin.com/nls/tts?text=%E7%8E%B0%E8%B1%A1,0.0
5,限制,xian zhi,xiàn zhì,xian4 zhi4,to restrict,动,https://api.wohuimandarin.com/nls/tts?text=%E9%99%90%E5%88%B6,1.0
5,香肠,xiang chang,xiāng cháng,xiang1 chang2,sausage,名,https://api.wohuimandarin.com/nls/tts?text=%E9%A6%99%E8%82%A0,0.0
5,相处,xiang chu,xiāng chǔ,xiang1 chu3,get along with; get on,动,https://api.wohuimandarin.com/nls/tts?text=%E7%9B%B8%E5%A4%84,0.0
5,相当,xiang dang,xiāng dāng,xiang1 dang1,match; correspond to; be equivalent to,副,https://api.wohuimandarin.com/nls/tts?text=%E7%9B%B8%E5%BD%93,0.0
5,相对,xiang dui,xiāng duì,xiang1 dui4,opposite; face to face; relatively,形,https://api.wohuimandarin.com/nls/tts?text=%E7%9B%B8%E5%AF%B9,0.0
5,相关,xiang guan,xiāng guān,xiang1 guan1,be related to; be bound up with; correlation,动,https://api.wohuimandarin.com/nls/tts?text=%E7%9B%B8%E5%85%B3,0.0
5,相似,xiang si,xiāng sì,xiang1 si4,resemble; be similar; be alike,形,https://api.wohuimandarin.com/nls/tts?text=%E7%9B%B8%E4%BC%BC,0.0
5,想念,xiang nian,xiǎng niàn,xiang3 nian4,long to see again; miss,动,https://api.wohuimandarin.com/nls/tts?text=%E6%83%B3%E5%BF%B5,0.0
5,享受,xiang shou,xiǎng shòu,xiang3 shou4,enjoy,动,https://api.wohuimandarin.com/nls/tts?text=%E4%BA%AB%E5%8F%97,0.0
5,想象,xiang xiang,xiǎng xiàng,xiang3 xiang4,imagine; think; visualize,动,https://api.wohuimandarin.com/nls/tts?text=%E6%83%B3%E8%B1%A1,0.0
5,项,xiang,xiàng,xiang4,nape (of the neck); sum (of money); term [mathematics],量,https://api.wohuimandarin.com/nls/tts?text=xi%C3%A0ng,0.0
5,项链,xiang lian,xiàng liàn,xiang4 lian4,necklace,名,https://api.wohuimandarin.com/nls/tts?text=%E9%A1%B9%E9%93%BE,0.0
5,项目,xiang mu,xiàng mù,xiang4 mu4,project; item; clause,名,https://api.wohuimandarin.com/nls/tts?text=%E9%A1%B9%E7%9B%AE,0.0
5,象棋,xiang qi,xiàng qí,xiang4 qi2,Chinese chess,名,https://api.wohuimandarin.com/nls/tts?text=%E8%B1%A1%E6%A3%8B,0.0
5,象征,xiang zheng,xiàng zhēng,xiang4 zheng1,emblem; symbol; signify,动,https://api.wohuimandarin.com/nls/tts?text=%E8%B1%A1%E5%BE%81,0.0
5,消费,xiao fei,xiāo fèi,xiao1 fei4,consume,动,https://api.wohuimandarin.com/nls/tts?text=%E6%B6%88%E8%B4%B9,0.0
5,消化,xiao hua,xiāo huà,xiao1 hua4,digest,动,https://api.wohuimandarin.com/nls/tts?text=%E6%B6%88%E5%8C%96,0.0
5,消极,xiao ji,xiāo jí,xiao1 ji2,negative; passive; inactive,形,https://api.wohuimandarin.com/nls/tts?text=%E6%B6%88%E6%9E%81,0.0
5,消失,xiao shi,xiāo shī,xiao1 shi1,disappear; vanish; dissolve,动,https://api.wohuimandarin.com/nls/tts?text=%E6%B6%88%E5%A4%B1,5.0
5,销售,xiao shou,xiāo shòu,xiao1 shou4,sell; sales,动,https://api.wohuimandarin.com/nls/tts?text=%E9%94%80%E5%94%AE,0.0
5,小麦,xiao mai,xiǎo mài,xiao3 mai4,wheat,名,https://api.wohuimandarin.com/nls/tts?text=%E5%B0%8F%E9%BA%A6,0.0
5,小气,xiao qi,xiǎo qi,xiao3 qi5,stingy; mean,形,https://api.wohuimandarin.com/nls/tts?text=%E5%B0%8F%E6%B0%94,0.0
5,效率,xiao lv,xiào lǜ,xiao4 lv4,efficiency; productivity,名,https://api.wohuimandarin.com/nls/tts?text=%E6%95%88%E7%8E%87,0.0
5,孝顺,xiao shun,xiào shun,xiao4 shun5,filial piety,动,https://api.wohuimandarin.com/nls/tts?text=%E5%AD%9D%E9%A1%BA,0.0
5,歇,xie,xiē,xie1,have a rest,动,https://api.wohuimandarin.com/nls/tts?text=xi%C4%93,0.0
5,斜,xie,xié,xie2,oblique; slanting; bevel,形/动,https://api.wohuimandarin.com/nls/tts?text=xi%C3%A9,0.0
5,写作,xie zuo,xiě zuò,xie3 zuo4,writing; pen and ink; penmanship,动,https://api.wohuimandarin.com/nls/tts?text=%E5%86%99%E4%BD%9C,0.0
5,心理,xin li,xīn lǐ,xin1 li3,psychology; mentality; mind,名,https://api.wohuimandarin.com/nls/tts?text=%E5%BF%83%E7%90%86,0.0
5,欣赏,xin shang,xīn shǎng,xin1 shang3,appreciate; enjoy; admire,动,https://api.wohuimandarin.com/nls/tts?text=%E6%AC%A3%E8%B5%8F,0.0
5,心脏,xin zang,xīn zàng,xin1 zang4,heart,名,https://api.wohuimandarin.com/nls/tts?text=%E5%BF%83%E8%84%8F,0.0
5,信号,xin hao,xìn hào,xin4 hao4,signal,名,https://api.wohuimandarin.com/nls/tts?text=%E4%BF%A1%E5%8F%B7,0.0
5,信任,xin ren,xìn rèn,xin4 ren4,to trust,动,https://api.wohuimandarin.com/nls/tts?text=%E4%BF%A1%E4%BB%BB,0.0
5,形成,xing cheng,xíng chéng,xing2 cheng2,form; shape,动,https://api.wohuimandarin.com/nls/tts?text=%E5%BD%A2%E6%88%90,0.0
5,行动,xing dong,xíng dòng,xing2 dong4,operation; move about; mobile,动/名,https://api.wohuimandarin.com/nls/tts?text=%E8%A1%8C%E5%8A%A8,0.0
5,行人,xing ren,xíng rén,xing2 ren2,pedestrian,名,https://api.wohuimandarin.com/nls/tts?text=%E8%A1%8C%E4%BA%BA,0.0
5,形容,xing rong,xíng róng,xing2 rong2,appearance; countenance,动,https://api.wohuimandarin.com/nls/tts?text=%E5%BD%A2%E5%AE%B9,0.0
5,形势,xing shi,xíng shì,xing2 shi4,terrain; topographical features; circumstances,名,https://api.wohuimandarin.com/nls/tts?text=%E5%BD%A2%E5%8A%BF,0.0
5,形式,xing shi,xíng shì,xing2 shi4,form; shape; layout,名,https://api.wohuimandarin.com/nls/tts?text=%E5%BD%A2%E5%BC%8F,0.0
5,行为,xing wei,xíng wéi,xing2 wei2,action; behaviour; conduct,名,https://api.wohuimandarin.com/nls/tts?text=%E8%A1%8C%E4%B8%BA,0.0
5,形象,xing xiang,xíng xiàng,xing2 xiang4,image; figure; vivid,名/形,https://api.wohuimandarin.com/nls/tts?text=%E5%BD%A2%E8%B1%A1,0.0
5,形状,xing zhuang,xíng zhuàng,xing2 zhuang4,form; appearance; fashion,名,https://api.wohuimandarin.com/nls/tts?text=%E5%BD%A2%E7%8A%B6,0.0
5,幸亏,xing kui,xìng kuī,xing4 kui1,fortunately; luckily,副,https://api.wohuimandarin.com/nls/tts?text=%E5%B9%B8%E4%BA%8F,0.0
5,幸运,xing yun,xìng yùn,xing4 yun4,good fortune; good luck,形,https://api.wohuimandarin.com/nls/tts?text=%E5%B9%B8%E8%BF%90,0.0
5,性质,xing zhi,xìng zhì,xing4 zhi4,properties; quality; nature,名,https://api.wohuimandarin.com/nls/tts?text=%E6%80%A7%E8%B4%A8,0.0
5,胸,xiong,xiōng,xiong1,chest; bosom; thorax,名,https://api.wohuimandarin.com/nls/tts?text=xi%C5%8Dng,0.0
5,兄弟,xiong di,xiōng dì,xiong1 di4,brothers,名,https://api.wohuimandarin.com/nls/tts?text=%E5%85%84%E5%BC%9F,0.0
5,修改,xiu gai,xiū gǎi,xiu1 gai3,revise; amend; modify,动,https://api.wohuimandarin.com/nls/tts?text=%E4%BF%AE%E6%94%B9,0.0
5,休闲,xiu xian,xiū xián,xiu1 xian2,enjoy free time; lie fallow,动,https://api.wohuimandarin.com/nls/tts?text=%E4%BC%91%E9%97%B2,0.0
5,虚心,xu xin,xū xīn,xu1 xin1,modest; with an open mind,形,https://api.wohuimandarin.com/nls/tts?text=%E8%99%9A%E5%BF%83,0.0
5,叙述,xu shu,xù shù,xu4 shu4,narrate; recount; relate,动,https://api.wohuimandarin.com/nls/tts?text=%E5%8F%99%E8%BF%B0,0.0
5,宣布,xuan bu,xuān bù,xuan1 bu4,declare; proclaim; announce,动,https://api.wohuimandarin.com/nls/tts?text=%E5%AE%A3%E5%B8%83,0.0
5,宣传,xuan chuan,xuān chuán,xuan1 chuan2,propagate; disseminate; give publicity to,动,https://api.wohuimandarin.com/nls/tts?text=%E5%AE%A3%E4%BC%A0,0.0
5,学历,xue li,xué lì,xue2 li4,record of formal schooling; educational background,名,https://api.wohuimandarin.com/nls/tts?text=%E5%AD%A6%E5%8E%86,0.0
5,学术,xue shu,xué shù,xue2 shu4,learning; science,名,https://api.wohuimandarin.com/nls/tts?text=%E5%AD%A6%E6%9C%AF,0.0
5,学问,xue wen,xué wèn,xue2 wen4,learning; knowledge; scholarship,名,https://api.wohuimandarin.com/nls/tts?text=%E5%AD%A6%E9%97%AE,0.0
5,血,xue,xuè,xue4,blood,名,https://api.wohuimandarin.com/nls/tts?text=xu%C3%A8,5.0
5,询问,xun wen,xún wèn,xun2 wen4,ask about; enquire,动,https://api.wohuimandarin.com/nls/tts?text=%E8%AF%A2%E9%97%AE,0.0
5,寻找,xun zhao,xún zhǎo,xun2 zhao3,seek; look for; search,动,https://api.wohuimandarin.com/nls/tts?text=%E5%AF%BB%E6%89%BE,0.0
5,训练,xun lian,xùn liàn,xun4 lian4,train; drill,动,https://api.wohuimandarin.com/nls/tts?text=%E8%AE%AD%E7%BB%83,0.0
5,迅速,xun su,xùn sù,xun4 su4,rapid; swift; prompt,形,https://api.wohuimandarin.com/nls/tts?text=%E8%BF%85%E9%80%9F,0.0
5,乐器,e qi,yuè qì,e4 qi4,musical instrument,名,https://api.wohuimandarin.com/nls/tts?text=%E4%B9%90%E5%99%A8,0.0
5,押金,ya jin,yā jīn,ya1 jin1,cash pledge; deposit; security,名,https://api.wohuimandarin.com/nls/tts?text=%E6%8A%BC%E9%87%91,0.0
5,牙齿,ya chi,yá chǐ,ya2 chi3,tooth,名,https://api.wohuimandarin.com/nls/tts?text=%E7%89%99%E9%BD%BF,0.0
5,延长,yan chang,yán cháng,yan2 chang2,lengthen; extend; prolong,动,https://api.wohuimandarin.com/nls/tts?text=%E5%BB%B6%E9%95%BF,0.0
5,严肃,yan su,yán sù,yan2 su4,serious; solemn; earnest,形,https://api.wohuimandarin.com/nls/tts?text=%E4%B8%A5%E8%82%83,0.0
5,演讲,yan jiang,yǎn jiǎng,yan3 jiang3,give a lecture; make a speech,动,https://api.wohuimandarin.com/nls/tts?text=%E6%BC%94%E8%AE%B2,0.0
5,宴会,yan hui,yàn huì,yan4 hui4,banquet; feast; dinner party,名,https://api.wohuimandarin.com/nls/tts?text=%E5%AE%B4%E4%BC%9A,0.0
5,阳台,yang tai,yáng tái,yang2 tai2,balcony; terrace; gallery,名,https://api.wohuimandarin.com/nls/tts?text=%E9%98%B3%E5%8F%B0,0.0
5,痒,yang,yǎng,yang3,itch; tickle,形,https://api.wohuimandarin.com/nls/tts?text=y%C7%8Eng,0.0
5,样式,yang shi,yàng shì,yang4 shi4,pattern; type; form,名,https://api.wohuimandarin.com/nls/tts?text=%E6%A0%B7%E5%BC%8F,0.0
5,腰,yao,yāo,yao1,waist; small of the back,名,https://api.wohuimandarin.com/nls/tts?text=y%C4%81o,0.0
5,摇,yao,yáo,yao2,shake; wave; rock; turn,动,https://api.wohuimandarin.com/nls/tts?text=y%C3%A1o,0.0
5,咬,yao,yǎo,yao3,bite; snap at,动,https://api.wohuimandarin.com/nls/tts?text=y%C7%8Eo,0.0
5,要不,yao bu,yào bù,yao4 bu4,otherwise; or else; or,连,https://api.wohuimandarin.com/nls/tts?text=%E8%A6%81%E4%B8%8D,0.0
5,夜,ye,yè,ye4,night; night-time; evening,名,https://api.wohuimandarin.com/nls/tts?text=y%C3%A8,5.0
5,业务,ye wu,yè wù,ye4 wu4,business; professional work,名,https://api.wohuimandarin.com/nls/tts?text=%E4%B8%9A%E5%8A%A1,0.0
5,业余,ye yu,yè yú,ye4 yu2,spare time; amateur,形,https://api.wohuimandarin.com/nls/tts?text=%E4%B8%9A%E4%BD%99,0.0
5,依然,yi ran,yī rán,yi1 ran2,still; as before,副,https://api.wohuimandarin.com/nls/tts?text=%E4%BE%9D%E7%84%B6,0.0
5,一辈子,yi bei zi,yí bèi zi,yi2 bei4 zi5,all one's life,名,https://api.wohuimandarin.com/nls/tts?text=%E4%B8%80%E8%BE%88%E5%AD%90,0.0
5,一旦,yi dan,yí dàn,yi2 dan4,in a single day; in a very short time; in case [something happens],副,https://api.wohuimandarin.com/nls/tts?text=%E4%B8%80%E6%97%A6,0.0
5,移动,yi dong,yí dòng,yi2 dong4,shift; move; removal,动,https://api.wohuimandarin.com/nls/tts?text=%E7%A7%BB%E5%8A%A8,0.0
5,遗憾,yi han,yí hàn,yi2 han4,regret; pity,名/形,https://api.wohuimandarin.com/nls/tts?text=%E9%81%97%E6%86%BE,0.0
5,一律,yi lv,yí lǜ,yi2 lv4,same; alike; uniform,副,https://api.wohuimandarin.com/nls/tts?text=%E4%B8%80%E5%BE%8B,0.0
5,移民,yi min,yí mín,yi2 min2,migrate; migrant,动/名,https://api.wohuimandarin.com/nls/tts?text=%E7%A7%BB%E6%B0%91,0.0
5,疑问,yi wen,yí wèn,yi2 wen4,query; problem; doubt,名,https://api.wohuimandarin.com/nls/tts?text=%E7%96%91%E9%97%AE,0.0
5,一再,yi zai,yí zài,yi2 zai4,time and again; again and again; repeatedly,副,https://api.wohuimandarin.com/nls/tts?text=%E4%B8%80%E5%86%8D,0.0
5,一致,yi zhi,yí zhì,yi2 zhi4,identical; unanimous,形/副,https://api.wohuimandarin.com/nls/tts?text=%E4%B8%80%E8%87%B4,0.0
5,乙,yi,yǐ,yi3,second(ly); the second of the ten Heavenly Stems,名,https://api.wohuimandarin.com/nls/tts?text=y%C7%90,0.0
5,以及,yi ji,yǐ jí,yi3 ji2,as well as; along with; and,连,https://api.wohuimandarin.com/nls/tts?text=%E4%BB%A5%E5%8F%8A,0.0
5,以来,yi lai,yǐ lái,yi3 lai2,since,名,https://api.wohuimandarin.com/nls/tts?text=%E4%BB%A5%E6%9D%A5,0.0
5,亿,yi,yì,yi4,100 million,数,https://api.wohuimandarin.com/nls/tts?text=y%C3%AC,0.0
5,议论,yi lun,yì lùn,yi4 lun4,comment; discuss,动,https://api.wohuimandarin.com/nls/tts?text=%E8%AE%AE%E8%AE%BA,0.0
5,意外,yi wai,yì wài,yi4 wai4,unexpected; unforeseen,形/名,https://api.wohuimandarin.com/nls/tts?text=%E6%84%8F%E5%A4%96,0.0
5,义务,yi wu,yì wù,yi4 wu4,duty; obligation,名,https://api.wohuimandarin.com/nls/tts?text=%E4%B9%89%E5%8A%A1,0.0
5,意义,yi yi,yì yì,yi4 yi4,meaning; sense; significance,名,https://api.wohuimandarin.com/nls/tts?text=%E6%84%8F%E4%B9%89,0.0
5,因而,yin er,yīn ér,yin1 er2,thus; as a result; with the result that,连,https://api.wohuimandarin.com/nls/tts?text=%E5%9B%A0%E8%80%8C,0.0
5,因素,yin su,yīn sù,yin1 su4,factor; element,名,https://api.wohuimandarin.com/nls/tts?text=%E5%9B%A0%E7%B4%A0,0.0
5,银,yin,yín,yin2,silver,名,https://api.wohuimandarin.com/nls/tts?text=y%C3%ADn,0.0
5,印刷,yin shua,yìn shuā,yin4 shua1,print; printing,动,https://api.wohuimandarin.com/nls/tts?text=%E5%8D%B0%E5%88%B7,0.0
5,英俊,ying jun,yīng jùn,ying1 jun4,handsome; talented; brilliant,形,https://api.wohuimandarin.com/nls/tts?text=%E8%8B%B1%E4%BF%8A,0.0
5,英雄,ying xiong,yīng xióng,ying1 xiong2,hero,名,https://api.wohuimandarin.com/nls/tts?text=%E8%8B%B1%E9%9B%84,5.0
5,迎接,ying jie,yíng jiē,ying2 jie1,welcome; greet; reception,动,https://api.wohuimandarin.com/nls/tts?text=%E8%BF%8E%E6%8E%A5,0.0
5,营养,ying yang,yíng yǎng,ying2 yang3,nutrition; nourishment,名,https://api.wohuimandarin.com/nls/tts?text=%E8%90%A5%E5%85%BB,0.0
5,营业,ying ye,yíng yè,ying2 ye4,do business,动,https://api.wohuimandarin.com/nls/tts?text=%E8%90%A5%E4%B8%9A,0.0
5,影子,ying zi,yǐng zi,ying3 zi5,shadow; reflection; trace,名,https://api.wohuimandarin.com/nls/tts?text=%E5%BD%B1%E5%AD%90,0.0
5,硬,ying,yìng,ying4,hard,形,https://api.wohuimandarin.com/nls/tts?text=y%C3%ACng,0.0
5,应付,ying fu,yìng fu,ying4 fu5,deal with; cope with; handle,动,https://api.wohuimandarin.com/nls/tts?text=%E5%BA%94%E4%BB%98,0.0
5,硬件,ying jian,yìng jiàn,ying4 jian4,hardware,名,https://api.wohuimandarin.com/nls/tts?text=%E7%A1%AC%E4%BB%B6,0.0
5,应用,ying yong,yìng yòng,ying4 yong4,use; app; application,动,https://api.wohuimandarin.com/nls/tts?text=%E5%BA%94%E7%94%A8,0.0
5,拥抱,yong bao,yōng bào,yong1 bao4,embrace; hug,动,https://api.wohuimandarin.com/nls/tts?text=%E6%8B%A5%E6%8A%B1,0.0
5,拥挤,yong ji,yōng jǐ,yong1 ji3,crowd; push and squeeze,动/形,https://api.wohuimandarin.com/nls/tts?text=%E6%8B%A5%E6%8C%A4,0.0
5,勇气,yong qi,yǒng qì,yong3 qi4,courage; nerve,名,https://api.wohuimandarin.com/nls/tts?text=%E5%8B%87%E6%B0%94,0.0
5,用功,yong gong,yòng gōng,yong4 gong1,hardworking; diligent; studious,形,https://api.wohuimandarin.com/nls/tts?text=%E7%94%A8%E5%8A%9F,0.0
5,用途,yong tu,yòng tú,yong4 tu2,use,名,https://api.wohuimandarin.com/nls/tts?text=%E7%94%A8%E9%80%94,0.0
5,优惠,you hui,yōu huì,you1 hui4,discount,形,https://api.wohuimandarin.com/nls/tts?text=%E4%BC%98%E6%83%A0,0.0
5,悠久,you jiu,yōu jiǔ,you1 jiu3,long-standing; age-old,形,https://api.wohuimandarin.com/nls/tts?text=%E6%82%A0%E4%B9%85,0.0
5,优美,you mei,yōu měi,you1 mei3,graceful; fine; exquisite,形,https://api.wohuimandarin.com/nls/tts?text=%E4%BC%98%E7%BE%8E,0.0
5,优势,you shi,yōu shì,you1 shi4,superiority,名,https://api.wohuimandarin.com/nls/tts?text=%E4%BC%98%E5%8A%BF,0.0
5,游览,you lan,yóu lǎn,you2 lan3,go sightseeing; tour; visit,动,https://api.wohuimandarin.com/nls/tts?text=%E6%B8%B8%E8%A7%88,0.0
5,犹豫,you yu,yóu yù,you2 yu4,hesitate; be irresolute,形,https://api.wohuimandarin.com/nls/tts?text=%E7%8A%B9%E8%B1%AB,0.0
5,油炸,you zha,yóu zhá,you2 zha2,deep-fry,动,https://api.wohuimandarin.com/nls/tts?text=%E6%B2%B9%E7%82%B8,0.0
5,有利,you li,yǒu lì,you3 li4,advantageous; beneficial; favourable,形,https://api.wohuimandarin.com/nls/tts?text=%E6%9C%89%E5%88%A9,0.0
5,幼儿园,you er yuan,yòu ér yuán,you4 er2 yuan2,kindergarten; nursery school,名,https://api.wohuimandarin.com/nls/tts?text=%E5%B9%BC%E5%84%BF%E5%9B%AD,0.0
5,娱乐,yu le,yú lè,yu2 le4,amusement; entertainment; recreation,动,https://api.wohuimandarin.com/nls/tts?text=%E5%A8%B1%E4%B9%90,0.0
5,与其,yu qi,yǔ qí,yu3 qi2,rather than; better than,连,https://api.wohuimandarin.com/nls/tts?text=%E4%B8%8E%E5%85%B6,0.0
5,语气,yu qi,yǔ qì,yu3 qi4,tone; manner of speaking; mood,名,https://api.wohuimandarin.com/nls/tts?text=%E8%AF%AD%E6%B0%94,0.0
5,预报,yu bao,yù bào,yu4 bao4,forecast; prediction,动/名,https://api.wohuimandarin.com/nls/tts?text=%E9%A2%84%E6%8A%A5,0.0
5,预订,yu ding,yù dìng,yu4 ding4,subscribe; book; place an order,动,https://api.wohuimandarin.com/nls/tts?text=%E9%A2%84%E8%AE%A2,0.0
5,预防,yu fang,yù fáng,yu4 fang2,prevent; take precautions against; guard against,动,https://api.wohuimandarin.com/nls/tts?text=%E9%A2%84%E9%98%B2,0.0
5,玉米,yu mi,yù mǐ,yu4 mi3,maize; corn,名,https://api.wohuimandarin.com/nls/tts?text=%E7%8E%89%E7%B1%B3,0.0
5,圆,yuan,yuán,yuan2,round,形,https://api.wohuimandarin.com/nls/tts?text=yu%C3%A1n,0.0
5,元旦,yuan dan,yuán dàn,yuan2 dan4,New Year's Day,名,https://api.wohuimandarin.com/nls/tts?text=%E5%85%83%E6%97%A6,0.0
5,员工,yuan gong,yuán gōng,yuan2 gong1,staff,名,https://api.wohuimandarin.com/nls/tts?text=%E5%91%98%E5%B7%A5,0.0
5,原料,yuan liao,yuán liào,yuan2 liao4,raw material; crude material,名,https://api.wohuimandarin.com/nls/tts?text=%E5%8E%9F%E6%96%99,0.0
5,原则,yuan ze,yuán zé,yuan2 ze2,principle,名,https://api.wohuimandarin.com/nls/tts?text=%E5%8E%9F%E5%88%99,0.0
5,愿望,yuan wang,yuàn wàng,yuan4 wang4,desire; wish; aspiration,名,https://api.wohuimandarin.com/nls/tts?text=%E6%84%BF%E6%9C%9B,0.0
5,晕,yun,yūn,yun1,dizzy; giddy; faint,动,https://api.wohuimandarin.com/nls/tts?text=y%C5%ABn,0.0
5,运气,yun qi,yùn qi,yun4 qi5,fortune; luck,名,https://api.wohuimandarin.com/nls/tts?text=%E8%BF%90%E6%B0%94,0.0
5,运输,yun shu,yùn shū,yun4 shu1,transport; carriage; conveyance,动,https://api.wohuimandarin.com/nls/tts?text=%E8%BF%90%E8%BE%93,0.0
5,运用,yun yong,yùn yòng,yun4 yong4,utilise; apply; put to use,动,https://api.wohuimandarin.com/nls/tts?text=%E8%BF%90%E7%94%A8,0.0
5,灾害,zai hai,zāi hài,zai1 hai4,damage; disaster; calamity,名,https://api.wohuimandarin.com/nls/tts?text=%E7%81%BE%E5%AE%B3,0.0
5,在乎,zai hu,zài hu,zai4 hu5,care about; mind; take to heart,动,https://api.wohuimandarin.com/nls/tts?text=%E5%9C%A8%E4%B9%8E,0.0
5,再三,zai san,zài sān,zai4 san1,again and again; repeatedly,副,https://api.wohuimandarin.com/nls/tts?text=%E5%86%8D%E4%B8%89,0.0
5,在于,zai yu,zài yú,zai4 yu2,to be in/at,动,https://api.wohuimandarin.com/nls/tts?text=%E5%9C%A8%E4%BA%8E,0.0
5,赞成,zan cheng,zàn chéng,zan4 cheng2,approve of; agree with; endorse,动,https://api.wohuimandarin.com/nls/tts?text=%E8%B5%9E%E6%88%90,0.0
5,赞美,zan mei,zàn měi,zan4 mei3,praise; eulogize,动,https://api.wohuimandarin.com/nls/tts?text=%E8%B5%9E%E7%BE%8E,0.0
5,糟糕,zao gao,zāo gāo,zao1 gao1,how terrible; what bad luck; too bad,形,https://api.wohuimandarin.com/nls/tts?text=%E7%B3%9F%E7%B3%95,0.0
5,造成,zao cheng,zào chéng,zao4 cheng2,give rise to; bring about; cause,动,https://api.wohuimandarin.com/nls/tts?text=%E9%80%A0%E6%88%90,0.0
5,则,ze,zé,ze2,standard; norm; criterion,连,https://api.wohuimandarin.com/nls/tts?text=z%C3%A9,0.0
5,责备,ze bei,zé bèi,ze2 bei4,reproach; blame; reprove,动,https://api.wohuimandarin.com/nls/tts?text=%E8%B4%A3%E5%A4%87,0.0
5,摘,zhai,zhāi,zhai1,pick; pluck; strip,动,https://api.wohuimandarin.com/nls/tts?text=zh%C4%81i,0.0
5,窄,zhai,zhǎi,zhai3,narrow,形,https://api.wohuimandarin.com/nls/tts?text=zh%C7%8Ei,0.0
5,粘贴,zhan tie,zhān tiē,zhan1 tie1,paste; stick,动,https://api.wohuimandarin.com/nls/tts?text=%E7%B2%98%E8%B4%B4,0.0
5,展开,zhan kai,zhǎn kāi,zhan3 kai1,develop; spread; unfold,动,https://api.wohuimandarin.com/nls/tts?text=%E5%B1%95%E5%BC%80,0.0
5,展览,zhan lan,zhǎn lǎn,zhan3 lan3,put on display; exhibit; show,动,https://api.wohuimandarin.com/nls/tts?text=%E5%B1%95%E8%A7%88,0.0
5,占,zhan,zhàn,zhan4,to occupy,动,https://api.wohuimandarin.com/nls/tts?text=zh%C3%A0n,0.0
5,战争,zhan zheng,zhàn zhēng,zhan4 zheng1,war; warfare,名,https://api.wohuimandarin.com/nls/tts?text=%E6%88%98%E4%BA%89,0.0
5,涨,zhang,zhǎng,zhang3,swell up; rise; be more than expected,动,https://api.wohuimandarin.com/nls/tts?text=zh%C7%8Eng,0.0
5,长辈,zhang bei,zhǎng bèi,zhang3 bei4,elder member of a family,名,https://api.wohuimandarin.com/nls/tts?text=%E9%95%BF%E8%BE%88,0.0
5,掌握,zhang wo,zhǎng wò,zhang3 wo4,grasp; master; know well,动,https://api.wohuimandarin.com/nls/tts?text=%E6%8E%8C%E6%8F%A1,0.0
5,账户,zhang hu,zhàng hù,zhang4 hu4,(bank) account,名,https://api.wohuimandarin.com/nls/tts?text=%E8%B4%A6%E6%88%B7,0.0
5,招待,zhao dai,zhāo dài,zhao1 dai4,receive; entertain; serve,动,https://api.wohuimandarin.com/nls/tts?text=%E6%8B%9B%E5%BE%85,0.0
5,着火,zhao huo,zháo huǒ,zhao2 huo3,to burn,动,https://api.wohuimandarin.com/nls/tts?text=%E7%9D%80%E7%81%AB,0.0
5,着凉,zhao liang,zháo liáng,zhao2 liang2,catch cold; catch a chill,动,https://api.wohuimandarin.com/nls/tts?text=%E7%9D%80%E5%87%89,0.0
5,照常,zhao chang,zhào cháng,zhao4 chang2,as usual,副,https://api.wohuimandarin.com/nls/tts?text=%E7%85%A7%E5%B8%B8,0.0
5,召开,zhao kai,zhào kāi,zhao4 kai1,convene,动,https://api.wohuimandarin.com/nls/tts?text=%E5%8F%AC%E5%BC%80,0.0
5,哲学,zhe xue,zhé xué,zhe2 xue2,philosophy,名,https://api.wohuimandarin.com/nls/tts?text=%E5%93%B2%E5%AD%A6,0.0
5,针对,zhen dui,zhēn duì,zhen1 dui4,be directed against; be aimed at,动,https://api.wohuimandarin.com/nls/tts?text=%E9%92%88%E5%AF%B9,0.0
5,真实,zhen shi,zhēn shí,zhen1 shi2,true; real; authentic,形,https://api.wohuimandarin.com/nls/tts?text=%E7%9C%9F%E5%AE%9E,0.0
5,珍惜,zhen xi,zhēn xī,zhen1 xi1,treasure; value; cherish,动,https://api.wohuimandarin.com/nls/tts?text=%E7%8F%8D%E6%83%9C,0.0
5,诊断,zhen duan,zhěn duàn,zhen3 duan4,diagnosis,动,https://api.wohuimandarin.com/nls/tts?text=%E8%AF%8A%E6%96%AD,0.0
5,阵,zhen,zhèn,zhen4,battle array; position; front,量,https://api.wohuimandarin.com/nls/tts?text=zh%C3%A8n,0.0
5,振动,zhen dong,zhèn dòng,zhen4 dong4,vibrate; vibrant,动,https://api.wohuimandarin.com/nls/tts?text=%E6%8C%AF%E5%8A%A8,0.0
5,睁,zheng,zhēng,zheng1,open (eyes),动,https://api.wohuimandarin.com/nls/tts?text=zh%C4%93ng,0.0
5,争论,zheng lun,zhēng lùn,zheng1 lun4,argue; debate,动,https://api.wohuimandarin.com/nls/tts?text=%E4%BA%89%E8%AE%BA,0.0
5,征求,zheng qiu,zhēng qiú,zheng1 qiu2,solicit; seek; ask for,动,https://api.wohuimandarin.com/nls/tts?text=%E5%BE%81%E6%B1%82,0.0
5,争取,zheng qu,zhēng qǔ,zheng1 qu3,strive for; fight for,动,https://api.wohuimandarin.com/nls/tts?text=%E4%BA%89%E5%8F%96,0.0
5,整个,zheng ge,zhěng gè,zheng3 ge4,whole; total; entire,形,https://api.wohuimandarin.com/nls/tts?text=%E6%95%B4%E4%B8%AA,1.0
5,整齐,zheng qi,zhěng qí,zheng3 qi2,tidy,形,https://api.wohuimandarin.com/nls/tts?text=%E6%95%B4%E9%BD%90,0.0
5,整体,zheng ti,zhěng tǐ,zheng3 ti3,ensemble; whole; entirety,名,https://api.wohuimandarin.com/nls/tts?text=%E6%95%B4%E4%BD%93,0.0
5,正,zheng,zhèng,zheng4,straight; upright; correct,形,https://api.wohuimandarin.com/nls/tts?text=zh%C3%A8ng,0.0
5,挣,zheng,zhèng,zheng4,to make (money),动,https://api.wohuimandarin.com/nls/tts?text=zh%C3%A8ng,0.0
5,政府,zheng fu,zhèng fǔ,zheng4 fu3,government,名,https://api.wohuimandarin.com/nls/tts?text=%E6%94%BF%E5%BA%9C,0.0
5,证件,zheng jian,zhèng jiàn,zheng4 jian4,credentials; papers,名,https://api.wohuimandarin.com/nls/tts?text=%E8%AF%81%E4%BB%B6,0.0
5,证据,zheng ju,zhèng jù,zheng4 ju4,evidence; proof; testimony,名,https://api.wohuimandarin.com/nls/tts?text=%E8%AF%81%E6%8D%AE,0.0
5,政治,zheng zhi,zhèng zhì,zheng4 zhi4,politics; political affairs,名,https://api.wohuimandarin.com/nls/tts?text=%E6%94%BF%E6%B2%BB,0.0
5,支,zhi,zhī,zhi1,branch; the twelve Earthly Branches,量,https://api.wohuimandarin.com/nls/tts?text=zh%C4%AB,0.0
5,支票,zhi piao,zhī piào,zhi1 piao4,check/cheque,名,https://api.wohuimandarin.com/nls/tts?text=%E6%94%AF%E7%A5%A8,0.0
5,直,zhi,zhí,zhi2,straight; direct,形,https://api.wohuimandarin.com/nls/tts?text=zh%C3%AD,0.0
5,执照,zhi zhao,zhí zhào,zhi2 zhao4,license; permit,名,https://api.wohuimandarin.com/nls/tts?text=%E6%89%A7%E7%85%A7,0.0
5,指导,zhi dao,zhǐ dǎo,zhi3 dao3,guide; direct; conduct,动,https://api.wohuimandarin.com/nls/tts?text=%E6%8C%87%E5%AF%BC,0.0
5,指挥,zhi hui,zhǐ huī,zhi3 hui1,command; direct; conduct,动/名,https://api.wohuimandarin.com/nls/tts?text=%E6%8C%87%E6%8C%A5,0.0
5,制定,zhi ding,zhì dìng,zhi4 ding4,draw up; draft; formulate,动,https://api.wohuimandarin.com/nls/tts?text=%E5%88%B6%E5%AE%9A,0.0
5,制度,zhi du,zhì dù,zhi4 du4,system; institution,名,https://api.wohuimandarin.com/nls/tts?text=%E5%88%B6%E5%BA%A6,0.0
5,智慧,zhi hui,zhì huì,zhi4 hui4,wisdom; intelligence; wit,名,https://api.wohuimandarin.com/nls/tts?text=%E6%99%BA%E6%85%A7,0.0
5,至今,zhi jin,zhì jīn,zhi4 jin1,up to now; hitherto; so far,副,https://api.wohuimandarin.com/nls/tts?text=%E8%87%B3%E4%BB%8A,0.0
5,治疗,zhi liao,zhì liáo,zhi4 liao2,treat; cure; remedy,动,https://api.wohuimandarin.com/nls/tts?text=%E6%B2%BB%E7%96%97,0.0
5,秩序,zhi xu,zhì xù,zhi4 xu4,order; sequence,名,https://api.wohuimandarin.com/nls/tts?text=%E7%A7%A9%E5%BA%8F,0.0
5,至于,zhi yu,zhì yú,zhi4 yu2,go so far as to,介,https://api.wohuimandarin.com/nls/tts?text=%E8%87%B3%E4%BA%8E,0.0
5,志愿者,zhi yuan zhe,zhì yuàn zhě,zhi4 yuan4 zhe3,volunteer,名,https://api.wohuimandarin.com/nls/tts?text=%E5%BF%97%E6%84%BF%E8%80%85,0.0
5,制造,zhi zao,zhì zào,zhi4 zao4,to manufacture,动,https://api.wohuimandarin.com/nls/tts?text=%E5%88%B6%E9%80%A0,0.0
5,制作,zhi zuo,zhì zuò,zhi4 zuo4,manufacture,动,https://api.wohuimandarin.com/nls/tts?text=%E5%88%B6%E4%BD%9C,0.0
5,中介,zhong jie,zhōng jiè,zhong1 jie4,intermediary,名,https://api.wohuimandarin.com/nls/tts?text=%E4%B8%AD%E4%BB%8B,0.0
5,中心,zhong xin,zhōng xīn,zhong1 xin1,centre,名,https://api.wohuimandarin.com/nls/tts?text=%E4%B8%AD%E5%BF%83,0.0
5,中旬,zhong xun,zhōng xún,zhong1 xun2,[the middle ten days of a month],名,https://api.wohuimandarin.com/nls/tts?text=%E4%B8%AD%E6%97%AC,0.0
5,种类,zhong lei,zhǒng lèi,zhong3 lei4,kind,名,https://api.wohuimandarin.com/nls/tts?text=%E7%A7%8D%E7%B1%BB,0.0
5,重大,zhong da,zhòng dà,zhong4 da4,important,形,https://api.wohuimandarin.com/nls/tts?text=%E9%87%8D%E5%A4%A7,0.0
5,重量,zhong liang,zhòng liàng,zhong4 liang4,weight; scale; heft,名,https://api.wohuimandarin.com/nls/tts?text=%E9%87%8D%E9%87%8F,0.0
5,周到,zhou dao,zhōu dao,zhou1 dao5,attentive; considerate; thorough,形,https://api.wohuimandarin.com/nls/tts?text=%E5%91%A8%E5%88%B0,0.0
5,猪,zhu,zhū,zhu1,pig,名,https://api.wohuimandarin.com/nls/tts?text=zh%C5%AB,0.0
5,逐步,zhu bu,zhú bù,zhu2 bu4,step by step; progressively; gradually,副,https://api.wohuimandarin.com/nls/tts?text=%E9%80%90%E6%AD%A5,0.0
5,逐渐,zhu jian,zhú jiàn,zhu2 jian4,gradually,副,https://api.wohuimandarin.com/nls/tts?text=%E9%80%90%E6%B8%90,0.0
5,竹子,zhu zi,zhú zi,zhu2 zi5,bamboo,名,https://api.wohuimandarin.com/nls/tts?text=%E7%AB%B9%E5%AD%90,0.0
5,煮,zhu,zhǔ,zhu3,boil; cook; stew,动,https://api.wohuimandarin.com/nls/tts?text=zh%C7%94,0.0
5,主持,zhu chi,zhǔ chí,zhu3 chi2,take charge of; manage; direct,动,https://api.wohuimandarin.com/nls/tts?text=%E4%B8%BB%E6%8C%81,0.0
5,主动,zhu dong,zhǔ dòng,zhu3 dong4,take the initiative,形,https://api.wohuimandarin.com/nls/tts?text=%E4%B8%BB%E5%8A%A8,0.0
5,主观,zhu guan,zhǔ guān,zhu3 guan1,subjective,形,https://api.wohuimandarin.com/nls/tts?text=%E4%B8%BB%E8%A7%82,0.0
5,主人,zhu ren,zhǔ rén,zhu3 ren2,owner,名,https://api.wohuimandarin.com/nls/tts?text=%E4%B8%BB%E4%BA%BA,0.0
5,主任,zhu ren,zhǔ rèn,zhu3 ren4,director,名,https://api.wohuimandarin.com/nls/tts?text=%E4%B8%BB%E4%BB%BB,0.0
5,主题,zhu ti,zhǔ tí,zhu3 ti2,theme; subject; topic,名,https://api.wohuimandarin.com/nls/tts?text=%E4%B8%BB%E9%A2%98,0.0
5,主席,zhu xi,zhǔ xí,zhu3 xi2,chairperson,名,https://api.wohuimandarin.com/nls/tts?text=%E4%B8%BB%E5%B8%AD,0.0
5,主张,zhu zhang,zhǔ zhāng,zhu3 zhang1,claim; assertionl; proposal,动,https://api.wohuimandarin.com/nls/tts?text=%E4%B8%BB%E5%BC%A0,0.0
5,注册,zhu ce,zhù cè,zhu4 ce4,register,动,https://api.wohuimandarin.com/nls/tts?text=%E6%B3%A8%E5%86%8C,0.0
5,祝福,zhu fu,zhù fú,zhu4 fu2,blessing; benediction; wish happiness to,动,https://api.wohuimandarin.com/nls/tts?text=%E7%A5%9D%E7%A6%8F,0.0
5,抓,zhua,zhuā,zhua1,to grab,动,https://api.wohuimandarin.com/nls/tts?text=zhu%C4%81,1.0
5,抓紧,zhua jin,zhuā jǐn,zhua1 jin3,firmly grasp; pay close attention to,动,https://api.wohuimandarin.com/nls/tts?text=%E6%8A%93%E7%B4%A7,0.0
5,专家,zhuan jia,zhuān jiā,zhuan1 jia1,specialist; expert,名,https://api.wohuimandarin.com/nls/tts?text=%E4%B8%93%E5%AE%B6,0.0
5,专心,zhuan xin,zhuān xīn,zhuan1 xin1,engrossed; concentrating,形,https://api.wohuimandarin.com/nls/tts?text=%E4%B8%93%E5%BF%83,0.0
5,转变,zhuan bian,zhuǎn biàn,zhuan3 bian4,change; convert; turn,动,https://api.wohuimandarin.com/nls/tts?text=%E8%BD%AC%E5%8F%98,0.0
5,转告,zhuan gao,zhuǎn gào,zhuan3 gao4,pass on; communicate; transmit,动,https://api.wohuimandarin.com/nls/tts?text=%E8%BD%AC%E5%91%8A,0.0
5,装,zhuang,zhuāng,zhuang1,dress; attire; clothing,动,https://api.wohuimandarin.com/nls/tts?text=zhu%C4%81ng,0.0
5,装饰,zhuang shi,zhuāng shì,zhuang1 shi4,ornament; decorate; embellish,动,https://api.wohuimandarin.com/nls/tts?text=%E8%A3%85%E9%A5%B0,0.0
5,装修,zhuang xiu,zhuāng xiū,zhuang1 xiu1,to decroate,动,https://api.wohuimandarin.com/nls/tts?text=%E8%A3%85%E4%BF%AE,0.0
5,撞,zhuang,zhuàng,zhuang4,to hit,动,https://api.wohuimandarin.com/nls/tts?text=zhu%C3%A0ng,0.0
5,状况,zhuang kuang,zhuàng kuàng,zhuang4 kuang4,condition; state; status,名,https://api.wohuimandarin.com/nls/tts?text=%E7%8A%B6%E5%86%B5,0.0
5,状态,zhuang tai,zhuàng tài,zhuang4 tai4,status; condition; state of affairs,名,https://api.wohuimandarin.com/nls/tts?text=%E7%8A%B6%E6%80%81,0.0
5,追,zhui,zhuī,zhui1,chase,动,https://api.wohuimandarin.com/nls/tts?text=zhu%C4%AB,0.0
5,追求,zhui qiu,zhuī qiú,zhui1 qiu2,seek; pursue; woo,动,https://api.wohuimandarin.com/nls/tts?text=%E8%BF%BD%E6%B1%82,0.0
5,资格,zi ge,zī gé,zi1 ge2,qualification; seniority,名,https://api.wohuimandarin.com/nls/tts?text=%E8%B5%84%E6%A0%BC,0.0
5,资金,zi jin,zī jīn,zi1 jin1,fund,名,https://api.wohuimandarin.com/nls/tts?text=%E8%B5%84%E9%87%91,0.0
5,资料,zi liao,zī liào,zi1 liao4,means; resources; materials,名,https://api.wohuimandarin.com/nls/tts?text=%E8%B5%84%E6%96%99,0.0
5,姿势,zi shi,zī shì,zi1 shi4,posture; gesture,名,https://api.wohuimandarin.com/nls/tts?text=%E5%A7%BF%E5%8A%BF,0.0
5,咨询,zi xun,zī xún,zi1 xun2,seek advice from; consult,动,https://api.wohuimandarin.com/nls/tts?text=%E5%92%A8%E8%AF%A2,0.0
5,资源,zi yuan,zī yuán,zi1 yuan2,(natural) resources,名,https://api.wohuimandarin.com/nls/tts?text=%E8%B5%84%E6%BA%90,0.0
5,紫,zi,zǐ,zi3,purple,形,https://api.wohuimandarin.com/nls/tts?text=z%C7%90,0.0
5,自从,zi cong,zì cóng,zi4 cong2,since,介,https://api.wohuimandarin.com/nls/tts?text=%E8%87%AA%E4%BB%8E,0.0
5,自动,zi dong,zì dòng,zi4 dong4,voluntarily; of one's own accord; spontaneous,形/副,https://api.wohuimandarin.com/nls/tts?text=%E8%87%AA%E5%8A%A8,0.0
5,自豪,zi hao,zì háo,zi4 hao2,be proud of,形,https://api.wohuimandarin.com/nls/tts?text=%E8%87%AA%E8%B1%AA,0.0
5,自觉,zi jue,zì jué,zi4 jue2,be aware of; conscientious,动/形,https://api.wohuimandarin.com/nls/tts?text=%E8%87%AA%E8%A7%89,0.0
5,字母,zi mu,zì mǔ,zi4 mu3,letters [of an alphabet],名,https://api.wohuimandarin.com/nls/tts?text=%E5%AD%97%E6%AF%8D,0.0
5,字幕,zi mu,zì mù,zi4 mu4,captions; subtitles,名,https://api.wohuimandarin.com/nls/tts?text=%E5%AD%97%E5%B9%95,0.0
5,自私,zi si,zì sī,zi4 si1,selfish; self-centred; self-seeking,形,https://api.wohuimandarin.com/nls/tts?text=%E8%87%AA%E7%A7%81,0.0
5,自由,zi you,zì yóu,zi4 you2,freedom; liberty,形/名,https://api.wohuimandarin.com/nls/tts?text=%E8%87%AA%E7%94%B1,0.0
5,自愿,zi yuan,zì yuàn,zi4 yuan4,of one's own free will; voluntarily,动,https://api.wohuimandarin.com/nls/tts?text=%E8%87%AA%E6%84%BF,0.0
5,综合,zong he,zōng hé,zong1 he2,synthesise; comprehensive; multiple,动,https://api.wohuimandarin.com/nls/tts?text=%E7%BB%BC%E5%90%88,0.0
5,总裁,zong cai,zǒng cái,zong3 cai2,president; director general,名,https://api.wohuimandarin.com/nls/tts?text=%E6%80%BB%E8%A3%81,0.0
5,总共,zong gong,zǒng gòng,zong3 gong4,in all; altogether,副,https://api.wohuimandarin.com/nls/tts?text=%E6%80%BB%E5%85%B1,0.0
5,总理,zong li,zǒng lǐ,zong3 li3,prime minister,名,https://api.wohuimandarin.com/nls/tts?text=%E6%80%BB%E7%90%86,0.0
5,总算,zong suan,zǒng suàn,zong3 suan4,at long last; finally,副,https://api.wohuimandarin.com/nls/tts?text=%E6%80%BB%E7%AE%97,0.0
5,总统,zong tong,zǒng tǒng,zong3 tong3,president,名,https://api.wohuimandarin.com/nls/tts?text=%E6%80%BB%E7%BB%9F,0.0
5,总之,zong zhi,zǒng zhī,zong3 zhi1,in a word; in short; in brief,连,https://api.wohuimandarin.com/nls/tts?text=%E6%80%BB%E4%B9%8B,0.0
5,组,zu,zǔ,zu3,group; set; series,量,https://api.wohuimandarin.com/nls/tts?text=z%C7%94,0.0
5,组成,zu cheng,zǔ chéng,zu3 cheng2,to form,动,https://api.wohuimandarin.com/nls/tts?text=%E7%BB%84%E6%88%90,0.0
5,组合,zu he,zǔ hé,zu3 he2,make up; compose; constitute,动/名,https://api.wohuimandarin.com/nls/tts?text=%E7%BB%84%E5%90%88,0.0
5,组织,zu zhi,zǔ zhī,zu3 zhi1,organisation,动/名,https://api.wohuimandarin.com/nls/tts?text=%E7%BB%84%E7%BB%87,0.0
5,阻止,zu zhi,zǔ zhǐ,zu3 zhi3,arrest; stop; prevent,动,https://api.wohuimandarin.com/nls/tts?text=%E9%98%BB%E6%AD%A2,5.0
5,醉,zui,zuì,zui4,drunk; intoxicated,动,https://api.wohuimandarin.com/nls/tts?text=zu%C3%AC,0.0
5,最初,zui chu,zuì chū,zui4 chu1,initial; first; prime,名,https://api.wohuimandarin.com/nls/tts?text=%E6%9C%80%E5%88%9D,0.0
5,尊敬,zun jing,zūn jìng,zun1 jing4,respect; honour; esteem,动,https://api.wohuimandarin.com/nls/tts?text=%E5%B0%8A%E6%95%AC,0.0
5,遵守,zun shou,zūn shǒu,zun1 shou3,observe; abide by; comply with,动,https://api.wohuimandarin.com/nls/tts?text=%E9%81%B5%E5%AE%88,0.0
5,作品,zuo pin,zuò pǐn,zuo4 pin3,works; opus,名,https://api.wohuimandarin.com/nls/tts?text=%E4%BD%9C%E5%93%81,0.0
5,作为,zuo wei,zuò wéi,zuo4 wei2,to act as; conduct,介,https://api.wohuimandarin.com/nls/tts?text=%E4%BD%9C%E4%B8%BA,0.0
5,作文,zuo wen,zuò wén,zuo4 wen2,write a composition,名,https://api.wohuimandarin.com/nls/tts?text=%E4%BD%9C%E6%96%87,0.0
6,偶像,ou xiang,ǒu xiàng,ou3 xiang4,idol,名,https://api.wohuimandarin.com/nls/tts?text=%E5%81%B6%E5%83%8F,0.0
6,挨,ai,ái,ai2,suffer; endure; drag out;,动,https://api.wohuimandarin.com/nls/tts?text=%C3%A1i,0.0
6,癌症,ai zheng,ái zhèng,ai2 zheng4,cancer,名,https://api.wohuimandarin.com/nls/tts?text=%E7%99%8C%E7%97%87,0.0
6,爱不释手,ai bu shi shou,ài bù shì shǒu,ai4 bu4 shi4 shou3,like something so much that one cannot bear to part with it,,https://api.wohuimandarin.com/nls/tts?text=%E7%88%B1%E4%B8%8D%E9%87%8A%E6%89%8B,0.0
6,爱戴,ai dai,ài dài,ai4 dai4,love and esteem; respect and support,动,https://api.wohuimandarin.com/nls/tts?text=%E7%88%B1%E6%88%B4,0.0
6,暧昧,ai mei,ài mèi,ai4 mei4,ambiguous; equivocal; dubious,形,https://api.wohuimandarin.com/nls/tts?text=%E6%9A%A7%E6%98%A7,0.0
6,安宁,an ning,ān níng,an1 ning2,peaceful; tranquil; calm,形,https://api.wohuimandarin.com/nls/tts?text=%E5%AE%89%E5%AE%81,0.0
6,安详,an xiang,ān xiáng,an1 xiang2,composed; serene,形,https://api.wohuimandarin.com/nls/tts?text=%E5%AE%89%E8%AF%A6,0.0
6,安置,an zhi,ān zhì,an1 zhi4,arrange for; find a place for,动,https://api.wohuimandarin.com/nls/tts?text=%E5%AE%89%E7%BD%AE,0.0
6,案件,an jian,àn jiàn,an4 jian4,legal case,名,https://api.wohuimandarin.com/nls/tts?text=%E6%A1%88%E4%BB%B6,0.0
6,案例,an li,àn lì,an4 li4,case; example of,名,https://api.wohuimandarin.com/nls/tts?text=%E6%A1%88%E4%BE%8B,0.0
6,按摩,an mo,àn mó,an4 mo2,massage,动,https://api.wohuimandarin.com/nls/tts?text=%E6%8C%89%E6%91%A9,0.0
6,暗示,an shi,àn shì,an4 shi4,hint; imply,动,https://api.wohuimandarin.com/nls/tts?text=%E6%9A%97%E7%A4%BA,0.0
6,昂贵,ang gui,áng guì,ang2 gui4,expensive; costly,形,https://api.wohuimandarin.com/nls/tts?text=%E6%98%82%E8%B4%B5,0.0
6,凹凸,ao tu,āo tū,ao1 tu1,concave-convex; bumpy; uneven,形,https://api.wohuimandarin.com/nls/tts?text=%E5%87%B9%E5%87%B8,0.0
6,熬,ao,áo,ao2,boil; stew,动,https://api.wohuimandarin.com/nls/tts?text=%C3%A1o,0.0
6,奥秘,ao mi,ào mì,ao4 mi4,profound mystery; secret,名,https://api.wohuimandarin.com/nls/tts?text=%E5%A5%A5%E7%A7%98,0.0
6,扒,ba,bā,ba1,dig up; pull down; rake,动,https://api.wohuimandarin.com/nls/tts?text=b%C4%81,0.0
6,疤,ba,bā,ba1,scar,名,https://api.wohuimandarin.com/nls/tts?text=b%C4%81,0.0
6,巴不得,ba bu de,bā bù dé,ba1 bu4 de2,be only too anxious; eagerly look forward to; earnestly wish,动,https://api.wohuimandarin.com/nls/tts?text=%E5%B7%B4%E4%B8%8D%E5%BE%97,0.0
6,巴结,ba jie,bā jie,ba1 jie5,curry favour with; fawn on; flatter,动,https://api.wohuimandarin.com/nls/tts?text=%E5%B7%B4%E7%BB%93,0.0
6,拨,ba,bá,ba2,to pull up,动,https://api.wohuimandarin.com/nls/tts?text=b%C3%A1,0.0
6,拔苗助长,ba miao zhu zhang,bá miáo zhù zhǎng,ba2 miao2 zhu4 zhang3,pull up a seedling in the mistaken hope of helping it to grow,,https://api.wohuimandarin.com/nls/tts?text=%E6%8B%94%E8%8B%97%E5%8A%A9%E9%95%BF,0.0
6,把关,ba guan,bǎ guān,ba3 guan1,guard a pass/checkpoint,动,https://api.wohuimandarin.com/nls/tts?text=%E6%8A%8A%E5%85%B3,0.0
6,把手,ba shou,bǎ shǒu,ba3 shou3,handle; holder; hand; knob,名,https://api.wohuimandarin.com/nls/tts?text=%E6%8A%8A%E6%89%8B,0.0
6,霸道,ba dao,bà dào,ba4 dao4,strong; potent,形,https://api.wohuimandarin.com/nls/tts?text=%E9%9C%B8%E9%81%93,0.0
6,罢工,ba gong,bà gōng,ba4 gong1,go on strike; down tools,动,https://api.wohuimandarin.com/nls/tts?text=%E7%BD%A2%E5%B7%A5,0.0
6,掰,bai,bāi,bai1,break off (with hands); sever,动,https://api.wohuimandarin.com/nls/tts?text=b%C4%81i,0.0
6,摆脱,bai tuo,bǎi tuō,bai3 tuo1,dispense; cast off; extricate oneself from,动,https://api.wohuimandarin.com/nls/tts?text=%E6%91%86%E8%84%B1,0.0
6,拜访,bai fang,bài fǎng,bai4 fang3,pay a visit; call to pay respects; call on,动,https://api.wohuimandarin.com/nls/tts?text=%E6%8B%9C%E8%AE%BF,0.0
6,败坏,bai huai,bài huài,bai4 huai4,ruin; corrupt; debase,动,https://api.wohuimandarin.com/nls/tts?text=%E8%B4%A5%E5%9D%8F,0.0
6,拜年,bai nian,bài nián,bai4 nian2,pay a New Year call,动,https://api.wohuimandarin.com/nls/tts?text=%E6%8B%9C%E5%B9%B4,0.0
6,拜托,bai tuo,bài tuō,bai4 tuo1,request somebody to do something; entrust,动,https://api.wohuimandarin.com/nls/tts?text=%E6%8B%9C%E6%89%98,0.0
6,斑,ban,bān,ban1,spot,名,https://api.wohuimandarin.com/nls/tts?text=b%C4%81n,0.0
6,颁布,ban bu,bān bù,ban1 bu4,promulgate; issue; proclaim,动,https://api.wohuimandarin.com/nls/tts?text=%E9%A2%81%E5%B8%83,0.0
6,颁发,ban fa,bān fā,ban1 fa1,issue; promulgate,动,https://api.wohuimandarin.com/nls/tts?text=%E9%A2%81%E5%8F%91,0.0
6,版本,ban ben,bǎn běn,ban3 ben3,edition,名,https://api.wohuimandarin.com/nls/tts?text=%E7%89%88%E6%9C%AC,0.0
6,伴侣,ban lv,bàn lǚ,ban4 lv3,companion; mate; partner,名,https://api.wohuimandarin.com/nls/tts?text=%E4%BC%B4%E4%BE%A3,0.0
6,伴随,ban sui,bàn suí,ban4 sui2,accompany; be in the wake of,动,https://api.wohuimandarin.com/nls/tts?text=%E4%BC%B4%E9%9A%8F,0.0
6,半途而废,ban tu er fei,bàn tú ér fèi,ban4 tu2 er2 fei4,give up halfway; leave something unfinished,,https://api.wohuimandarin.com/nls/tts?text=%E5%8D%8A%E9%80%94%E8%80%8C%E5%BA%9F,0.0
6,扮演,ban yan,bàn yǎn,ban4 yan3,play the part of; have a role; act,动,https://api.wohuimandarin.com/nls/tts?text=%E6%89%AE%E6%BC%94,0.0
6,绑架,bang jia,bǎng jià,bang3 jia4,kidnap,动,https://api.wohuimandarin.com/nls/tts?text=%E7%BB%91%E6%9E%B6,0.0
6,榜样,bang yang,bǎng yàng,bang3 yang4,example; model; pattern,名,https://api.wohuimandarin.com/nls/tts?text=%E6%A6%9C%E6%A0%B7,0.0
6,磅,bang,bàng,bang4,pound [weight]; scale,量,https://api.wohuimandarin.com/nls/tts?text=b%C3%A0ng,0.0
6,包庇,bao bi,bāo bì,bao1 bi4,shield; harbour; cover up,动,https://api.wohuimandarin.com/nls/tts?text=%E5%8C%85%E5%BA%87,0.0
6,包袱,bao fu,bāo fu,bao1 fu5,cloth wrappers,名,https://api.wohuimandarin.com/nls/tts?text=%E5%8C%85%E8%A2%B1,0.0
6,包围,bao wei,bāo wéi,bao1 wei2,surround,动,https://api.wohuimandarin.com/nls/tts?text=%E5%8C%85%E5%9B%B4,0.0
6,包装,bao zhuang,bāo zhuāng,bao1 zhuang1,pack; wrap up; packaging,动/名,https://api.wohuimandarin.com/nls/tts?text=%E5%8C%85%E8%A3%85,0.0
6,保管,bao guan,bǎo guǎn,bao3 guan3,take care of; safeguard,动,https://api.wohuimandarin.com/nls/tts?text=%E4%BF%9D%E7%AE%A1,0.0
6,饱和,bao he,bǎo hé,bao3 he2,saturated,动,https://api.wohuimandarin.com/nls/tts?text=%E9%A5%B1%E5%92%8C,0.0
6,饱经沧桑,bao jing cang sang,bǎo jīng cāng sāng,bao3 jing1 cang1 sang1,have lived through many changes,,https://api.wohuimandarin.com/nls/tts?text=%E9%A5%B1%E7%BB%8F%E6%B2%A7%E6%A1%91,0.0
6,保密,bao mi,bǎo mì,bao3 mi4,keep something secret,动,https://api.wohuimandarin.com/nls/tts?text=%E4%BF%9D%E5%AF%86,0.0
6,保姆,bao mu,bǎo mǔ,bao3 mu3,nanny; nursemaid,名,https://api.wohuimandarin.com/nls/tts?text=%E4%BF%9D%E5%A7%86,0.0
6,保守,bao shou,bǎo shǒu,bao3 shou3,conservative,动/形,https://api.wohuimandarin.com/nls/tts?text=%E4%BF%9D%E5%AE%88,0.0
6,保卫,bao wei,bǎo wèi,bao3 wei4,defend; guard; safeguard,动,https://api.wohuimandarin.com/nls/tts?text=%E4%BF%9D%E5%8D%AB,0.0
6,保养,bao yang,bǎo yǎng,bao3 yang3,take good care of one's health; keep fit; keep in good repair,动,https://api.wohuimandarin.com/nls/tts?text=%E4%BF%9D%E5%85%BB,0.0
6,保障,bao zhang,bǎo zhàng,bao3 zhang4,ensure; guarantee; safeguard,动,https://api.wohuimandarin.com/nls/tts?text=%E4%BF%9D%E9%9A%9C,0.0
6,保重,bao zhong,bǎo zhòng,bao3 zhong4,to take care of oneself,动,https://api.wohuimandarin.com/nls/tts?text=%E4%BF%9D%E9%87%8D,0.0
6,报仇,bao chou,bào chóu,bao4 chou2,revenge; avenge,动,https://api.wohuimandarin.com/nls/tts?text=%E6%8A%A5%E4%BB%87,0.0
6,报酬,bao chou,bào chou,bao4 chou5,reward; remuneration; pay,名,https://api.wohuimandarin.com/nls/tts?text=%E6%8A%A5%E9%85%AC,0.0
6,报答,bao da,bào dá,bao4 da2,repay; pay back,动,https://api.wohuimandarin.com/nls/tts?text=%E6%8A%A5%E7%AD%94,0.0
6,爆发,bao fa,bào fā,bao4 fa1,erupt; burst; blow up,动,https://api.wohuimandarin.com/nls/tts?text=%E7%88%86%E5%8F%91,0.0
6,报复,bao fu,bào fù,bao4 fu4,take vengeance on; retaliate,动,https://api.wohuimandarin.com/nls/tts?text=%E6%8A%A5%E5%A4%8D,0.0
6,抱负,bao fu,bào fù,bao4 fu4,aspiration; ambition; lofty aim,名,https://api.wohuimandarin.com/nls/tts?text=%E6%8A%B1%E8%B4%9F,0.0
6,曝光,bao guang,bào guāng,bao4 guang1,exposure,动,https://api.wohuimandarin.com/nls/tts?text=%E6%9B%9D%E5%85%89,0.0
6,报警,bao jing,bào jǐng,bao4 jing3,to give a warning,动,https://api.wohuimandarin.com/nls/tts?text=%E6%8A%A5%E8%AD%A6,0.0
6,暴力,bao li,bào lì,bao4 li4,violence; force,名,https://api.wohuimandarin.com/nls/tts?text=%E6%9A%B4%E5%8A%9B,2.0
6,暴露,bao lu,bào lù,bao4 lu4,expose; reveal; lay bare,动,https://api.wohuimandarin.com/nls/tts?text=%E6%9A%B4%E9%9C%B2,0.0
6,报销,bao xiao,bào xiāo,bao4 xiao1,submit an expense account; apply for reimbursement; claim a refund,动,https://api.wohuimandarin.com/nls/tts?text=%E6%8A%A5%E9%94%80,0.0
6,爆炸,bao zha,bào zhà,bao4 zha4,explode; blow up; bomb,动,https://api.wohuimandarin.com/nls/tts?text=%E7%88%86%E7%82%B8,0.0
6,悲哀,bei ai,bēi āi,bei1 ai1,grief; sorrow,形,https://api.wohuimandarin.com/nls/tts?text=%E6%82%B2%E5%93%80,0.0
6,卑鄙,bei bi,bēi bǐ,bei1 bi3,base; mean; contemptible,形,https://api.wohuimandarin.com/nls/tts?text=%E5%8D%91%E9%84%99,0.0
6,悲惨,bei can,bēi cǎn,bei1 can3,miserable,形,https://api.wohuimandarin.com/nls/tts?text=%E6%82%B2%E6%83%A8,0.0
6,北极,bei ji,běi jí,bei3 ji2,the North Pole,名,https://api.wohuimandarin.com/nls/tts?text=%E5%8C%97%E6%9E%81,0.0
6,被动,bei dong,bèi dòng,bei4 dong4,passive,形,https://api.wohuimandarin.com/nls/tts?text=%E8%A2%AB%E5%8A%A8,0.0
6,备份,bei fen,bèi fèn,bei4 fen4,back-up,名/动,https://api.wohuimandarin.com/nls/tts?text=%E5%A4%87%E4%BB%BD,0.0
6,被告,bei gao,bèi gào,bei4 gao4,defendant; the accused,名,https://api.wohuimandarin.com/nls/tts?text=%E8%A2%AB%E5%91%8A,0.0
6,贝壳,bei ke,bèi ké,bei4 ke2,conch; sea shell,名,https://api.wohuimandarin.com/nls/tts?text=%E8%B4%9D%E5%A3%B3,0.0
6,背叛,bei pan,bèi pàn,bei4 pan4,betray; forsake,动,https://api.wohuimandarin.com/nls/tts?text=%E8%83%8C%E5%8F%9B,0.0
6,背诵,bei song,bèi sòng,bei4 song4,recite; repeat from memory; say by heart,动,https://api.wohuimandarin.com/nls/tts?text=%E8%83%8C%E8%AF%B5,0.0
6,备忘录,bei wang lu,bèi wàng lù,bei4 wang4 lu4,memorandum; aide-mémoire,名,https://api.wohuimandarin.com/nls/tts?text=%E5%A4%87%E5%BF%98%E5%BD%95,0.0
6,奔波,ben bo,bēn bō,ben1 bo1,rush about; be on the go,动,https://api.wohuimandarin.com/nls/tts?text=%E5%A5%94%E6%B3%A2,0.0
6,奔驰,ben chi,bēn chí,ben1 chi2,run quickly; speed; gallop,动,https://api.wohuimandarin.com/nls/tts?text=%E5%A5%94%E9%A9%B0,0.0
6,本能,ben neng,běn néng,ben3 neng2,instinct; native ability,名,https://api.wohuimandarin.com/nls/tts?text=%E6%9C%AC%E8%83%BD,0.0
6,本钱,ben qian,běn qián,ben3 qian2,capital [money],名,https://api.wohuimandarin.com/nls/tts?text=%E6%9C%AC%E9%92%B1,0.0
6,本人,ben ren,běn rén,ben3 ren2,oneself; in the flesh,代,https://api.wohuimandarin.com/nls/tts?text=%E6%9C%AC%E4%BA%BA,0.0
6,本身,ben shen,běn shēn,ben3 shen1,in itself/oneself,代,https://api.wohuimandarin.com/nls/tts?text=%E6%9C%AC%E8%BA%AB,0.0
6,本事,ben shi,běn shi,ben3 shi5,skill; ability; talent,名,https://api.wohuimandarin.com/nls/tts?text=%E6%9C%AC%E4%BA%8B,0.0
6,笨拙,ben zhuo,bèn zhuō,ben4 zhuo1,clumsy; stupid; slow-witted,形,https://api.wohuimandarin.com/nls/tts?text=%E7%AC%A8%E6%8B%99,0.0
6,崩溃,beng kui,bēng kuì,beng1 kui4,breakdown; collapse; disintegrate,动,https://api.wohuimandarin.com/nls/tts?text=%E5%B4%A9%E6%BA%83,0.0
6,甭,beng,béng,beng2,need not; do not have to,副,https://api.wohuimandarin.com/nls/tts?text=b%C3%A9ng,0.0
6,蹦,beng,bèng,beng4,hop; skip; jump,动,https://api.wohuimandarin.com/nls/tts?text=b%C3%A8ng,0.0
6,迸发,beng fa,bèng fā,beng4 fa1,burst forth; burst out,动,https://api.wohuimandarin.com/nls/tts?text=%E8%BF%B8%E5%8F%91,0.0
6,逼迫,bi po,bī pò,bi1 po4,force; compel; coerce,动,https://api.wohuimandarin.com/nls/tts?text=%E9%80%BC%E8%BF%AB,0.0
6,鼻涕,bi ti,bí tì,bi2 ti4,snot; nasal mucus,名,https://api.wohuimandarin.com/nls/tts?text=%E9%BC%BB%E6%B6%95,0.0
6,比方,bi fang,bǐ fang,bi3 fang5,analogy; example; instance,动,https://api.wohuimandarin.com/nls/tts?text=%E6%AF%94%E6%96%B9,0.0
6,鄙视,bi shi,bǐ shì,bi3 shi4,to despise,动,https://api.wohuimandarin.com/nls/tts?text=%E9%84%99%E8%A7%86,0.0
6,比喻,bi yu,bǐ yù,bi3 yu4,metaphor or simile; analogy; allegory,动,https://api.wohuimandarin.com/nls/tts?text=%E6%AF%94%E5%96%BB,0.0
6,比重,bi zhong,bǐ zhòng,bi3 zhong4,proportion; specific weight,名,https://api.wohuimandarin.com/nls/tts?text=%E6%AF%94%E9%87%8D,0.0
6,臂,bi,bì,bi4,arm,名,https://api.wohuimandarin.com/nls/tts?text=b%C3%AC,0.0
6,弊病,bi bing,bì bìng,bi4 bing4,malady; evil; malpractice,名,https://api.wohuimandarin.com/nls/tts?text=%E5%BC%8A%E7%97%85,0.0
6,弊端,bi duan,bì duān,bi4 duan1,malpractice; abuse,名,https://api.wohuimandarin.com/nls/tts?text=%E5%BC%8A%E7%AB%AF,0.0
6,闭塞,bi se,bì sè,bi4 se4,to close up; hard to get to; out-of-the-way,形,https://api.wohuimandarin.com/nls/tts?text=%E9%97%AD%E5%A1%9E,0.0
6,鞭策,bian ce,biān cè,bian1 ce4,spur on; encourage,动,https://api.wohuimandarin.com/nls/tts?text=%E9%9E%AD%E7%AD%96,0.0
6,边疆,bian jiang,biān jiāng,bian1 jiang1,borderland; frontier region,名,https://api.wohuimandarin.com/nls/tts?text=%E8%BE%B9%E7%96%86,0.0
6,边界,bian jie,biān jiè,bian1 jie4,boundary; frontier; border,名,https://api.wohuimandarin.com/nls/tts?text=%E8%BE%B9%E7%95%8C,0.0
6,边境,bian jing,biān jìng,bian1 jing4,border; frontier,名,https://api.wohuimandarin.com/nls/tts?text=%E8%BE%B9%E5%A2%83,0.0
6,边缘,bian yuan,biān yuán,bian1 yuan2,border; edge; fringe; margin,名,https://api.wohuimandarin.com/nls/tts?text=%E8%BE%B9%E7%BC%98,0.0
6,编织,bian zhi,biān zhī,bian1 zhi1,to weave,动,https://api.wohuimandarin.com/nls/tts?text=%E7%BC%96%E7%BB%87,0.0
6,扁,bian,biǎn,bian3,flat,形,https://api.wohuimandarin.com/nls/tts?text=bi%C7%8En,0.0
6,贬低,bian di,biǎn dī,bian3 di1,belittle; depreciate; disparage,动,https://api.wohuimandarin.com/nls/tts?text=%E8%B4%AC%E4%BD%8E,0.0
6,贬义,bian yi,biǎn yì,bian3 yi4,derogatory sense; negative connotation,名,https://api.wohuimandarin.com/nls/tts?text=%E8%B4%AC%E4%B9%89,0.0
6,遍布,bian bu,biàn bù,bian4 bu4,be found everywhere; spread all over,动,https://api.wohuimandarin.com/nls/tts?text=%E9%81%8D%E5%B8%83,0.0
6,变故,bian gu,biàn gù,bian4 gu4,unforeseen event; accident; mishap,名,https://api.wohuimandarin.com/nls/tts?text=%E5%8F%98%E6%95%85,0.0
6,辩护,bian hu,biàn hù,bian4 hu4,speak in defense of; argue in favour of,动,https://api.wohuimandarin.com/nls/tts?text=%E8%BE%A9%E6%8A%A4,0.0
6,辩解,bian jie,biàn jiě,bian4 jie3,provide an explanation; argue that; justify,动,https://api.wohuimandarin.com/nls/tts?text=%E8%BE%A9%E8%A7%A3,0.0
6,便利,bian li,biàn lì,bian4 li4,convenient; easy,形,https://api.wohuimandarin.com/nls/tts?text=%E4%BE%BF%E5%88%A9,0.0
6,变迁,bian qian,biàn qiān,bian4 qian1,transition; changes; vicissitudes,动,https://api.wohuimandarin.com/nls/tts?text=%E5%8F%98%E8%BF%81,0.0
6,辨认,bian ren,biàn rèn,bian4 ren4,identify; recognise,动,https://api.wohuimandarin.com/nls/tts?text=%E8%BE%A8%E8%AE%A4,0.0
6,便条,bian tiao,biàn tiáo,bian4 tiao2,note,名,https://api.wohuimandarin.com/nls/tts?text=%E4%BE%BF%E6%9D%A1,0.0
6,便于,bian yu,biàn yú,bian4 yu2,easy to; convenient for,动,https://api.wohuimandarin.com/nls/tts?text=%E4%BE%BF%E4%BA%8E,0.0
6,辩证,bian zheng,biàn zhèng,bian4 zheng4,investigate; dialectical,形,https://api.wohuimandarin.com/nls/tts?text=%E8%BE%A9%E8%AF%81,0.0
6,变质,bian zhi,biàn zhì,bian4 zhi4,go bad; deteriorate,动,https://api.wohuimandarin.com/nls/tts?text=%E5%8F%98%E8%B4%A8,0.0
6,辫子,bian zi,biàn zi,bian4 zi5,plait; braid; pigtail,名,https://api.wohuimandarin.com/nls/tts?text=%E8%BE%AB%E5%AD%90,0.0
6,标本,biao ben,biāo běn,biao1 ben3,specimen; sample;  representative,名,https://api.wohuimandarin.com/nls/tts?text=%E6%A0%87%E6%9C%AC,0.0
6,标记,biao ji,biāo jì,biao1 ji4,tab; sign; stamp,名,https://api.wohuimandarin.com/nls/tts?text=%E6%A0%87%E8%AE%B0,0.0
6,标题,biao ti,biāo tí,biao1 ti2,title; heading,名,https://api.wohuimandarin.com/nls/tts?text=%E6%A0%87%E9%A2%98,0.0
6,表决,biao jue,biǎo jué,biao3 jue2,decide by vote,动,https://api.wohuimandarin.com/nls/tts?text=%E8%A1%A8%E5%86%B3,0.0
6,表态,biao tai,biǎo tài,biao3 tai4,clarify one's position,动,https://api.wohuimandarin.com/nls/tts?text=%E8%A1%A8%E6%80%81,0.0
6,表彰,biao zhang,biǎo zhāng,biao3 zhang1,commend; cite,动,https://api.wohuimandarin.com/nls/tts?text=%E8%A1%A8%E5%BD%B0,0.0
6,憋,bie,biē,bie1,back; suppress; suffocate,动,https://api.wohuimandarin.com/nls/tts?text=bi%C4%93,0.0
6,别墅,bie shu,bié shù,bie2 shu4,villa,名,https://api.wohuimandarin.com/nls/tts?text=%E5%88%AB%E5%A2%85,0.0
6,别致,bie zhi,bié zhì,bie2 zhi4,unconventional; interesting and novel; new and unusal,形,https://api.wohuimandarin.com/nls/tts?text=%E5%88%AB%E8%87%B4,0.0
6,别扭,bie niu,biè niu,bie4 niu5,difficult to deal with; troublesome; hard to get along with,形,https://api.wohuimandarin.com/nls/tts?text=%E5%88%AB%E6%89%AD,0.0
6,濒临,bin lin,bīn lín,bin1 lin2,be close to; be on the verge of; border on,动,https://api.wohuimandarin.com/nls/tts?text=%E6%BF%92%E4%B8%B4,0.0
6,冰雹,bing bao,bīng báo,bing1 bao2,hail; hail stone,名,https://api.wohuimandarin.com/nls/tts?text=%E5%86%B0%E9%9B%B9,0.0
6,丙,bing,bǐng,bing3,third; the third of the Ten Heavenly Stems,名,https://api.wohuimandarin.com/nls/tts?text=b%C7%90ng,0.0
6,并非,bing fei,bìng fēi,bing4 fei1,really not,动,https://api.wohuimandarin.com/nls/tts?text=%E5%B9%B6%E9%9D%9E,0.0
6,并列,bing lie,bìng liè,bing4 lie4,stand side by side; be juxtaposed; put something on a par with,动,https://api.wohuimandarin.com/nls/tts?text=%E5%B9%B6%E5%88%97,0.0
6,波浪,bo lang,bō làng,bo1 lang4,wave,名,https://api.wohuimandarin.com/nls/tts?text=%E6%B3%A2%E6%B5%AA,0.0
6,波涛,bo tao,bō tāo,bo1 tao1,great waves,动,https://api.wohuimandarin.com/nls/tts?text=%E6%B3%A2%E6%B6%9B,0.0
6,剥削,bo xue,bō xuē,bo1 xue1,exploit,动,https://api.wohuimandarin.com/nls/tts?text=%E5%89%A5%E5%89%8A,0.0
6,播种,bo zhong,bō zhòng,bo1 zhong4,to sow; to seed,动,https://api.wohuimandarin.com/nls/tts?text=%E6%92%AD%E7%A7%8D,0.0
6,博大精深,bo da jing shen,bó dà jīng shēn,bo2 da4 jing1 shen1,extensive and profound; have extensive knowledge and profound scholarship,,https://api.wohuimandarin.com/nls/tts?text=%E5%8D%9A%E5%A4%A7%E7%B2%BE%E6%B7%B1,0.0
6,搏斗,bo dou,bó dòu,bo2 dou4,wrestle; fight; struggle,动,https://api.wohuimandarin.com/nls/tts?text=%E6%90%8F%E6%96%97,0.0
6,博览会,bo lan hui,bó lǎn huì,bo2 lan3 hui4,fair; exhibition; exposition,名,https://api.wohuimandarin.com/nls/tts?text=%E5%8D%9A%E8%A7%88%E4%BC%9A,0.0
6,伯母,bo mu,bó mǔ,bo2 mu3,aunt [wife of father's elder brother],名,https://api.wohuimandarin.com/nls/tts?text=%E4%BC%AF%E6%AF%8D,0.0
6,薄弱,bo ruo,bó ruò,bo2 ruo4,weak; frail,形,https://api.wohuimandarin.com/nls/tts?text=%E8%96%84%E5%BC%B1,0.0
6,不顾,bu gu,bú gù,bu2 gu4,disregard; in spite of,动,https://api.wohuimandarin.com/nls/tts?text=%E4%B8%8D%E9%A1%BE,0.0
6,不愧,bu kui,bú kuì,bu2 kui4,be worthy of; deserve to be called; prove oneself to be,副,https://api.wohuimandarin.com/nls/tts?text=%E4%B8%8D%E6%84%A7,0.0
6,不料,bu liao,bú liào,bu2 liao4,unexpectedly; to one's surprise,连,https://api.wohuimandarin.com/nls/tts?text=%E4%B8%8D%E6%96%99,0.0
6,不像话,bu xiang hua,bú xiàng huà,bu2 xiang4 hua4,unreasonable; absurd,形,https://api.wohuimandarin.com/nls/tts?text=%E4%B8%8D%E5%83%8F%E8%AF%9D,0.0
6,不屑一顾,bu xie yi gu,bú xiè yī gù,bu2 xie4 yi1 gu4,not spare a glance for; beneath contempt,,https://api.wohuimandarin.com/nls/tts?text=%E4%B8%8D%E5%B1%91%E4%B8%80%E9%A1%BE,0.0
6,补偿,bu chang,bǔ cháng,bu3 chang2,compensate; make up for,动,https://api.wohuimandarin.com/nls/tts?text=%E8%A1%A5%E5%81%BF,0.0
6,补救,bu jiu,bǔ jiù,bu3 jiu4,remedy; repair; retrieval,动,https://api.wohuimandarin.com/nls/tts?text=%E8%A1%A5%E6%95%91,0.0
6,哺乳,bu ru,bǔ rǔ,bu3 ru3,breast-feed; suckle; nurse,动,https://api.wohuimandarin.com/nls/tts?text=%E5%93%BA%E4%B9%B3,0.0
6,补贴,bu tie,bǔ tiē,bu3 tie1,subsidy; allowance,动/名,https://api.wohuimandarin.com/nls/tts?text=%E8%A1%A5%E8%B4%B4,0.0
6,捕捉,bu zhuo,bǔ zhuō,bu3 zhuo1,catch; seize,动,https://api.wohuimandarin.com/nls/tts?text=%E6%8D%95%E6%8D%89,0.0
6,不得已,bu de yi,bù dé yǐ,bu4 de2 yi3,be forced to; have no alternative but to,形,https://api.wohuimandarin.com/nls/tts?text=%E4%B8%8D%E5%BE%97%E5%B7%B2,0.0
6,步伐,bu fa,bù fá,bu4 fa2,step; pace,名,https://api.wohuimandarin.com/nls/tts?text=%E6%AD%A5%E4%BC%90,0.0
6,不妨,bu fang,bù fáng,bu4 fang2,there is no harm in; might as well,副,https://api.wohuimandarin.com/nls/tts?text=%E4%B8%8D%E5%A6%A8,0.0
6,不敢当,bu gan dang,bù gǎn dāng,bu4 gan3 dang1,I really don't deserve it; you flatter me,动,https://api.wohuimandarin.com/nls/tts?text=%E4%B8%8D%E6%95%A2%E5%BD%93,0.0
6,布告,bu gao,bù gào,bu4 gao4,notice; bulletin; proclamation,名,https://api.wohuimandarin.com/nls/tts?text=%E5%B8%83%E5%91%8A,0.0
6,不禁,bu jin,bù jīn,bu4 jin1,cannot refrain from; involuntarily; spontaneously,副,https://api.wohuimandarin.com/nls/tts?text=%E4%B8%8D%E7%A6%81,0.0
6,布局,bu ju,bù jú,bu4 ju2,layout; arrangement,动/名,https://api.wohuimandarin.com/nls/tts?text=%E5%B8%83%E5%B1%80,0.0
6,不堪,bu kan,bù kān,bu4 kan1,cannot bear; cannot stand,动,https://api.wohuimandarin.com/nls/tts?text=%E4%B8%8D%E5%A0%AA,0.0
6,不可思议,bu ke si yi,bù kě sī yì,bu4 ke3 si1 yi4,unimaginable; inconceivable,,https://api.wohuimandarin.com/nls/tts?text=%E4%B8%8D%E5%8F%AF%E6%80%9D%E8%AE%AE,0.0
6,不免,bu mian,bù miǎn,bu4 mian3,unavoidable; bound to; invariably inevitably,副,https://api.wohuimandarin.com/nls/tts?text=%E4%B8%8D%E5%85%8D,0.0
6,不时,bu shi,bù shí,bu4 shi2,frequently; from time to time; now and then,副,https://api.wohuimandarin.com/nls/tts?text=%E4%B8%8D%E6%97%B6,0.0
6,部署,bu shu,bù shǔ,bu4 shu3,arrange; map out; lay out,动,https://api.wohuimandarin.com/nls/tts?text=%E9%83%A8%E7%BD%B2,0.0
6,部位,bu wei,bù wèi,bu4 wei4,position; place; location,名,https://api.wohuimandarin.com/nls/tts?text=%E9%83%A8%E4%BD%8D,0.0
6,不惜,bu xi,bù xī,bu4 xi1,not spare; not hestitate,动,https://api.wohuimandarin.com/nls/tts?text=%E4%B8%8D%E6%83%9C,0.0
6,不相上下,bu xiang shang xia,bù xiāng shàng xià,bu4 xiang1 shang4 xia4,be roughly the same; about equal,,https://api.wohuimandarin.com/nls/tts?text=%E4%B8%8D%E7%9B%B8%E4%B8%8A%E4%B8%8B,0.0
6,不言而喻,bu yan er yu,bù yán ér yù,bu4 yan2 er2 yu4,it is self-evident; it goes without saying; it stands to reason that,,https://api.wohuimandarin.com/nls/tts?text=%E4%B8%8D%E8%A8%80%E8%80%8C%E5%96%BB,0.0
6,不由得,bu you de,bù yóu de,bu4 you2 de5,cannot help; cannot but,副,https://api.wohuimandarin.com/nls/tts?text=%E4%B8%8D%E7%94%B1%E5%BE%97,0.0
6,不择手段,bu ze shou duan,bù zé shǒu duàn,bu4 ze2 shou3 duan4,by fair means or foul; by hook or by crook,,https://api.wohuimandarin.com/nls/tts?text=%E4%B8%8D%E6%8B%A9%E6%89%8B%E6%AE%B5,0.0
6,不止,bu zhi,bù zhǐ,bu4 zhi3,more than; not limited to,副,https://api.wohuimandarin.com/nls/tts?text=%E4%B8%8D%E6%AD%A2,0.0
6,布置,bu zhi,bù zhì,bu4 zhi4,fix up; arrange; decorate,,https://api.wohuimandarin.com/nls/tts?text=%E5%B8%83%E7%BD%AE,0.0
6,裁缝,cai feng,cái feng,cai2 feng5,tailor; dressmaker,名,https://api.wohuimandarin.com/nls/tts?text=%E8%A3%81%E7%BC%9D,0.0
6,财富,cai fu,cái fù,cai2 fu4,wealth; fortune; riches,名,https://api.wohuimandarin.com/nls/tts?text=%E8%B4%A2%E5%AF%8C,0.0
6,才干,cai gan,cái gàn,cai2 gan4,ability; competence; capability,名,https://api.wohuimandarin.com/nls/tts?text=%E6%89%8D%E5%B9%B2,0.0
6,裁判,cai pan,cái pàn,cai2 pan4,judge; referee,名,https://api.wohuimandarin.com/nls/tts?text=%E8%A3%81%E5%88%A4,0.0
6,财务,cai wu,cái wù,cai2 wu4,financial affairs,名,https://api.wohuimandarin.com/nls/tts?text=%E8%B4%A2%E5%8A%A1,0.0
6,裁员,cai yuan,cái yuán,cai2 yuan2,reduce the number of staff,动,https://api.wohuimandarin.com/nls/tts?text=%E8%A3%81%E5%91%98,0.0
6,财政,cai zheng,cái zhèng,cai2 zheng4,government finance; public economy,名,https://api.wohuimandarin.com/nls/tts?text=%E8%B4%A2%E6%94%BF,0.0
6,采购,cai gou,cǎi gòu,cai3 gou4,procure; make purchases for an organization or enterprise,动,https://api.wohuimandarin.com/nls/tts?text=%E9%87%87%E8%B4%AD,0.0
6,采集,cai ji,cǎi jí,cai3 ji2,gather; collect,动,https://api.wohuimandarin.com/nls/tts?text=%E9%87%87%E9%9B%86,0.0
6,采纳,cai na,cǎi nà,cai3 na4,accept; adopt,动,https://api.wohuimandarin.com/nls/tts?text=%E9%87%87%E7%BA%B3,0.0
6,彩票,cai piao,cǎi piào,cai3 piao4,lottery ticket; raffle ticket,名,https://api.wohuimandarin.com/nls/tts?text=%E5%BD%A9%E7%A5%A8,0.0
6,参谋,can mou,cān móu,can1 mou2,staff officer; adviser,动,https://api.wohuimandarin.com/nls/tts?text=%E5%8F%82%E8%B0%8B,0.0
6,参照,can zhao,cān zhào,can1 zhao4,refer to; consult,动,https://api.wohuimandarin.com/nls/tts?text=%E5%8F%82%E7%85%A7,0.0
6,残疾,can ji,cán jí,can2 ji2,physical disability; deformity,名,https://api.wohuimandarin.com/nls/tts?text=%E6%AE%8B%E7%96%BE,0.0
6,残酷,can ku,cán kù,can2 ku4,cruel; brutal; ruthless,形,https://api.wohuimandarin.com/nls/tts?text=%E6%AE%8B%E9%85%B7,0.0
6,残留,can liu,cán liú,can2 liu2,remain; be left over; residual,动,https://api.wohuimandarin.com/nls/tts?text=%E6%AE%8B%E7%95%99,0.0
6,残忍,can ren,cán rěn,can2 ren3,cruel; ruthless; merciless,形,https://api.wohuimandarin.com/nls/tts?text=%E6%AE%8B%E5%BF%8D,0.0
6,灿烂,can lan,càn làn,can4 lan4,magnificent; splendid; resplendent,形,https://api.wohuimandarin.com/nls/tts?text=%E7%81%BF%E7%83%82,0.0
6,舱,cang,cāng,cang1,cabin; module,名,https://api.wohuimandarin.com/nls/tts?text=c%C4%81ng,0.0
6,苍白,cang bai,cāng bái,cang1 bai2,pale; pallid; wan,形,https://api.wohuimandarin.com/nls/tts?text=%E8%8B%8D%E7%99%BD,0.0
6,仓促,cang cu,cāng cù,cang1 cu4,hastily; hurriedly,形,https://api.wohuimandarin.com/nls/tts?text=%E4%BB%93%E4%BF%83,0.0
6,仓库,cang ku,cāng kù,cang1 ku4,storehouse; warehouse,名,https://api.wohuimandarin.com/nls/tts?text=%E4%BB%93%E5%BA%93,0.0
6,操劳,cao lao,cāo láo,cao1 lao2,work hard,动,https://api.wohuimandarin.com/nls/tts?text=%E6%93%8D%E5%8A%B3,0.0
6,操练,cao lian,cāo liàn,cao1 lian4,drill; practice,动,https://api.wohuimandarin.com/nls/tts?text=%E6%93%8D%E7%BB%83,0.0
6,操纵,cao zong,cāo zòng,cao1 zong4,operate; control; steer,动,https://api.wohuimandarin.com/nls/tts?text=%E6%93%8D%E7%BA%B5,0.0
6,操作,cao zuo,cāo zuò,cao1 zuo4,operate; manipulate; handle,动,https://api.wohuimandarin.com/nls/tts?text=%E6%93%8D%E4%BD%9C,0.0
6,嘈杂,cao za,cáo zá,cao2 za2,noisy; din,形,https://api.wohuimandarin.com/nls/tts?text=%E5%98%88%E6%9D%82,0.0
6,草案,cao an,cǎo àn,cao3 an4,draft; ground plan,名,https://api.wohuimandarin.com/nls/tts?text=%E8%8D%89%E6%A1%88,0.0
6,草率,cao shuai,cǎo shuài,cao3 shuai4,careless; perfunctory; rash,形,https://api.wohuimandarin.com/nls/tts?text=%E8%8D%89%E7%8E%87,0.0
6,策划,ce hua,cè huà,ce4 hua4,plan; plot; scheme,动,https://api.wohuimandarin.com/nls/tts?text=%E7%AD%96%E5%88%92,0.0
6,测量,ce liang,cè liáng,ce4 liang2,measure; survey; gauge,动,https://api.wohuimandarin.com/nls/tts?text=%E6%B5%8B%E9%87%8F,0.0
6,策略,ce lve,cè lüè,ce4 lve4,tactics; policy; strategy,名,https://api.wohuimandarin.com/nls/tts?text=%E7%AD%96%E7%95%A5,0.0
6,侧面,ce mian,cè miàn,ce4 mian4,side; flank; profile,名,https://api.wohuimandarin.com/nls/tts?text=%E4%BE%A7%E9%9D%A2,0.0
6,层出不穷,ceng chu bu qiong,céng chū bù qióng,ceng2 chu1 bu4 qiong2,come out in an unending flow,,https://api.wohuimandarin.com/nls/tts?text=%E5%B1%82%E5%87%BA%E4%B8%8D%E7%A9%B7,0.0
6,层次,ceng ci,céng cì,ceng2 ci4,administrative levels; arrangement of ideas; gradation,名,https://api.wohuimandarin.com/nls/tts?text=%E5%B1%82%E6%AC%A1,0.0
6,插座,cha zuo,chā zuò,cha1 zuo4,socket,名,https://api.wohuimandarin.com/nls/tts?text=%E6%8F%92%E5%BA%A7,0.0
6,查获,cha huo,chá huò,cha2 huo4,hunt down and seize; track down,动,https://api.wohuimandarin.com/nls/tts?text=%E6%9F%A5%E8%8E%B7,0.0
6,岔,cha,chà,cha4,fork in road; branch off; turn off,动/名,https://api.wohuimandarin.com/nls/tts?text=ch%C3%A0,0.0
6,刹那,cha na,chà nà,cha4 na4,instant; split second,名,https://api.wohuimandarin.com/nls/tts?text=%E5%88%B9%E9%82%A3,0.0
6,诧异,cha yi,chà yì,cha4 yi4,be surprised; be amazed; be astonished,形,https://api.wohuimandarin.com/nls/tts?text=%E8%AF%A7%E5%BC%82,0.0
6,柴油,chai you,chái yóu,chai2 you2,diesel oil,名,https://api.wohuimandarin.com/nls/tts?text=%E6%9F%B4%E6%B2%B9,0.0
6,搀,chan,chān,chan1,support somebody with one's hand; to mix; adulterate,动,https://api.wohuimandarin.com/nls/tts?text=ch%C4%81n,0.0
6,馋,chan,chán,chan2,greedy; gluttonous; covetous,动,https://api.wohuimandarin.com/nls/tts?text=ch%C3%A1n,0.0
6,缠绕,chan rao,chán rào,chan2 rao4,twine; swathe,动,https://api.wohuimandarin.com/nls/tts?text=%E7%BC%A0%E7%BB%95,0.0
6,阐述,chan shu,chǎn shù,chan3 shu4,expound; elaborate; set forth,动,https://api.wohuimandarin.com/nls/tts?text=%E9%98%90%E8%BF%B0,0.0
6,产业,chan ye,chǎn yè,chan3 ye4,industry,名,https://api.wohuimandarin.com/nls/tts?text=%E4%BA%A7%E4%B8%9A,0.0
6,颤抖,chan dou,chàn dǒu,chan4 dou3,shake; tremble; quiver,动,https://api.wohuimandarin.com/nls/tts?text=%E9%A2%A4%E6%8A%96,0.0
6,昌盛,chang sheng,chāng shèng,chang1 sheng4,prosperous; flourishing,形,https://api.wohuimandarin.com/nls/tts?text=%E6%98%8C%E7%9B%9B,0.0
6,偿还,chang huan,cháng huán,chang2 huan2,repay; pay back,动,https://api.wohuimandarin.com/nls/tts?text=%E5%81%BF%E8%BF%98,0.0
6,尝试,chang shi,cháng shì,chang2 shi4,trial; attempt,动,https://api.wohuimandarin.com/nls/tts?text=%E5%B0%9D%E8%AF%95,0.0
6,场合,chang he,chǎng hé,chang3 he2,occasion; situation,名,https://api.wohuimandarin.com/nls/tts?text=%E5%9C%BA%E5%90%88,0.0
6,敞开,chang kai,chǎng kāi,chang3 kai1,open wide; unlimited; unrestricted,动,https://api.wohuimandarin.com/nls/tts?text=%E6%95%9E%E5%BC%80,0.0
6,场面,chang mian,chǎng miàn,chang3 mian4,scene; spectacle; appearance,名,https://api.wohuimandarin.com/nls/tts?text=%E5%9C%BA%E9%9D%A2,0.0
6,场所,chang suo,chǎng suǒ,chang3 suo3,place; site; lieu,名,https://api.wohuimandarin.com/nls/tts?text=%E5%9C%BA%E6%89%80,0.0
6,倡导,chang dao,chàng dǎo,chang4 dao3,initiate; propose; advocate,动,https://api.wohuimandarin.com/nls/tts?text=%E5%80%A1%E5%AF%BC,0.0
6,畅通,chang tong,chàng tōng,chang4 tong1,unimpeded; unblocked,形,https://api.wohuimandarin.com/nls/tts?text=%E7%95%85%E9%80%9A,0.0
6,畅销,chang xiao,chàng xiāo,chang4 xiao1,sell well; be in great demand; have a ready market,动,https://api.wohuimandarin.com/nls/tts?text=%E7%95%85%E9%94%80,0.0
6,倡议,chang yi,chàng yì,chang4 yi4,propose; sponsor,动,https://api.wohuimandarin.com/nls/tts?text=%E5%80%A1%E8%AE%AE,0.0
6,钞票,chao piao,chāo piào,chao1 piao4,bank note; paper money,名,https://api.wohuimandarin.com/nls/tts?text=%E9%92%9E%E7%A5%A8,0.0
6,超越,chao yue,chāo yuè,chao1 yue4,surmount; transcend; surpass,动,https://api.wohuimandarin.com/nls/tts?text=%E8%B6%85%E8%B6%8A,0.0
6,朝代,chao dai,cháo dài,chao2 dai4,dynasty,名,https://api.wohuimandarin.com/nls/tts?text=%E6%9C%9D%E4%BB%A3,0.0
6,巢穴,chao e,cháo xué,chao2 e2,nests,名,https://api.wohuimandarin.com/nls/tts?text=%E5%B7%A2%E7%A9%B4,0.0
6,潮流,chao liu,cháo liú,chao2 liu2,tide; tidal current; tidal wave,名,https://api.wohuimandarin.com/nls/tts?text=%E6%BD%AE%E6%B5%81,0.0
6,嘲笑,chao xiao,cháo xiào,chao2 xiao4,ridicule; deride; make fun of,动,https://api.wohuimandarin.com/nls/tts?text=%E5%98%B2%E7%AC%91,0.0
6,撤退,che tui,chè tuì,che4 tui4,withdraw; retreat; pull out,动,https://api.wohuimandarin.com/nls/tts?text=%E6%92%A4%E9%80%80,0.0
6,撤销,che xiao,chè xiāo,che4 xiao1,cancel; rescind; revoke,动,https://api.wohuimandarin.com/nls/tts?text=%E6%92%A4%E9%94%80,0.0
6,沉淀,chen dian,chén diàn,chen2 dian4,sediment; precipitation,动,https://api.wohuimandarin.com/nls/tts?text=%E6%B2%89%E6%B7%80,0.0
6,陈旧,chen jiu,chén jiù,chen2 jiu4,outmoded; obsolete;old-fashioned,形,https://api.wohuimandarin.com/nls/tts?text=%E9%99%88%E6%97%A7,0.0
6,陈列,chen lie,chén liè,chen2 lie4,display; set out; exhibit,动,https://api.wohuimandarin.com/nls/tts?text=%E9%99%88%E5%88%97,0.0
6,沉闷,chen men,chén mèn,chen2 men4,oppressive; depressing,形,https://api.wohuimandarin.com/nls/tts?text=%E6%B2%89%E9%97%B7,0.0
6,陈述,chen shu,chén shù,chen2 shu4,state; declare; allege,动,https://api.wohuimandarin.com/nls/tts?text=%E9%99%88%E8%BF%B0,0.0
6,沉思,chen si,chén sī,chen2 si1,ponder; meditate; muse,动,https://api.wohuimandarin.com/nls/tts?text=%E6%B2%89%E6%80%9D,0.0
6,沉重,chen zhong,chén zhòng,chen2 zhong4,heavy,形,https://api.wohuimandarin.com/nls/tts?text=%E6%B2%89%E9%87%8D,0.0
6,沉着,chen zhuo,chén zhuó,chen2 zhuo2,cool-headed; composed,形,https://api.wohuimandarin.com/nls/tts?text=%E6%B2%89%E7%9D%80,0.0
6,衬托,chen tuo,chèn tuō,chen4 tuo1,set off,动,https://api.wohuimandarin.com/nls/tts?text=%E8%A1%AC%E6%89%98,0.0
6,称心如意,chen xin ru yi,chèn xīn rú yì,chen4 xin1 ru2 yi4,have something as one wishes,,https://api.wohuimandarin.com/nls/tts?text=%E7%A7%B0%E5%BF%83%E5%A6%82%E6%84%8F,0.0
6,称号,cheng hao,chēng hào,cheng1 hao4,title; name; designation,名,https://api.wohuimandarin.com/nls/tts?text=%E7%A7%B0%E5%8F%B7,0.0
6,橙,cheng,chéng,cheng2,orange,名,https://api.wohuimandarin.com/nls/tts?text=ch%C3%A9ng,0.0
6,盛,cheng,chéng,cheng2,fill; hold; contain,动,https://api.wohuimandarin.com/nls/tts?text=ch%C3%A9ng,0.0
6,乘,cheng,chéng,cheng2,to ride on; avail oneself of to multiply,动,https://api.wohuimandarin.com/nls/tts?text=ch%C3%A9ng,0.0
6,承办,cheng ban,chéng bàn,cheng2 ban4,undertake,动,https://api.wohuimandarin.com/nls/tts?text=%E6%89%BF%E5%8A%9E,0.0
6,承包,cheng bao,chéng bāo,cheng2 bao1,contract,动,https://api.wohuimandarin.com/nls/tts?text=%E6%89%BF%E5%8C%85,0.0
6,城堡,cheng bao,chéng bǎo,cheng2 bao3,castle; citadel,名,https://api.wohuimandarin.com/nls/tts?text=%E5%9F%8E%E5%A0%A1,0.0
6,成本,cheng ben,chéng běn,cheng2 ben3,cost,名,https://api.wohuimandarin.com/nls/tts?text=%E6%88%90%E6%9C%AC,0.0
6,惩罚,cheng fa,chéng fá,cheng2 fa2,punish; penalise,动,https://api.wohuimandarin.com/nls/tts?text=%E6%83%A9%E7%BD%9A,0.0
6,成交,cheng jiao,chéng jiāo,cheng2 jiao1,strike a bargain; clinch a deal; conclude a transaction,动,https://api.wohuimandarin.com/nls/tts?text=%E6%88%90%E4%BA%A4,0.0
6,承诺,cheng nuo,chéng nuò,cheng2 nuo4,promise to do something,动,https://api.wohuimandarin.com/nls/tts?text=%E6%89%BF%E8%AF%BA,0.0
6,澄清,cheng qing,chéng qīng,cheng2 qing1,clear; transparent,动,https://api.wohuimandarin.com/nls/tts?text=%E6%BE%84%E6%B8%85,0.0
6,成天,cheng tian,chéng tiān,cheng2 tian1,all day long; all the time,副,https://api.wohuimandarin.com/nls/tts?text=%E6%88%90%E5%A4%A9,0.0
6,呈现,cheng xian,chéng xiàn,cheng2 xian4,present; appear; emerge,动,https://api.wohuimandarin.com/nls/tts?text=%E5%91%88%E7%8E%B0,0.0
6,成效,cheng xiao,chéng xiào,cheng2 xiao4,effect; result,名,https://api.wohuimandarin.com/nls/tts?text=%E6%88%90%E6%95%88,0.0
6,成心,cheng xin,chéng xīn,cheng2 xin1,intentionally; on purpose,副,https://api.wohuimandarin.com/nls/tts?text=%E6%88%90%E5%BF%83,0.0
6,成员,cheng yuan,chéng yuán,cheng2 yuan2,member,名,https://api.wohuimandarin.com/nls/tts?text=%E6%88%90%E5%91%98,0.0
6,诚挚,cheng zhi,chéng zhì,cheng2 zhi4,sincere; cordial,形,https://api.wohuimandarin.com/nls/tts?text=%E8%AF%9A%E6%8C%9A,0.0
6,秤,cheng,chèng,cheng4,scales; steelyard,名,https://api.wohuimandarin.com/nls/tts?text=ch%C3%A8ng,0.0
6,吃苦,chi ku,chī kǔ,chi1 ku3,bear hardships,动,https://api.wohuimandarin.com/nls/tts?text=%E5%90%83%E8%8B%A6,0.0
6,吃力,chi li,chī lì,chi1 li4,strenuous; laborious,形,https://api.wohuimandarin.com/nls/tts?text=%E5%90%83%E5%8A%9B,0.0
6,迟钝,chi dun,chí dùn,chi2 dun4,slow (witted),形,https://api.wohuimandarin.com/nls/tts?text=%E8%BF%9F%E9%92%9D,0.0
6,迟缓,chi huan,chí huǎn,chi2 huan3,slow; tardy; sluggish,形,https://api.wohuimandarin.com/nls/tts?text=%E8%BF%9F%E7%BC%93,0.0
6,持久,chi jiu,chí jiǔ,chi2 jiu3,lasting; enduring; persistent,形,https://api.wohuimandarin.com/nls/tts?text=%E6%8C%81%E4%B9%85,0.0
6,迟疑,chi yi,chí yí,chi2 yi2,hesitate,形,https://api.wohuimandarin.com/nls/tts?text=%E8%BF%9F%E7%96%91,0.0
6,赤道,chi dao,chì dào,chi4 dao4,the equator,名,https://api.wohuimandarin.com/nls/tts?text=%E8%B5%A4%E9%81%93,0.0
6,赤字,chi zi,chì zì,chi4 zi4,deficit,名,https://api.wohuimandarin.com/nls/tts?text=%E8%B5%A4%E5%AD%97,0.0
6,充当,chong dang,chōng dāng,chong1 dang1,act as; play the part of; pose as,动,https://api.wohuimandarin.com/nls/tts?text=%E5%85%85%E5%BD%93,0.0
6,冲动,chong dong,chōng dòng,chong1 dong4,impulse; get excited,形,https://api.wohuimandarin.com/nls/tts?text=%E5%86%B2%E5%8A%A8,0.0
6,冲击,chong ji,chōng jī,chong1 ji1,to lash; pound; strike,动,https://api.wohuimandarin.com/nls/tts?text=%E5%86%B2%E5%87%BB,0.0
6,充沛,chong pei,chōng pèi,chong1 pei4,plentiful; abundant; full of,形,https://api.wohuimandarin.com/nls/tts?text=%E5%85%85%E6%B2%9B,0.0
6,充实,chong shi,chōng shí,chong1 shi2,substantial; rich,形,https://api.wohuimandarin.com/nls/tts?text=%E5%85%85%E5%AE%9E,0.0
6,冲突,chong tu,chōng tū,chong1 tu1,clash; collide; conflict,动,https://api.wohuimandarin.com/nls/tts?text=%E5%86%B2%E7%AA%81,0.0
6,充足,chong zu,chōng zú,chong1 zu2,adequate; sufficient; ample,形,https://api.wohuimandarin.com/nls/tts?text=%E5%85%85%E8%B6%B3,0.0
6,崇拜,chong bai,chóng bài,chong2 bai4,worship; adore; idolise,动,https://api.wohuimandarin.com/nls/tts?text=%E5%B4%87%E6%8B%9C,0.0
6,重叠,chong die,chóng dié,chong2 die2,one on top of another; overlapping,动,https://api.wohuimandarin.com/nls/tts?text=%E9%87%8D%E5%8F%A0,0.0
6,崇高,chong gao,chóng gāo,chong2 gao1,lofty; sublime,形,https://api.wohuimandarin.com/nls/tts?text=%E5%B4%87%E9%AB%98,0.0
6,崇敬,chong jing,chóng jìng,chong2 jing4,esteem; respect; revere,动,https://api.wohuimandarin.com/nls/tts?text=%E5%B4%87%E6%95%AC,0.0
6,筹备,chou bei,chóu bèi,chou2 bei4,prepare; arrange,动,https://api.wohuimandarin.com/nls/tts?text=%E7%AD%B9%E5%A4%87,0.0
6,稠密,chou mi,chóu mì,chou2 mi4,dense; compactedness,形,https://api.wohuimandarin.com/nls/tts?text=%E7%A8%A0%E5%AF%86,0.0
6,丑恶,chou e,chǒu è,chou3 e4,ugly; repulsive; hideous,形,https://api.wohuimandarin.com/nls/tts?text=%E4%B8%91%E6%81%B6,0.0
6,初步,chu bu,chū bù,chu1 bu4,initial; first step; preliminary,形,https://api.wohuimandarin.com/nls/tts?text=%E5%88%9D%E6%AD%A5,0.0
6,出路,chu lu,chū lù,chu1 lu4,way out; outlet,名,https://api.wohuimandarin.com/nls/tts?text=%E5%87%BA%E8%B7%AF,0.0
6,出卖,chu mai,chū mài,chu1 mai4,to sell; offer for sale,动,https://api.wohuimandarin.com/nls/tts?text=%E5%87%BA%E5%8D%96,0.0
6,出身,chu shen,chū shēn,chu1 shen1,family background,动,https://api.wohuimandarin.com/nls/tts?text=%E5%87%BA%E8%BA%AB,0.0
6,出神,chu shen,chū shén,chu1 shen2,be spellbound; be absorbed in; be lost in thought,动,https://api.wohuimandarin.com/nls/tts?text=%E5%87%BA%E7%A5%9E,0.0
6,出息,chu xi,chū xi,chu1 xi5,promise; prospects; future,名,https://api.wohuimandarin.com/nls/tts?text=%E5%87%BA%E6%81%AF,0.0
6,除,chu,chú,chu2,get rid of; eliminate; remove,动,https://api.wohuimandarin.com/nls/tts?text=ch%C3%BA,0.0
6,储备,chu bei,chǔ bèi,chu3 bei4,store for future use; lay up; reserve,动,https://api.wohuimandarin.com/nls/tts?text=%E5%82%A8%E5%A4%87,0.0
6,储存,chu cun,chǔ cún,chu3 cun2,store up; keep in reserve,动,https://api.wohuimandarin.com/nls/tts?text=%E5%82%A8%E5%AD%98,0.0
6,处分,chu fen,chǔ fèn,chu3 fen4,punish; take disciplinary action against,动,https://api.wohuimandarin.com/nls/tts?text=%E5%A4%84%E5%88%86,0.0
6,处境,chu jing,chǔ jìng,chu3 jing4,unfavourable situation; plight,名,https://api.wohuimandarin.com/nls/tts?text=%E5%A4%84%E5%A2%83,0.0
6,储蓄,chu xu,chǔ xù,chu3 xu4,savings; deposits,动,https://api.wohuimandarin.com/nls/tts?text=%E5%82%A8%E8%93%84,0.0
6,处置,chu zhi,chǔ zhì,chu3 zhi4,to handle; deal with; manage,动,https://api.wohuimandarin.com/nls/tts?text=%E5%A4%84%E7%BD%AE,0.0
6,触犯,chu fan,chù fàn,chu4 fan4,offend; violate; go against,动,https://api.wohuimandarin.com/nls/tts?text=%E8%A7%A6%E7%8A%AF,0.0
6,川流不息,chuan liu bu xi,chuān liú bù xī,chuan1 liu2 bu4 xi1,a continuous flow,,https://api.wohuimandarin.com/nls/tts?text=%E5%B7%9D%E6%B5%81%E4%B8%8D%E6%81%AF,0.0
6,穿越,chuan yue,chuān yuè,chuan1 yue4,pass through; cut across,动,https://api.wohuimandarin.com/nls/tts?text=%E7%A9%BF%E8%B6%8A,0.0
6,船舶,chuan bo,chuán bó,chuan2 bo2,shipping; boats and ships; watercraft,名,https://api.wohuimandarin.com/nls/tts?text=%E8%88%B9%E8%88%B6,0.0
6,传达,chuan da,chuán dá,chuan2 da2,pass on; relay; convey,动,https://api.wohuimandarin.com/nls/tts?text=%E4%BC%A0%E8%BE%BE,0.0
6,传单,chuan dan,chuán dān,chuan2 dan1,leaflet; handbill,名,https://api.wohuimandarin.com/nls/tts?text=%E4%BC%A0%E5%8D%95,0.0
6,传授,chuan shou,chuán shòu,chuan2 shou4,pass on; impart,动,https://api.wohuimandarin.com/nls/tts?text=%E4%BC%A0%E6%8E%88,0.0
6,喘气,chuan qi,chuǎn qì,chuan3 qi4,breathe; pant; gasp,动,https://api.wohuimandarin.com/nls/tts?text=%E5%96%98%E6%B0%94,0.0
6,串,chuan,chuàn,chuan4,string together,量,https://api.wohuimandarin.com/nls/tts?text=chu%C3%A0n,0.0
6,床单,chuang dan,chuáng dān,chuang2 dan1,sheet; bedclothes,名,https://api.wohuimandarin.com/nls/tts?text=%E5%BA%8A%E5%8D%95,0.0
6,创立,chuang li,chuàng lì,chuang4 li4,found; originate; set up,动,https://api.wohuimandarin.com/nls/tts?text=%E5%88%9B%E7%AB%8B,0.0
6,创新,chuang xin,chuàng xīn,chuang4 xin1,innovate,动,https://api.wohuimandarin.com/nls/tts?text=%E5%88%9B%E6%96%B0,0.0
6,创业,chuang ye,chuàng yè,chuang4 ye4,start  an undertaking; do pioneering work,动,https://api.wohuimandarin.com/nls/tts?text=%E5%88%9B%E4%B8%9A,0.0
6,创作,chuang zuo,chuàng zuò,chuang4 zuo4,create; produce,动,https://api.wohuimandarin.com/nls/tts?text=%E5%88%9B%E4%BD%9C,0.0
6,吹牛,chui niu,chuī niú,chui1 niu2,boast; brag,动,https://api.wohuimandarin.com/nls/tts?text=%E5%90%B9%E7%89%9B,0.0
6,吹捧,chui peng,chuī pěng,chui1 peng3,flatter,动,https://api.wohuimandarin.com/nls/tts?text=%E5%90%B9%E6%8D%A7,0.0
6,炊烟,chui yan,chuī yān,chui1 yan1,smoke from kitchen chimneys,名,https://api.wohuimandarin.com/nls/tts?text=%E7%82%8A%E7%83%9F,0.0
6,锤,chui,chuí,chui2,"hammer; [a metal ball with a handle or chain, used as weapon]",动,https://api.wohuimandarin.com/nls/tts?text=chu%C3%AD,0.0
6,垂直,chui zhi,chuí zhí,chui2 zhi2,perpendicular; vertical,动,https://api.wohuimandarin.com/nls/tts?text=%E5%9E%82%E7%9B%B4,0.0
6,纯粹,chun cui,chún cuì,chun2 cui4,pure; complete; unadulterated,副,https://api.wohuimandarin.com/nls/tts?text=%E7%BA%AF%E7%B2%B9,0.0
6,纯洁,chun jie,chún jié,chun2 jie2,pure; clean and honest; chaste,形,https://api.wohuimandarin.com/nls/tts?text=%E7%BA%AF%E6%B4%81,0.0
6,磁带,ci dai,cí dài,ci2 dai4,magnetic tape; storage tape,名,https://api.wohuimandarin.com/nls/tts?text=%E7%A3%81%E5%B8%A6,0.0
6,慈善,ci shan,cí shàn,ci2 shan4,philanthropy,名,https://api.wohuimandarin.com/nls/tts?text=%E6%85%88%E5%96%84,0.0
6,慈祥,ci xiang,cí xiáng,ci2 xiang2,kindly; amiable,形,https://api.wohuimandarin.com/nls/tts?text=%E6%85%88%E7%A5%A5,0.0
6,雌雄,ci xiong,cí xióng,ci2 xiong2,victory and defeat; male and female,名,https://api.wohuimandarin.com/nls/tts?text=%E9%9B%8C%E9%9B%84,0.0
6,刺,ci,cì,ci4,to stab; prick; thorn; splinter,动,https://api.wohuimandarin.com/nls/tts?text=c%C3%AC,0.0
6,伺候,ci hou,cì hòu,ci4 hou4,wait upon; serve,动,https://api.wohuimandarin.com/nls/tts?text=%E4%BC%BA%E5%80%99,0.0
6,次品,ci pin,cì pǐn,ci4 pin3,substandard goods; defective goods,名,https://api.wohuimandarin.com/nls/tts?text=%E6%AC%A1%E5%93%81,0.0
6,次序,ci xu,cì xù,ci4 xu4,order; sequence; arrangement,名,https://api.wohuimandarin.com/nls/tts?text=%E6%AC%A1%E5%BA%8F,0.0
6,丛,cong,cóng,cong2,clump; cluster,量,https://api.wohuimandarin.com/nls/tts?text=c%C3%B3ng,0.0
6,从容,cong rong,cóng róng,cong2 rong2,to go easy,形,https://api.wohuimandarin.com/nls/tts?text=%E4%BB%8E%E5%AE%B9,0.0
6,凑合,cou he,còu he,cou4 he5,gather together; assemble; improvise,动,https://api.wohuimandarin.com/nls/tts?text=%E5%87%91%E5%90%88,0.0
6,粗鲁,cu lu,cū lǔ,cu1 lu3,rough; rude; boorish,形,https://api.wohuimandarin.com/nls/tts?text=%E7%B2%97%E9%B2%81,0.0
6,窜,cuan,cuàn,cuan4,to flee; scurry; exile,动,https://api.wohuimandarin.com/nls/tts?text=cu%C3%A0n,0.0
6,摧残,cui can,cuī cán,cui1 can2,wreck; destroy; devastate,动,https://api.wohuimandarin.com/nls/tts?text=%E6%91%A7%E6%AE%8B,0.0
6,脆弱,cui ruo,cuì ruò,cui4 ruo4,fragile; frail; tender,形,https://api.wohuimandarin.com/nls/tts?text=%E8%84%86%E5%BC%B1,0.0
6,搓,cuo,cuō,cuo1,twist; rub with the hands,动,https://api.wohuimandarin.com/nls/tts?text=cu%C5%8D,0.0
6,磋商,cuo shang,cuō shāng,cuo1 shang1,consult; exchange views,动,https://api.wohuimandarin.com/nls/tts?text=%E7%A3%8B%E5%95%86,0.0
6,挫折,cuo zhe,cuò zhé,cuo4 zhe2,setback; frustration,名,https://api.wohuimandarin.com/nls/tts?text=%E6%8C%AB%E6%8A%98,0.0
6,搭,da,dā,da1,put up; build,动,https://api.wohuimandarin.com/nls/tts?text=d%C4%81,0.0
6,搭档,da dang,dā dàng,da1 dang4,partner; cooperate; work together,名,https://api.wohuimandarin.com/nls/tts?text=%E6%90%AD%E6%A1%A3,0.0
6,搭配,da pei,dā pèi,da1 pei4,arrange in pairs or groups,动,https://api.wohuimandarin.com/nls/tts?text=%E6%90%AD%E9%85%8D,0.0
6,答辩,da bian,dá biàn,da2 bian4,reply to a charge; reply in support of one's own idea or opinion,动,https://api.wohuimandarin.com/nls/tts?text=%E7%AD%94%E8%BE%A9,0.0
6,达成,da cheng,dá chéng,da2 cheng2,reach; conclude,动,https://api.wohuimandarin.com/nls/tts?text=%E8%BE%BE%E6%88%90,0.0
6,答复,da fu,dá fù,da2 fu4,formal reply; answer,动,https://api.wohuimandarin.com/nls/tts?text=%E7%AD%94%E5%A4%8D,0.0
6,打包,da bao,dǎ bāo,da3 bao1,to wrap/box up,动,https://api.wohuimandarin.com/nls/tts?text=%E6%89%93%E5%8C%85,0.0
6,打官司,da guan si,dǎ guān si,da3 guan1 si5,go to court; engage in a lawsuit,,https://api.wohuimandarin.com/nls/tts?text=%E6%89%93%E5%AE%98%E5%8F%B8,0.0
6,打击,da ji,dǎ jī,da3 ji1,strike; attack; crack down,动,https://api.wohuimandarin.com/nls/tts?text=%E6%89%93%E5%87%BB,0.0
6,打架,da jia,dǎ jià,da3 jia4,come to blows; fight; scuffle,动,https://api.wohuimandarin.com/nls/tts?text=%E6%89%93%E6%9E%B6,0.0
6,打量,da liang,dǎ liang,da3 liang5,look somebody up and down; size up,动,https://api.wohuimandarin.com/nls/tts?text=%E6%89%93%E9%87%8F,0.0
6,打猎,da lie,dǎ liè,da3 lie4,go hunting,动,https://api.wohuimandarin.com/nls/tts?text=%E6%89%93%E7%8C%8E,0.0
6,打仗,da zhang,dǎ zhàng,da3 zhang4,fight; go to war; make war,动,https://api.wohuimandarin.com/nls/tts?text=%E6%89%93%E4%BB%97,0.0
6,大不了,da bu liao,dà bù liǎo,da4 bu4 liao3,if the worst comes to the worst,副,https://api.wohuimandarin.com/nls/tts?text=%E5%A4%A7%E4%B8%8D%E4%BA%86,0.0
6,大臣,da chen,dà chén,da4 chen2,minister; secretary,名,https://api.wohuimandarin.com/nls/tts?text=%E5%A4%A7%E8%87%A3,0.0
6,大伙儿,da huo er,dà huǒ er,da4 huo3 er5,we all; you all; everybody,名,https://api.wohuimandarin.com/nls/tts?text=%E5%A4%A7%E4%BC%99%E5%84%BF,0.0
6,大肆,da si,dà sì,da4 si4,without restraint; wantonly; recklessly,副,https://api.wohuimandarin.com/nls/tts?text=%E5%A4%A7%E8%82%86,0.0
6,大体,da ti,dà tǐ,da4 ti3,more or less; by and large; cardinal principle,副,https://api.wohuimandarin.com/nls/tts?text=%E5%A4%A7%E4%BD%93,0.0
6,大意,da yi,dà yì,da4 yi4,general idea; main points,形,https://api.wohuimandarin.com/nls/tts?text=%E5%A4%A7%E6%84%8F,0.0
6,大致,da zhi,dà zhì,da4 zhi4,roughly; on the whole,形/副,https://api.wohuimandarin.com/nls/tts?text=%E5%A4%A7%E8%87%B4,0.0
6,歹徒,dai tu,dǎi tú,dai3 tu2,scoundrel; ruffian; hoodlum,名,https://api.wohuimandarin.com/nls/tts?text=%E6%AD%B9%E5%BE%92,0.0
6,逮捕,dai bu,dài bǔ,dai4 bu3,arrest; take into custody,动,https://api.wohuimandarin.com/nls/tts?text=%E9%80%AE%E6%8D%95,0.0
6,代价,dai jia,dài jià,dai4 jia4,price; cost,名,https://api.wohuimandarin.com/nls/tts?text=%E4%BB%A3%E4%BB%B7,0.0
6,代理,dai li,dài lǐ,dai4 li3,act on behalf of someone in position of responsibility,动,https://api.wohuimandarin.com/nls/tts?text=%E4%BB%A3%E7%90%86,0.0
6,带领,dai ling,dài lǐng,dai4 ling3,lead; guide,动,https://api.wohuimandarin.com/nls/tts?text=%E5%B8%A6%E9%A2%86,0.0
6,怠慢,dai man,dài màn,dai4 man4,snub; slight,动,https://api.wohuimandarin.com/nls/tts?text=%E6%80%A0%E6%85%A2,0.0
6,担保,dan bao,dān bǎo,dan1 bao3,warrant; guarantee; vouch for,动,https://api.wohuimandarin.com/nls/tts?text=%E6%8B%85%E4%BF%9D,0.0
6,胆怯,dan qie,dǎn qiè,dan3 qie4,timid; cowardly,形,https://api.wohuimandarin.com/nls/tts?text=%E8%83%86%E6%80%AF,0.0
6,蛋白质,dan bai zhi,dàn bái zhì,dan4 bai2 zhi4,protein,名,https://api.wohuimandarin.com/nls/tts?text=%E8%9B%8B%E7%99%BD%E8%B4%A8,0.0
6,诞辰,dan chen,dàn chén,dan4 chen2,birthday,名,https://api.wohuimandarin.com/nls/tts?text=%E8%AF%9E%E8%BE%B0,0.0
6,淡季,dan ji,dàn jì,dan4 ji4,off season,名,https://api.wohuimandarin.com/nls/tts?text=%E6%B7%A1%E5%AD%A3,0.0
6,诞生,dan sheng,dàn shēng,dan4 sheng1,be born; come into being; emerge,动,https://api.wohuimandarin.com/nls/tts?text=%E8%AF%9E%E7%94%9F,0.0
6,淡水,dan shui,dàn shuǐ,dan4 shui3,fresh water,名,https://api.wohuimandarin.com/nls/tts?text=%E6%B7%A1%E6%B0%B4,0.0
6,当场,dang chang,dāng chǎng,dang1 chang3,on the spot; then and there,副,https://api.wohuimandarin.com/nls/tts?text=%E5%BD%93%E5%9C%BA,0.0
6,当初,dang chu,dāng chū,dang1 chu1,at the beginning; originally; in the first place,名,https://api.wohuimandarin.com/nls/tts?text=%E5%BD%93%E5%88%9D,0.0
6,当代,dang dai,dāng dài,dang1 dai4,the present age; the contemporary era,名,https://api.wohuimandarin.com/nls/tts?text=%E5%BD%93%E4%BB%A3,0.0
6,当面,dang mian,dāng miàn,dang1 mian4,to somebody's face; in somebody's presence; face to face,副,https://api.wohuimandarin.com/nls/tts?text=%E5%BD%93%E9%9D%A2,0.0
6,当前,dang qian,dāng qián,dang1 qian2,before one; present; current,名,https://api.wohuimandarin.com/nls/tts?text=%E5%BD%93%E5%89%8D,0.0
6,当事人,dang shi ren,dāng shì rén,dang1 shi4 ren2,party [in legal case]; litigant; person concerned,名,https://api.wohuimandarin.com/nls/tts?text=%E5%BD%93%E4%BA%8B%E4%BA%BA,0.0
6,当务之急,dang wu zhi ji,dāng wù zhī jí,dang1 wu4 zhi1 ji2,a pressing matter of the moment; urgent matter,,https://api.wohuimandarin.com/nls/tts?text=%E5%BD%93%E5%8A%A1%E4%B9%8B%E6%80%A5,0.0
6,当选,dang xuan,dāng xuǎn,dang1 xuan3,be elected,动,https://api.wohuimandarin.com/nls/tts?text=%E5%BD%93%E9%80%89,0.0
6,党,dang,dǎng,dang3,(political) party,名,https://api.wohuimandarin.com/nls/tts?text=d%C7%8Eng,0.0
6,档案,dang an,dàng àn,dang4 an4,files; archives; record,名,https://api.wohuimandarin.com/nls/tts?text=%E6%A1%A3%E6%A1%88,0.0
6,档次,dang ci,dàng cì,dang4 ci4,grade; class,名,https://api.wohuimandarin.com/nls/tts?text=%E6%A1%A3%E6%AC%A1,0.0
6,倒闭,dao bi,dǎo bì,dao3 bi4,close down; go bankrupt; go out of business,动,https://api.wohuimandarin.com/nls/tts?text=%E5%80%92%E9%97%AD,0.0
6,导弹,dao dan,dǎo dàn,dao3 dan4,guided missile,名,https://api.wohuimandarin.com/nls/tts?text=%E5%AF%BC%E5%BC%B9,0.0
6,导航,dao hang,dǎo háng,dao3 hang2,navigation,动,https://api.wohuimandarin.com/nls/tts?text=%E5%AF%BC%E8%88%AA,0.0
6,捣乱,dao luan,dǎo luàn,dao3 luan4,make trouble; create a disturbance,动,https://api.wohuimandarin.com/nls/tts?text=%E6%8D%A3%E4%B9%B1,0.0
6,导向,dao xiang,dǎo xiàng,dao3 xiang4,orientation; guidance; direct (something),名,https://api.wohuimandarin.com/nls/tts?text=%E5%AF%BC%E5%90%91,0.0
6,稻谷,dao gu,dào gǔ,dao4 gu3,paddy; rice (in the husk),名,https://api.wohuimandarin.com/nls/tts?text=%E7%A8%BB%E8%B0%B7,0.0
6,盗窃,dao qie,dào qiè,dao4 qie4,steal; pilfer,动,https://api.wohuimandarin.com/nls/tts?text=%E7%9B%97%E7%AA%83,0.0
6,得不偿失,de bu chang shi,dé bù cháng shī,de2 bu4 chang2 shi1,lose more than you gain,,https://api.wohuimandarin.com/nls/tts?text=%E5%BE%97%E4%B8%8D%E5%81%BF%E5%A4%B1,0.0
6,得力,de li,dé lì,de2 li4,benefit from,形,https://api.wohuimandarin.com/nls/tts?text=%E5%BE%97%E5%8A%9B,0.0
6,得天独厚,de tian du hou,dé tiān dú hòu,de2 tian1 du2 hou4,be born under a lucky star; enjoy exceptional advantages,,https://api.wohuimandarin.com/nls/tts?text=%E5%BE%97%E5%A4%A9%E7%8B%AC%E5%8E%9A,0.0
6,得罪,de zui,dé zuì,de2 zui4,offend; displease,动,https://api.wohuimandarin.com/nls/tts?text=%E5%BE%97%E7%BD%AA,0.0
6,蹬,deng,dēng,deng1,pedal,动,https://api.wohuimandarin.com/nls/tts?text=d%C4%93ng,0.0
6,灯笼,deng long,dēng lóng,deng1 long2,lantern,名,https://api.wohuimandarin.com/nls/tts?text=%E7%81%AF%E7%AC%BC,0.0
6,登录,deng lu,dēng lù,deng1 lu4,log on/in,动,https://api.wohuimandarin.com/nls/tts?text=%E7%99%BB%E5%BD%95,0.0
6,登陆,deng lu,dēng lù,deng1 lu4,land; disembark,动,https://api.wohuimandarin.com/nls/tts?text=%E7%99%BB%E9%99%86,0.0
6,等候,deng hou,děng hòu,deng3 hou4,to wait; await; expect,动,https://api.wohuimandarin.com/nls/tts?text=%E7%AD%89%E5%80%99,0.0
6,等级,deng ji,děng jí,deng3 ji2,grade; rank,名,https://api.wohuimandarin.com/nls/tts?text=%E7%AD%89%E7%BA%A7,0.0
6,瞪,deng,dèng,deng4,glare; stare at; open (one's eyes) wide,动,https://api.wohuimandarin.com/nls/tts?text=d%C3%A8ng,0.0
6,堤坝,di ba,dī bà,di1 ba4,"dyke, levee",名,https://api.wohuimandarin.com/nls/tts?text=%E5%A0%A4%E5%9D%9D,0.0
6,敌视,di shi,dí shì,di2 shi4,be hostile to; be antagonistic to,动,https://api.wohuimandarin.com/nls/tts?text=%E6%95%8C%E8%A7%86,0.0
6,抵达,di da,dǐ dá,di3 da2,arrive; reach,动,https://api.wohuimandarin.com/nls/tts?text=%E6%8A%B5%E8%BE%BE,0.0
6,抵抗,di kang,dǐ kàng,di3 kang4,resist; stand up to; oppose,动,https://api.wohuimandarin.com/nls/tts?text=%E6%8A%B5%E6%8A%97,0.0
6,抵制,di zhi,dǐ zhì,di3 zhi4,boycott; resist,动,https://api.wohuimandarin.com/nls/tts?text=%E6%8A%B5%E5%88%B6,0.0
6,地步,di bu,dì bù,di4 bu4,condition; plight; situation,名,https://api.wohuimandarin.com/nls/tts?text=%E5%9C%B0%E6%AD%A5,0.0
6,地势,di shi,dì shì,di4 shi4,physical features of a place; topography,名,https://api.wohuimandarin.com/nls/tts?text=%E5%9C%B0%E5%8A%BF,0.0
6,递增,di zeng,dì zēng,di4 zeng1,increase by degrees,动,https://api.wohuimandarin.com/nls/tts?text=%E9%80%92%E5%A2%9E,0.0
6,地质,di zhi,dì zhì,di4 zhi4,geology,名,https://api.wohuimandarin.com/nls/tts?text=%E5%9C%B0%E8%B4%A8,0.0
6,颠簸,dian bo,diān bǒ,dian1 bo3,jolt; bump; thrash,动,https://api.wohuimandarin.com/nls/tts?text=%E9%A2%A0%E7%B0%B8,0.0
6,颠倒,dian dao,diān dǎo,dian1 dao3,put upside down; overthrow; transpose,动,https://api.wohuimandarin.com/nls/tts?text=%E9%A2%A0%E5%80%92,0.0
6,典礼,dian li,diǎn lǐ,dian3 li3,ceremony; celebration,名,https://api.wohuimandarin.com/nls/tts?text=%E5%85%B8%E7%A4%BC,0.0
6,典型,dian xing,diǎn xíng,dian3 xing2,typical example; model; type,名,https://api.wohuimandarin.com/nls/tts?text=%E5%85%B8%E5%9E%8B,0.0
6,点缀,dian zhui,diǎn zhuì,dian3 zhui4,embellish; ornament; adorn,动,https://api.wohuimandarin.com/nls/tts?text=%E7%82%B9%E7%BC%80,0.0
6,垫,dian,diàn,dian4,pad; put something under something else to raise it up or make it level; fill a vacancy,动,https://api.wohuimandarin.com/nls/tts?text=di%C3%A0n,0.0
6,奠定,dian ding,diàn dìng,dian4 ding4,establish; settle,动,https://api.wohuimandarin.com/nls/tts?text=%E5%A5%A0%E5%AE%9A,0.0
6,惦记,dian ji,diàn jì,dian4 ji4,be concerned about; keep thinking about,动,https://api.wohuimandarin.com/nls/tts?text=%E6%83%A6%E8%AE%B0,0.0
6,电源,dian yuan,diàn yuán,dian4 yuan2,electric source; power pack,名,https://api.wohuimandarin.com/nls/tts?text=%E7%94%B5%E6%BA%90,0.0
6,叼,diao,diāo,diao1,hold in the mouth,动,https://api.wohuimandarin.com/nls/tts?text=di%C4%81o,0.0
6,雕刻,diao ke,diāo kè,diao1 ke4,carve; chisel; engrave,动,https://api.wohuimandarin.com/nls/tts?text=%E9%9B%95%E5%88%BB,0.0
6,雕塑,diao su,diāo sù,diao1 su4,carve and mould; sculpture,名,https://api.wohuimandarin.com/nls/tts?text=%E9%9B%95%E5%A1%91,0.0
6,吊,diao,diào,diao4,hang; suspend; lift up or let down with a rope,动,https://api.wohuimandarin.com/nls/tts?text=di%C3%A0o,0.0
6,调动,diao dong,diào dòng,diao4 dong4,transfer; shift; manoeuver,动,https://api.wohuimandarin.com/nls/tts?text=%E8%B0%83%E5%8A%A8,0.0
6,跌,die,diē,die1,fall; tumble,动,https://api.wohuimandarin.com/nls/tts?text=di%C4%93,0.0
6,盯,ding,dīng,ding1,fix one's eyes on; gaze at; stare at,动,https://api.wohuimandarin.com/nls/tts?text=d%C4%ABng,0.0
6,丁,ding,dīng,ding1,fourth; cubes,名,https://api.wohuimandarin.com/nls/tts?text=d%C4%ABng,0.0
6,叮嘱,ding zhu,dīng zhǔ,ding1 zhu3,urge again and again; repeatedly advise; exhort,动,https://api.wohuimandarin.com/nls/tts?text=%E5%8F%AE%E5%98%B1,0.0
6,定期,ding qi,dìng qī,ding4 qi1,fix a date; at regular intervals,形,https://api.wohuimandarin.com/nls/tts?text=%E5%AE%9A%E6%9C%9F,0.0
6,定义,ding yi,dìng yì,ding4 yi4,definition; delimiting,名,https://api.wohuimandarin.com/nls/tts?text=%E5%AE%9A%E4%B9%89,0.0
6,丢人,diu ren,diū rén,diu1 ren2,lose face,动,https://api.wohuimandarin.com/nls/tts?text=%E4%B8%A2%E4%BA%BA,0.0
6,丢三落四,diu san la si,diū sān là sì,diu1 san1 la4 si4,forgetful,,https://api.wohuimandarin.com/nls/tts?text=%E4%B8%A2%E4%B8%89%E8%90%BD%E5%9B%9B,0.0
6,东道主,dong dao zhu,dōng dào zhǔ,dong1 dao4 zhu3,host; one who pays for a meal,名,https://api.wohuimandarin.com/nls/tts?text=%E4%B8%9C%E9%81%93%E4%B8%BB,0.0
6,东张西望,dong zhang xi wang,dōng zhāng xī wàng,dong1 zhang1 xi1 wang4,look all around,,https://api.wohuimandarin.com/nls/tts?text=%E4%B8%9C%E5%BC%A0%E8%A5%BF%E6%9C%9B,0.0
6,董事长,dong shi zhang,dǒng shì zhǎng,dong3 shi4 zhang3,chairman of the board,名,https://api.wohuimandarin.com/nls/tts?text=%E8%91%A3%E4%BA%8B%E9%95%BF,0.0
6,栋,dong,dòng,dong4,ridgepole; [measure word for a building],量,https://api.wohuimandarin.com/nls/tts?text=d%C3%B2ng,0.0
6,动荡,dong dang,dòng dàng,dong4 dang4,turbulence; upheaval; unrest,形,https://api.wohuimandarin.com/nls/tts?text=%E5%8A%A8%E8%8D%A1,0.0
6,动机,dong ji,dòng jī,dong4 ji1,motive; intention; cause,名,https://api.wohuimandarin.com/nls/tts?text=%E5%8A%A8%E6%9C%BA,0.0
6,冻结,dong jie,dòng jié,dong4 jie2,to freeze; congeal,动,https://api.wohuimandarin.com/nls/tts?text=%E5%86%BB%E7%BB%93,0.0
6,动静,dong jing,dòng jìng,dong4 jing4,the sound of movement,名,https://api.wohuimandarin.com/nls/tts?text=%E5%8A%A8%E9%9D%99,0.0
6,动力,dong li,dòng lì,dong4 li4,impetus; motivation; motive power/force,名,https://api.wohuimandarin.com/nls/tts?text=%E5%8A%A8%E5%8A%9B,0.0
6,动脉,dong mai,dòng mài,dong4 mai4,artery,名,https://api.wohuimandarin.com/nls/tts?text=%E5%8A%A8%E8%84%89,0.0
6,动身,dong shen,dòng shēn,dong4 shen1,go on a journey; set out on a journey,动,https://api.wohuimandarin.com/nls/tts?text=%E5%8A%A8%E8%BA%AB,0.0
6,动手,dong shou,dòng shǒu,dong4 shou3,start work,动,https://api.wohuimandarin.com/nls/tts?text=%E5%8A%A8%E6%89%8B,0.0
6,动态,dong tai,dòng tài,dong4 tai4,trends; tendencies; probable cause of action,名,https://api.wohuimandarin.com/nls/tts?text=%E5%8A%A8%E6%80%81,0.0
6,动员,dong yuan,dòng yuán,dong4 yuan2,mobilise,动,https://api.wohuimandarin.com/nls/tts?text=%E5%8A%A8%E5%91%98,0.0
6,兜,dou,dōu,dou1,pocket; move in a circle; canvas,名/动,https://api.wohuimandarin.com/nls/tts?text=d%C5%8Du,0.0
6,陡峭,dou qiao,dǒu qiào,dou3 qiao4,precipitous,形,https://api.wohuimandarin.com/nls/tts?text=%E9%99%A1%E5%B3%AD,0.0
6,斗争,dou zheng,dòu zhēng,dou4 zheng1,struggle; fight; combat,动,https://api.wohuimandarin.com/nls/tts?text=%E6%96%97%E4%BA%89,4.0
6,督促,du cu,dū cù,du1 cu4,urge; press; push forward,动,https://api.wohuimandarin.com/nls/tts?text=%E7%9D%A3%E4%BF%83,0.0
6,独裁,du cai,dú cái,du2 cai2,dictatorship; autocratic rule,动,https://api.wohuimandarin.com/nls/tts?text=%E7%8B%AC%E8%A3%81,0.0
6,毒品,du pin,dú pǐn,du2 pin3,drugs; narcotics,名,https://api.wohuimandarin.com/nls/tts?text=%E6%AF%92%E5%93%81,0.0
6,赌博,du bo,dǔ bó,du3 bo2,gamble,动,https://api.wohuimandarin.com/nls/tts?text=%E8%B5%8C%E5%8D%9A,0.0
6,堵塞,du se,dǔ sè,du3 se4,stop up; block up; choke,动,https://api.wohuimandarin.com/nls/tts?text=%E5%A0%B5%E5%A1%9E,0.0
6,杜绝,du jue,dù jué,du4 jue2,stop; completely eradicate; put an end to,动,https://api.wohuimandarin.com/nls/tts?text=%E6%9D%9C%E7%BB%9D,0.0
6,端,duan,duān,duan1,end; extremity,动,https://api.wohuimandarin.com/nls/tts?text=du%C4%81n,0.0
6,端午节,duan wu jie,duān wǔ jié,duan1 wu3 jie2,Dragon Boat Festival,名,https://api.wohuimandarin.com/nls/tts?text=%E7%AB%AF%E5%8D%88%E8%8A%82,0.0
6,端正,duan zheng,duān zhèng,duan1 zheng4,upright; regular,形,https://api.wohuimandarin.com/nls/tts?text=%E7%AB%AF%E6%AD%A3,0.0
6,短促,duan cu,duǎn cù,duan3 cu4,very brief; pressed for time; short,形,https://api.wohuimandarin.com/nls/tts?text=%E7%9F%AD%E4%BF%83,0.0
6,断定,duan ding,duàn dìng,duan4 ding4,conclude; form a judgment,动,https://api.wohuimandarin.com/nls/tts?text=%E6%96%AD%E5%AE%9A,0.0
6,断绝,duan jue,duàn jué,duan4 jue2,break off; cut off; sever,动,https://api.wohuimandarin.com/nls/tts?text=%E6%96%AD%E7%BB%9D,0.0
6,堆积,dui ji,duī jī,dui1 ji1,pile up; heap up; accumulate,动,https://api.wohuimandarin.com/nls/tts?text=%E5%A0%86%E7%A7%AF,0.0
6,对策,dui ce,duì cè,dui4 ce4,the way to deal with a situation; countermeasure,名,https://api.wohuimandarin.com/nls/tts?text=%E5%AF%B9%E7%AD%96,0.0
6,对称,dui chen,duì chèn,dui4 chen4,symmetry,形,https://api.wohuimandarin.com/nls/tts?text=%E5%AF%B9%E7%A7%B0,0.0
6,对付,dui fu,duì fu,dui4 fu5,deal with; cope with; tackle,动,https://api.wohuimandarin.com/nls/tts?text=%E5%AF%B9%E4%BB%98,0.0
6,对抗,dui kang,duì kàng,dui4 kang4,confrontation; antagonise; counter,动,https://api.wohuimandarin.com/nls/tts?text=%E5%AF%B9%E6%8A%97,0.0
6,对立,dui li,duì lì,dui4 li4,oppose; set something against,动,https://api.wohuimandarin.com/nls/tts?text=%E5%AF%B9%E7%AB%8B,0.0
6,对联,dui lian,duì lián,dui4 lian2,[a pair of scrolls containing a poetic couplet],名,https://api.wohuimandarin.com/nls/tts?text=%E5%AF%B9%E8%81%94,0.0
6,队伍,dui wu,duì wu,dui4 wu5,troops; army,名,https://api.wohuimandarin.com/nls/tts?text=%E9%98%9F%E4%BC%8D,0.0
6,兑现,dui xian,duì xiàn,dui4 xian4,cash a check; honour a commitment,动,https://api.wohuimandarin.com/nls/tts?text=%E5%85%91%E7%8E%B0,0.0
6,对应,dui ying,duì yìng,dui4 ying4,corresponding,动,https://api.wohuimandarin.com/nls/tts?text=%E5%AF%B9%E5%BA%94,0.0
6,对照,dui zhao,duì zhào,dui4 zhao4,contrast; compare,动,https://api.wohuimandarin.com/nls/tts?text=%E5%AF%B9%E7%85%A7,0.0
6,顿时,dun shi,dùn shí,dun4 shi2,immediately; suddenly; at once,副,https://api.wohuimandarin.com/nls/tts?text=%E9%A1%BF%E6%97%B6,0.0
6,哆嗦,duo suo,duō suo,duo1 suo5,tremble; shiver,动,https://api.wohuimandarin.com/nls/tts?text=%E5%93%86%E5%97%A6,0.0
6,多元化,duo yuan hua,duō yuán huà,duo1 yuan2 hua4,pluralise,形,https://api.wohuimandarin.com/nls/tts?text=%E5%A4%9A%E5%85%83%E5%8C%96,0.0
6,堕落,duo luo,duò luò,duo4 luo4,go downhill; degenerate,动,https://api.wohuimandarin.com/nls/tts?text=%E5%A0%95%E8%90%BD,0.0
6,额外,e wai,é wài,e2 wai4,extra; additional; added,形,https://api.wohuimandarin.com/nls/tts?text=%E9%A2%9D%E5%A4%96,0.0
6,恶心,e xin,ě xin,e3 xin5,feel like vomiting; nausea,形,https://api.wohuimandarin.com/nls/tts?text=%E6%81%B6%E5%BF%83,0.0
6,恶化,e hua,è huà,e4 hua4,worsen; deteriorate; exacerbate,动,https://api.wohuimandarin.com/nls/tts?text=%E6%81%B6%E5%8C%96,0.0
6,遏制,e zhi,è zhì,e4 zhi4,keep within limits; contain; suppress,动,https://api.wohuimandarin.com/nls/tts?text=%E9%81%8F%E5%88%B6,0.0
6,恩怨,en yuan,ēn yuàn,en1 yuan4,resentment; grudge,名,https://api.wohuimandarin.com/nls/tts?text=%E6%81%A9%E6%80%A8,0.0
6,而已,er yi,ér yǐ,er2 yi3,that is all; nothing more,助,https://api.wohuimandarin.com/nls/tts?text=%E8%80%8C%E5%B7%B2,0.0
6,二氧化碳,er yang hua tan,èr yǎng huà tàn,er4 yang3 hua4 tan4,carbon dioxide,名,https://api.wohuimandarin.com/nls/tts?text=%E4%BA%8C%E6%B0%A7%E5%8C%96%E7%A2%B3,0.0
6,发布,fa bu,fā bù,fa1 bu4,publish; issue; release,动,https://api.wohuimandarin.com/nls/tts?text=%E5%8F%91%E5%B8%83,0.0
6,发财,fa cai,fā cái,fa1 cai2,get rich; make a fortune,动,https://api.wohuimandarin.com/nls/tts?text=%E5%8F%91%E8%B4%A2,0.0
6,发呆,fa dai,fā dāi,fa1 dai1,stare blankly; dumbfounded; in a daze,动,https://api.wohuimandarin.com/nls/tts?text=%E5%8F%91%E5%91%86,0.0
6,发动,fa dong,fā dòng,fa1 dong4,start; launch,动,https://api.wohuimandarin.com/nls/tts?text=%E5%8F%91%E5%8A%A8,0.0
6,发觉,fa jue,fā jué,fa1 jue2,come to know; be aware; realise,动,https://api.wohuimandarin.com/nls/tts?text=%E5%8F%91%E8%A7%89,0.0
6,发射,fa she,fā shè,fa1 she4,launch; radiate; project,动,https://api.wohuimandarin.com/nls/tts?text=%E5%8F%91%E5%B0%84,0.0
6,发誓,fa shi,fā shì,fa1 shi4,vow; pledge; swear an oath,动,https://api.wohuimandarin.com/nls/tts?text=%E5%8F%91%E8%AA%93,0.0
6,发行,fa xing,fā xíng,fa1 xing2,sell wholesale,动,https://api.wohuimandarin.com/nls/tts?text=%E5%8F%91%E8%A1%8C,0.0
6,发炎,fa yan,fā yán,fa1 yan2,inflame,动,https://api.wohuimandarin.com/nls/tts?text=%E5%8F%91%E7%82%8E,0.0
6,发扬,fa yang,fā yáng,fa1 yang2,develop; promote; carry forward,动,https://api.wohuimandarin.com/nls/tts?text=%E5%8F%91%E6%89%AC,0.0
6,发育,fa yu,fā yù,fa1 yu4,growth; development,动,https://api.wohuimandarin.com/nls/tts?text=%E5%8F%91%E8%82%B2,0.0
6,法人,fa ren,fǎ rén,fa3 ren2,legal person,名,https://api.wohuimandarin.com/nls/tts?text=%E6%B3%95%E4%BA%BA,0.0
6,番,fan,fān,fan1,foreign,量,https://api.wohuimandarin.com/nls/tts?text=f%C4%81n,0.0
6,繁华,fan hua,fán huá,fan2 hua2,flourishing; prosperous; bustling,形,https://api.wohuimandarin.com/nls/tts?text=%E7%B9%81%E5%8D%8E,0.0
6,繁忙,fan mang,fán máng,fan2 mang2,busy,形,https://api.wohuimandarin.com/nls/tts?text=%E7%B9%81%E5%BF%99,0.0
6,凡是,fan shi,fán shì,fan2 shi4,every; any; all,连,https://api.wohuimandarin.com/nls/tts?text=%E5%87%A1%E6%98%AF,0.0
6,繁体字,fan ti zi,fán tǐ zì,fan2 ti3 zi4,complex Chinese characters [in their original full form],名,https://api.wohuimandarin.com/nls/tts?text=%E7%B9%81%E4%BD%93%E5%AD%97,0.0
6,繁殖,fan zhi,fán zhí,fan2 zhi2,breed; reproduce; propagate,动,https://api.wohuimandarin.com/nls/tts?text=%E7%B9%81%E6%AE%96,0.0
6,反驳,fan bo,fǎn bó,fan3 bo2,refute; retort; rebut,动,https://api.wohuimandarin.com/nls/tts?text=%E5%8F%8D%E9%A9%B3,0.0
6,反常,fan chang,fǎn cháng,fan3 chang2,unusual; abnormal; perverse,形,https://api.wohuimandarin.com/nls/tts?text=%E5%8F%8D%E5%B8%B8,0.0
6,反感,fan gan,fǎn gǎn,fan3 gan3,be disgusted with; be averse to,名/形,https://api.wohuimandarin.com/nls/tts?text=%E5%8F%8D%E6%84%9F,0.0
6,反抗,fan kang,fǎn kàng,fan3 kang4,revolt; resist; react,动,https://api.wohuimandarin.com/nls/tts?text=%E5%8F%8D%E6%8A%97,0.0
6,反馈,fan kui,fǎn kuì,fan3 kui4,feedback,动,https://api.wohuimandarin.com/nls/tts?text=%E5%8F%8D%E9%A6%88,0.0
6,反面,fan mian,fǎn miàn,fan3 mian4,reverse side; wrong side; back,名/形,https://api.wohuimandarin.com/nls/tts?text=%E5%8F%8D%E9%9D%A2,0.0
6,反射,fan she,fǎn shè,fan3 she4,reflex; reflect; reverberate,动,https://api.wohuimandarin.com/nls/tts?text=%E5%8F%8D%E5%B0%84,0.0
6,反思,fan si,fǎn sī,fan3 si1,self-examination; introspection; profound consideration,动,https://api.wohuimandarin.com/nls/tts?text=%E5%8F%8D%E6%80%9D,0.0
6,反问,fan wen,fǎn wèn,fan3 wen4,ask in reply; answer a question with a question,动,https://api.wohuimandarin.com/nls/tts?text=%E5%8F%8D%E9%97%AE,0.0
6,反之,fan zhi,fǎn zhī,fan3 zhi1,conversely; on the contrary; otherwise,连,https://api.wohuimandarin.com/nls/tts?text=%E5%8F%8D%E4%B9%8B,0.0
6,范畴,fan chou,fàn chóu,fan4 chou2,category; domain; scope,名,https://api.wohuimandarin.com/nls/tts?text=%E8%8C%83%E7%95%B4,0.0
6,泛滥,fan lan,fàn làn,fan4 lan4,be in flood; overflow; unchecked,动,https://api.wohuimandarin.com/nls/tts?text=%E6%B3%9B%E6%BB%A5,0.0
6,贩卖,fan mai,fàn mài,fan4 mai4,traffic; peddle; sell,动,https://api.wohuimandarin.com/nls/tts?text=%E8%B4%A9%E5%8D%96,0.0
6,方位,fang wei,fāng wèi,fang1 wei4,position; bearing; points of the compass,名,https://api.wohuimandarin.com/nls/tts?text=%E6%96%B9%E4%BD%8D,0.0
6,方言,fang yan,fāng yán,fang1 yan2,dialect,名,https://api.wohuimandarin.com/nls/tts?text=%E6%96%B9%E8%A8%80,0.0
6,方圆,fang yuan,fāng yuán,fang1 yuan2,around,形,https://api.wohuimandarin.com/nls/tts?text=%E6%96%B9%E5%9C%86,0.0
6,方针,fang zhen,fāng zhēn,fang1 zhen1,policy; guiding principle; orientation,名,https://api.wohuimandarin.com/nls/tts?text=%E6%96%B9%E9%92%88,0.0
6,防守,fang shou,fáng shǒu,fang2 shou3,defend; guard,动,https://api.wohuimandarin.com/nls/tts?text=%E9%98%B2%E5%AE%88,0.0
6,防御,fang yu,fáng yù,fang2 yu4,defense,动,https://api.wohuimandarin.com/nls/tts?text=%E9%98%B2%E5%BE%A1,0.0
6,防止,fang zhi,fáng zhǐ,fang2 zhi3,prevent; guard against,动,https://api.wohuimandarin.com/nls/tts?text=%E9%98%B2%E6%AD%A2,0.0
6,防治,fang zhi,fáng zhì,fang2 zhi4,prevention and cure; preventive treatment,动,https://api.wohuimandarin.com/nls/tts?text=%E9%98%B2%E6%B2%BB,0.0
6,访问,fang wen,fǎng wèn,fang3 wen4,to interview; visit,动,https://api.wohuimandarin.com/nls/tts?text=%E8%AE%BF%E9%97%AE,0.0
6,纺织,fang zhi,fǎng zhī,fang3 zhi1,spinning and weaving,动,https://api.wohuimandarin.com/nls/tts?text=%E7%BA%BA%E7%BB%87,0.0
6,放大,fang da,fàng dà,fang4 da4,amplify; magnify; boost; enlarge,动,https://api.wohuimandarin.com/nls/tts?text=%E6%94%BE%E5%A4%A7,0.0
6,放射,fang she,fàng shè,fang4 she4,radiate; emit,动,https://api.wohuimandarin.com/nls/tts?text=%E6%94%BE%E5%B0%84,0.0
6,非法,fei fa,fēi fǎ,fei1 fa3,illegal; unlawful; illicit,形,https://api.wohuimandarin.com/nls/tts?text=%E9%9D%9E%E6%B3%95,0.0
6,飞禽走兽,fei qin zou shou,fēi qín zǒu shòu,fei1 qin2 zou3 shou4,birds and animals,,https://api.wohuimandarin.com/nls/tts?text=%E9%A3%9E%E7%A6%BD%E8%B5%B0%E5%85%BD,0.0
6,飞翔,fei xiang,fēi xiáng,fei1 xiang2,flight; circle in the air; hover,动,https://api.wohuimandarin.com/nls/tts?text=%E9%A3%9E%E7%BF%94,0.0
6,飞跃,fei yue,fēi yuè,fei1 yue4,leap,动,https://api.wohuimandarin.com/nls/tts?text=%E9%A3%9E%E8%B7%83,0.0
6,肥沃,fei wo,féi wò,fei2 wo4,fertile; rich,形,https://api.wohuimandarin.com/nls/tts?text=%E8%82%A5%E6%B2%83,0.0
6,诽谤,fei bang,fěi bàng,fei3 bang4,slander; libel; defame,动,https://api.wohuimandarin.com/nls/tts?text=%E8%AF%BD%E8%B0%A4,0.0
6,肺,fei,fèi,fei4,lung,名,https://api.wohuimandarin.com/nls/tts?text=f%C3%A8i,0.0
6,废除,fei chu,fèi chú,fei4 chu2,abolish; annul; annihilate,动,https://api.wohuimandarin.com/nls/tts?text=%E5%BA%9F%E9%99%A4,0.0
6,废寝忘食,fei qin wang shi,fèi qǐn wàng shí,fei4 qin3 wang4 shi2,to neglect sleep and forget about food [idiom],,https://api.wohuimandarin.com/nls/tts?text=%E5%BA%9F%E5%AF%9D%E5%BF%98%E9%A3%9F,0.0
6,沸腾,fei teng,fèi téng,fei4 teng2,boiling,动,https://api.wohuimandarin.com/nls/tts?text=%E6%B2%B8%E8%85%BE,0.0
6,废墟,fei xu,fèi xū,fei4 xu1,ruins; remainder; wasteland,名,https://api.wohuimandarin.com/nls/tts?text=%E5%BA%9F%E5%A2%9F,0.0
6,分辨,fen bian,fēn biàn,fen1 bian4,distinguish; differentiate; resolution,动,https://api.wohuimandarin.com/nls/tts?text=%E5%88%86%E8%BE%A8,0.0
6,分寸,fen cun,fēn cun,fen1 cun5,sense of propriety,名,https://api.wohuimandarin.com/nls/tts?text=%E5%88%86%E5%AF%B8,0.0
6,吩咐,fen fu,fēn fù,fen1 fu4,instruct,动,https://api.wohuimandarin.com/nls/tts?text=%E5%90%A9%E5%92%90,0.0
6,分红,fen hong,fēn hóng,fen1 hong2,share out bonus; draw/receive dividends,动,https://api.wohuimandarin.com/nls/tts?text=%E5%88%86%E7%BA%A2,0.0
6,分解,fen jie,fēn jiě,fen1 jie3,resolve; decompose; disintegrate,动,https://api.wohuimandarin.com/nls/tts?text=%E5%88%86%E8%A7%A3,0.0
6,分裂,fen lie,fēn liè,fen1 lie4,split; break up; tear,动,https://api.wohuimandarin.com/nls/tts?text=%E5%88%86%E8%A3%82,0.0
6,分泌,fen mi,fēn mì,fen1 mi4,secrete; excretion,动,https://api.wohuimandarin.com/nls/tts?text=%E5%88%86%E6%B3%8C,0.0
6,分明,fen ming,fēn míng,fen1 ming2,clear; obvious; clearly demarcated,副/形,https://api.wohuimandarin.com/nls/tts?text=%E5%88%86%E6%98%8E,0.0
6,分歧,fen qi,fēn qí,fen1 qi2,difference; divergence,名,https://api.wohuimandarin.com/nls/tts?text=%E5%88%86%E6%AD%A7,0.0
6,分散,fen san,fēn sàn,fen1 san4,disperse; scatter; decentralise,动,https://api.wohuimandarin.com/nls/tts?text=%E5%88%86%E6%95%A3,0.0
6,坟墓,fen mu,fén mù,fen2 mu4,grave; tomb,名,https://api.wohuimandarin.com/nls/tts?text=%E5%9D%9F%E5%A2%93,0.0
6,粉末,fen mo,fěn mò,fen3 mo4,(fine) powder,名,https://api.wohuimandarin.com/nls/tts?text=%E7%B2%89%E6%9C%AB,0.0
6,粉色,fen se,fěn sè,fen3 se4,pink,名,https://api.wohuimandarin.com/nls/tts?text=%E7%B2%89%E8%89%B2,0.0
6,粉碎,fen sui,fěn suì,fen3 sui4,smash; shatter,动,https://api.wohuimandarin.com/nls/tts?text=%E7%B2%89%E7%A2%8E,0.0
6,分量,fen liang,fèn liàng,fen4 liang4,weight,名,https://api.wohuimandarin.com/nls/tts?text=%E5%88%86%E9%87%8F,0.0
6,愤怒,fen nu,fèn nù,fen4 nu4,indignation; anger; rage,形,https://api.wohuimandarin.com/nls/tts?text=%E6%84%A4%E6%80%92,0.0
6,风暴,feng bao,fēng bào,feng1 bao4,storm; tempest,名,https://api.wohuimandarin.com/nls/tts?text=%E9%A3%8E%E6%9A%B4,0.0
6,封闭,feng bi,fēng bì,feng1 bi4,seal off; close,动,https://api.wohuimandarin.com/nls/tts?text=%E5%B0%81%E9%97%AD,0.0
6,风度,feng du,fēng dù,feng1 du4,demeanour; bearing,名,https://api.wohuimandarin.com/nls/tts?text=%E9%A3%8E%E5%BA%A6,0.0
6,风光,feng guang,fēng guāng,feng1 guang1,scene; view; sight,名,https://api.wohuimandarin.com/nls/tts?text=%E9%A3%8E%E5%85%89,0.0
6,封建,feng jian,fēng jiàn,feng1 jian4,feudalism,形,https://api.wohuimandarin.com/nls/tts?text=%E5%B0%81%E5%BB%BA,0.0
6,锋利,feng li,fēng lì,feng1 li4,sharp; keen,形,https://api.wohuimandarin.com/nls/tts?text=%E9%94%8B%E5%88%A9,0.0
6,丰满,feng man,fēng mǎn,feng1 man3,plentiful,形,https://api.wohuimandarin.com/nls/tts?text=%E4%B8%B0%E6%BB%A1,0.0
6,风气,feng qi,fēng qì,feng1 qi4,general mood; atmosphere; common practice,名,https://api.wohuimandarin.com/nls/tts?text=%E9%A3%8E%E6%B0%94,0.0
6,风趣,feng qu,fēng qù,feng1 qu4,humour; wit,形,https://api.wohuimandarin.com/nls/tts?text=%E9%A3%8E%E8%B6%A3,0.0
6,丰盛,feng sheng,fēng shèng,feng1 sheng4,rich; sumptuous,形,https://api.wohuimandarin.com/nls/tts?text=%E4%B8%B0%E7%9B%9B,0.0
6,丰收,feng shou,fēng shōu,feng1 shou1,bumper harvest,动,https://api.wohuimandarin.com/nls/tts?text=%E4%B8%B0%E6%94%B6,0.0
6,封锁,feng suo,fēng suǒ,feng1 suo3,blockade; block; seal off,动,https://api.wohuimandarin.com/nls/tts?text=%E5%B0%81%E9%94%81,0.0
6,风土人情,feng tu ren qing,fēng tǔ rén qíng,feng1 tu3 ren2 qing2,local customs and practices,,https://api.wohuimandarin.com/nls/tts?text=%E9%A3%8E%E5%9C%9F%E4%BA%BA%E6%83%85,0.0
6,风味,feng wei,fēng wèi,feng1 wei4,special flavour; local colour; aroma,名,https://api.wohuimandarin.com/nls/tts?text=%E9%A3%8E%E5%91%B3,0.0
6,逢,feng,féng,feng2,meet; come upon,动,https://api.wohuimandarin.com/nls/tts?text=f%C3%A9ng,0.0
6,奉献,feng xian,fèng xiàn,feng4 xian4,offer as a tribute; present with all respect,动,https://api.wohuimandarin.com/nls/tts?text=%E5%A5%89%E7%8C%AE,0.0
6,否决,fou jue,fǒu jué,fou3 jue2,reject; vote down; overrule,动,https://api.wohuimandarin.com/nls/tts?text=%E5%90%A6%E5%86%B3,0.0
6,夫妇,fu fu,fū fù,fu1 fu4,husband and wife,名,https://api.wohuimandarin.com/nls/tts?text=%E5%A4%AB%E5%A6%87,0.0
6,夫人,fu ren,fū ren,fu1 ren5,Lady; Madam,名,https://api.wohuimandarin.com/nls/tts?text=%E5%A4%AB%E4%BA%BA,0.0
6,敷衍,fu yan,fū yǎn,fu1 yan3,be perfunctory; go through the motions; whitewash,动,https://api.wohuimandarin.com/nls/tts?text=%E6%95%B7%E8%A1%8D,0.0
6,服从,fu cong,fú cóng,fu2 cong2,to obey; submit to,动,https://api.wohuimandarin.com/nls/tts?text=%E6%9C%8D%E4%BB%8E,0.0
6,幅度,fu du,fú dù,fu2 du4,scope; extent,名,https://api.wohuimandarin.com/nls/tts?text=%E5%B9%85%E5%BA%A6,0.0
6,符号,fu hao,fú hào,fu2 hao4,character; sign; symbol,名,https://api.wohuimandarin.com/nls/tts?text=%E7%AC%A6%E5%8F%B7,0.0
6,福利,fu li,fú lì,fu2 li4,(material) welfare,名,https://api.wohuimandarin.com/nls/tts?text=%E7%A6%8F%E5%88%A9,0.0
6,俘虏,fu lu,fú lǔ,fu2 lu3,capture; take prisoner,动/名,https://api.wohuimandarin.com/nls/tts?text=%E4%BF%98%E8%99%8F,0.0
6,服气,fu qi,fú qì,fu2 qi4,be convinced,动,https://api.wohuimandarin.com/nls/tts?text=%E6%9C%8D%E6%B0%94,0.0
6,福气,fu qi,fú qi,fu2 qi5,happy lot; good fortune,名,https://api.wohuimandarin.com/nls/tts?text=%E7%A6%8F%E6%B0%94,0.0
6,辐射,fu she,fú shè,fu2 she4,radiation; beaming,动,https://api.wohuimandarin.com/nls/tts?text=%E8%BE%90%E5%B0%84,0.0
6,腐败,fu bai,fǔ bài,fu3 bai4,rotten; putrid; decayed,形,https://api.wohuimandarin.com/nls/tts?text=%E8%85%90%E8%B4%A5,0.0
6,腐烂,fu lan,fǔ làn,fu3 lan4,become putrid; decompose; corrupt,动,https://api.wohuimandarin.com/nls/tts?text=%E8%85%90%E7%83%82,0.0
6,抚摸,fu mo,fǔ mō,fu3 mo1,to gently caress and stroke,动,https://api.wohuimandarin.com/nls/tts?text=%E6%8A%9A%E6%91%B8,0.0
6,腐蚀,fu shi,fǔ shí,fu3 shi2,corrode,动,https://api.wohuimandarin.com/nls/tts?text=%E8%85%90%E8%9A%80,0.0
6,俯视,fu shi,fǔ shì,fu3 shi4,overlook,动,https://api.wohuimandarin.com/nls/tts?text=%E4%BF%AF%E8%A7%86,0.0
6,腐朽,fu xiu,fǔ xiǔ,fu3 xiu3,rotten; decayed,形,https://api.wohuimandarin.com/nls/tts?text=%E8%85%90%E6%9C%BD,0.0
6,抚养,fu yang,fǔ yǎng,fu3 yang3,foster; raise; bring up,动,https://api.wohuimandarin.com/nls/tts?text=%E6%8A%9A%E5%85%BB,0.0
6,辅助,fu zhu,fǔ zhù,fu3 zhu4,assist; auxiliary; subsidiary,动,https://api.wohuimandarin.com/nls/tts?text=%E8%BE%85%E5%8A%A9,0.0
6,副,fu,fù,fu4,deputy; vice-; auxiliary,量,https://api.wohuimandarin.com/nls/tts?text=f%C3%B9,0.0
6,负担,fu dan,fù dān,fu4 dan1,bear; shoulder; burden; load,动/名,https://api.wohuimandarin.com/nls/tts?text=%E8%B4%9F%E6%8B%85,0.0
6,覆盖,fu gai,fù gài,fu4 gai4,cover; overlap; vegetation,动,https://api.wohuimandarin.com/nls/tts?text=%E8%A6%86%E7%9B%96,0.0
6,附和,fu he,fù hè,fu4 he4,echo; repeat what others say,动,https://api.wohuimandarin.com/nls/tts?text=%E9%99%84%E5%92%8C,0.0
6,复活,fu huo,fù huó,fu4 huo2,bring back to life; revive; resuscitate,动,https://api.wohuimandarin.com/nls/tts?text=%E5%A4%8D%E6%B4%BB,0.0
6,附件,fu jian,fù jiàn,fu4 jian4,attachment; appendix; enclosure,名,https://api.wohuimandarin.com/nls/tts?text=%E9%99%84%E4%BB%B6,0.0
6,附属,fu shu,fù shǔ,fu4 shu3,subsidiary; auxiliary; affiliated,形,https://api.wohuimandarin.com/nls/tts?text=%E9%99%84%E5%B1%9E,0.0
6,腹泻,fu xie,fù xiè,fu4 xie4,diarrhoea,动,https://api.wohuimandarin.com/nls/tts?text=%E8%85%B9%E6%B3%BB,0.0
6,复兴,fu xing,fù xīng,fu4 xing1,revive; rejuvenate; resuscitate,动,https://api.wohuimandarin.com/nls/tts?text=%E5%A4%8D%E5%85%B4,0.0
6,赋予,fu yu,fù yǔ,fu4 yu3,give; endow; entrust,动,https://api.wohuimandarin.com/nls/tts?text=%E8%B5%8B%E4%BA%88,0.0
6,富裕,fu yu,fù yù,fu4 yu4,prosperous; well-off,形,https://api.wohuimandarin.com/nls/tts?text=%E5%AF%8C%E8%A3%95,0.0
6,改良,gai liang,gǎi liáng,gai3 liang2,improve; ameliorate; reform,动,https://api.wohuimandarin.com/nls/tts?text=%E6%94%B9%E8%89%AF,0.0
6,钙,gai,gài,gai4,calcium [Chemistry],名,https://api.wohuimandarin.com/nls/tts?text=g%C3%A0i,0.0
6,盖章,gai zhang,gài zhāng,gai4 zhang1,affix one's seal; stamp,动,https://api.wohuimandarin.com/nls/tts?text=%E7%9B%96%E7%AB%A0,0.0
6,尴尬,gan ga,gān gà,gan1 ga4,awkward; embarrassed,形,https://api.wohuimandarin.com/nls/tts?text=%E5%B0%B4%E5%B0%AC,0.0
6,干旱,gan han,gān hàn,gan1 han4,drought; arid; dry,形,https://api.wohuimandarin.com/nls/tts?text=%E5%B9%B2%E6%97%B1,0.0
6,干扰,gan rao,gān rǎo,gan1 rao3,disturb; obstruct,动,https://api.wohuimandarin.com/nls/tts?text=%E5%B9%B2%E6%89%B0,0.0
6,干涉,gan she,gān shè,gan1 she4,interfere; intervene; meddle,动,https://api.wohuimandarin.com/nls/tts?text=%E5%B9%B2%E6%B6%89,0.0
6,干预,gan yu,gān yù,gan1 yu4,intervene; interpose; meddle,动,https://api.wohuimandarin.com/nls/tts?text=%E5%B9%B2%E9%A2%84,0.0
6,感慨,gan kai,gǎn kǎi,gan3 kai3,sigh (with emotion),动,https://api.wohuimandarin.com/nls/tts?text=%E6%84%9F%E6%85%A8,0.0
6,感染,gan ran,gǎn rǎn,gan3 ran3,infect; influence,动,https://api.wohuimandarin.com/nls/tts?text=%E6%84%9F%E6%9F%93,0.0
6,干劲,gan jin,gàn jìn,gan4 jin4,drive; vigour; enthusiasm,名,https://api.wohuimandarin.com/nls/tts?text=%E5%B9%B2%E5%8A%B2,0.0
6,纲领,gang ling,gāng lǐng,gang1 ling3,programme; guiding principle,名,https://api.wohuimandarin.com/nls/tts?text=%E7%BA%B2%E9%A2%86,0.0
6,港口,gang kou,gǎng kǒu,gang3 kou3,port; harbour,名,https://api.wohuimandarin.com/nls/tts?text=%E6%B8%AF%E5%8F%A3,0.0
6,港湾,gang wan,gǎng wān,gang3 wan1,haven; estuary,名,https://api.wohuimandarin.com/nls/tts?text=%E6%B8%AF%E6%B9%BE,0.0
6,岗位,gang wei,gǎng wèi,gang3 wei4,post; station,名,https://api.wohuimandarin.com/nls/tts?text=%E5%B2%97%E4%BD%8D,0.0
6,杠杆,gang gan,gàng gǎn,gang4 gan3,lever; pry bar,名,https://api.wohuimandarin.com/nls/tts?text=%E6%9D%A0%E6%9D%86,0.0
6,高超,gao chao,gāo chāo,gao1 chao1,excellent; exquisite; superb,形,https://api.wohuimandarin.com/nls/tts?text=%E9%AB%98%E8%B6%85,0.0
6,高潮,gao chao,gāo cháo,gao1 chao2,high tide; climax,名,https://api.wohuimandarin.com/nls/tts?text=%E9%AB%98%E6%BD%AE,0.0
6,高峰,gao feng,gāo fēng,gao1 feng1,peak; summit,名,https://api.wohuimandarin.com/nls/tts?text=%E9%AB%98%E5%B3%B0,0.0
6,高明,gao ming,gāo míng,gao1 ming2,brilliant; bright,形,https://api.wohuimandarin.com/nls/tts?text=%E9%AB%98%E6%98%8E,0.0
6,高尚,gao shang,gāo shàng,gao1 shang4,noble; lofty; respectable,形,https://api.wohuimandarin.com/nls/tts?text=%E9%AB%98%E5%B0%9A,0.0
6,高涨,gao zhang,gāo zhǎng,gao1 zhang3,upsurge,动,https://api.wohuimandarin.com/nls/tts?text=%E9%AB%98%E6%B6%A8,0.0
6,稿件,gao jian,gǎo jiàn,gao3 jian4,manuscript; contribution,名,https://api.wohuimandarin.com/nls/tts?text=%E7%A8%BF%E4%BB%B6,0.0
6,告辞,gao ci,gào cí,gao4 ci2,farewell; take leave,动,https://api.wohuimandarin.com/nls/tts?text=%E5%91%8A%E8%BE%9E,0.0
6,告诫,gao jie,gào jiè,gao4 jie4,warn; admonish; enjoin,动,https://api.wohuimandarin.com/nls/tts?text=%E5%91%8A%E8%AF%AB,0.0
6,搁,ge,gē,ge1,bear; endure; stand,动,https://api.wohuimandarin.com/nls/tts?text=g%C4%93,0.0
6,割,ge,gē,ge1,cut; mow (grass),动,https://api.wohuimandarin.com/nls/tts?text=g%C4%93,0.0
6,疙瘩,ge da,gē da,ge1 da5,a swelling on the skin; pimple; lump,名,https://api.wohuimandarin.com/nls/tts?text=%E7%96%99%E7%98%A9,0.0
6,歌颂,ge song,gē sòng,ge1 song4,sing the praises of; extol; eulogise,动,https://api.wohuimandarin.com/nls/tts?text=%E6%AD%8C%E9%A2%82,0.0
6,鸽子,ge zi,gē zi,ge1 zi5,pigeon; dove,名,https://api.wohuimandarin.com/nls/tts?text=%E9%B8%BD%E5%AD%90,0.0
6,隔阂,ge he,gé hé,ge2 he2,estrangement; misunderstanding,名,https://api.wohuimandarin.com/nls/tts?text=%E9%9A%94%E9%98%82,0.0
6,格局,ge ju,gé jú,ge2 ju2,pattern; setup; structure,名,https://api.wohuimandarin.com/nls/tts?text=%E6%A0%BC%E5%B1%80,0.0
6,隔离,ge li,gé lí,ge2 li2,isolate; keep apart; segregate,动,https://api.wohuimandarin.com/nls/tts?text=%E9%9A%94%E7%A6%BB,0.0
6,革命,ge ming,gé mìng,ge2 ming4,revolution,动,https://api.wohuimandarin.com/nls/tts?text=%E9%9D%A9%E5%91%BD,0.0
6,格式,ge shi,gé shì,ge2 shi4,layout; pattern; format,名,https://api.wohuimandarin.com/nls/tts?text=%E6%A0%BC%E5%BC%8F,0.0
6,各抒己见,ge shu ji jian,gè shū jǐ jiàn,ge4 shu1 ji3 jian4,everyone expresses their own view,,https://api.wohuimandarin.com/nls/tts?text=%E5%90%84%E6%8A%92%E5%B7%B1%E8%A7%81,0.0
6,个体,ge ti,gè tǐ,ge4 ti3,individuality; personality,名,https://api.wohuimandarin.com/nls/tts?text=%E4%B8%AA%E4%BD%93,0.0
6,跟前,gen qian,gēn qián,gen1 qian2,at one's side; living with me/us etc,名,https://api.wohuimandarin.com/nls/tts?text=%E8%B7%9F%E5%89%8D,0.0
6,根深蒂固,gen shen di gu,gēn shēn dì gù,gen1 shen1 di4 gu4,ingrained; inveterate; deep-seated,,https://api.wohuimandarin.com/nls/tts?text=%E6%A0%B9%E6%B7%B1%E8%92%82%E5%9B%BA,0.0
6,跟随,gen sui,gēn suí,gen1 sui2,follow; go after,动,https://api.wohuimandarin.com/nls/tts?text=%E8%B7%9F%E9%9A%8F,0.0
6,根源,gen yuan,gēn yuán,gen1 yuan2,source; origin; root,名,https://api.wohuimandarin.com/nls/tts?text=%E6%A0%B9%E6%BA%90,0.0
6,跟踪,gen zong,gēn zōng,gen1 zong1,follow the tracks of; following,动,https://api.wohuimandarin.com/nls/tts?text=%E8%B7%9F%E8%B8%AA,0.0
6,耕地,geng di,gēng dì,geng1 di4,plough; till; cultivated land,动,https://api.wohuimandarin.com/nls/tts?text=%E8%80%95%E5%9C%B0,0.0
6,更新,geng xin,gēng xīn,geng1 xin1,renew; renovate; update,动,https://api.wohuimandarin.com/nls/tts?text=%E6%9B%B4%E6%96%B0,0.0
6,更正,geng zheng,gēng zhèng,geng1 zheng4,make corrections; amend,动,https://api.wohuimandarin.com/nls/tts?text=%E6%9B%B4%E6%AD%A3,0.0
6,公安局,gong an ju,gōng ān jú,gong1 an1 ju2,Public Security Bureau (PSB),名,https://api.wohuimandarin.com/nls/tts?text=%E5%85%AC%E5%AE%89%E5%B1%80,0.0
6,供不应求,gong bu ying qiu,gōng bù yìng qiú,gong1 bu4 ying4 qiu2,demand exceeds supply,,https://api.wohuimandarin.com/nls/tts?text=%E4%BE%9B%E4%B8%8D%E5%BA%94%E6%B1%82,0.0
6,公道,gong dao,gōng dào,gong1 dao4,fair; just; reasonable,形,https://api.wohuimandarin.com/nls/tts?text=%E5%85%AC%E9%81%93,0.0
6,宫殿,gong dian,gōng diàn,gong1 dian4,palace,名,https://api.wohuimandarin.com/nls/tts?text=%E5%AE%AB%E6%AE%BF,0.0
6,公告,gong gao,gōng gào,gong1 gao4,public announcement,动,https://api.wohuimandarin.com/nls/tts?text=%E5%85%AC%E5%91%8A,0.0
6,公关,gong guan,gōng guān,gong1 guan1,public relations,名,https://api.wohuimandarin.com/nls/tts?text=%E5%85%AC%E5%85%B3,0.0
6,攻击,gong ji,gōng jī,gong1 ji1,attack; assault; accuse,动,https://api.wohuimandarin.com/nls/tts?text=%E6%94%BB%E5%87%BB,5.0
6,供给,gong ji,gōng jǐ,gong1 ji3,supply; provide; furnish,动,https://api.wohuimandarin.com/nls/tts?text=%E4%BE%9B%E7%BB%99,0.0
6,恭敬,gong jing,gōng jìng,gong1 jing4,respectful; with great respect,形,https://api.wohuimandarin.com/nls/tts?text=%E6%81%AD%E6%95%AC,0.0
6,攻克,gong ke,gōng kè,gong1 ke4,capture; take,动,https://api.wohuimandarin.com/nls/tts?text=%E6%94%BB%E5%85%8B,0.0
6,功劳,gong lao,gōng láo,gong1 lao2,contribution; meritorious service,名,https://api.wohuimandarin.com/nls/tts?text=%E5%8A%9F%E5%8A%B3,0.0
6,公民,gong min,gōng mín,gong1 min2,citizen,名,https://api.wohuimandarin.com/nls/tts?text=%E5%85%AC%E6%B0%91,0.0
6,公然,gong ran,gōng rán,gong1 ran2,openly; brazenly,副,https://api.wohuimandarin.com/nls/tts?text=%E5%85%AC%E7%84%B6,0.0
6,公认,gong ren,gōng rèn,gong1 ren4,universally acknowledged,动,https://api.wohuimandarin.com/nls/tts?text=%E5%85%AC%E8%AE%A4,0.0
6,公式,gong shi,gōng shì,gong1 shi4,formula,名,https://api.wohuimandarin.com/nls/tts?text=%E5%85%AC%E5%BC%8F,0.0
6,公务,gong wu,gōng wù,gong1 wu4,public affairs; official business,名,https://api.wohuimandarin.com/nls/tts?text=%E5%85%AC%E5%8A%A1,0.0
6,功效,gong xiao,gōng xiào,gong1 xiao4,efficacy,名,https://api.wohuimandarin.com/nls/tts?text=%E5%8A%9F%E6%95%88,0.0
6,工艺品,gong yi pin,gōng yì pǐn,gong1 yi4 pin3,handicrafts,名,https://api.wohuimandarin.com/nls/tts?text=%E5%B7%A5%E8%89%BA%E5%93%81,0.0
6,公正,gong zheng,gōng zhèng,gong1 zheng4,just; fair; impartial,形,https://api.wohuimandarin.com/nls/tts?text=%E5%85%AC%E6%AD%A3,0.0
6,公证,gong zheng,gōng zhèng,gong1 zheng4,notarisation,动,https://api.wohuimandarin.com/nls/tts?text=%E5%85%AC%E8%AF%81,0.0
6,巩固,gong gu,gǒng gù,gong3 gu4,consolidate; strengthen; solidify,动,https://api.wohuimandarin.com/nls/tts?text=%E5%B7%A9%E5%9B%BA,0.0
6,共和国,gong he guo,gòng hé guó,gong4 he2 guo2,republic,名,https://api.wohuimandarin.com/nls/tts?text=%E5%85%B1%E5%92%8C%E5%9B%BD,0.0
6,共计,gong ji,gòng jì,gong4 ji4,altogether; grand total,动,https://api.wohuimandarin.com/nls/tts?text=%E5%85%B1%E8%AE%A1,0.0
6,共鸣,gong ming,gòng míng,gong4 ming2,resonate; sympathetic response,动,https://api.wohuimandarin.com/nls/tts?text=%E5%85%B1%E9%B8%A3,0.0
6,勾结,gou jie,gōu jié,gou1 jie2,collude with; in league with; be hand and glove with,动,https://api.wohuimandarin.com/nls/tts?text=%E5%8B%BE%E7%BB%93,0.0
6,钩子,gou zi,gōu zi,gou1 zi5,hook; hanger,名,https://api.wohuimandarin.com/nls/tts?text=%E9%92%A9%E5%AD%90,0.0
6,构思,gou si,gòu sī,gou4 si1,work out the plot of a literary work or the composition of a painting; conception; design,动,https://api.wohuimandarin.com/nls/tts?text=%E6%9E%84%E6%80%9D,0.0
6,孤独,gu du,gū dú,gu1 du2,lonely; lonesome,形,https://api.wohuimandarin.com/nls/tts?text=%E5%AD%A4%E7%8B%AC,0.0
6,辜负,gu fu,gū fù,gu1 fu4,let down; fail to live up to; be unworthy of,动,https://api.wohuimandarin.com/nls/tts?text=%E8%BE%9C%E8%B4%9F,0.0
6,孤立,gu li,gū lì,gu1 li4,isolated; solitary; separate,形,https://api.wohuimandarin.com/nls/tts?text=%E5%AD%A4%E7%AB%8B,0.0
6,姑且,gu qie,gū qiě,gu1 qie3,tentatively; for the moment,副,https://api.wohuimandarin.com/nls/tts?text=%E5%A7%91%E4%B8%94,0.0
6,股东,gu dong,gǔ dōng,gu3 dong1,shareholder,名,https://api.wohuimandarin.com/nls/tts?text=%E8%82%A1%E4%B8%9C,0.0
6,古董,gu dong,gǔ dǒng,gu3 dong3,antique; curio,名,https://api.wohuimandarin.com/nls/tts?text=%E5%8F%A4%E8%91%A3,0.0
6,鼓动,gu dong,gǔ dòng,gu3 dong4,promote; agitate,动,https://api.wohuimandarin.com/nls/tts?text=%E9%BC%93%E5%8A%A8,0.0
6,股份,gu fen,gǔ fèn,gu3 fen4,share; stock,名,https://api.wohuimandarin.com/nls/tts?text=%E8%82%A1%E4%BB%BD,0.0
6,骨干,gu gan,gǔ gàn,gu3 gan4,backbone; mainstay,名,https://api.wohuimandarin.com/nls/tts?text=%E9%AA%A8%E5%B9%B2,0.0
6,古怪,gu guai,gǔ guài,gu3 guai4,eccentric; odd; quaint,形,https://api.wohuimandarin.com/nls/tts?text=%E5%8F%A4%E6%80%AA,0.0
6,顾虑,gu lv,gù lǜ,gu4 lv4,misgiving; apprehension; scruple,名,https://api.wohuimandarin.com/nls/tts?text=%E9%A1%BE%E8%99%91,0.0
6,固然,gu ran,gù rán,gu4 ran2,no doubt; it is true,连,https://api.wohuimandarin.com/nls/tts?text=%E5%9B%BA%E7%84%B6,0.0
6,固体,gu ti,gù tǐ,gu4 ti3,solid (object),名,https://api.wohuimandarin.com/nls/tts?text=%E5%9B%BA%E4%BD%93,0.0
6,顾问,gu wen,gù wèn,gu4 wen4,advisor; consultant,名,https://api.wohuimandarin.com/nls/tts?text=%E9%A1%BE%E9%97%AE,0.0
6,故乡,gu xiang,gù xiāng,gu4 xiang1,native place; hometown; birthplace,名,https://api.wohuimandarin.com/nls/tts?text=%E6%95%85%E4%B9%A1,0.0
6,雇佣,gu yong,gù yōng,gu4 yong1,employ; hire,动,https://api.wohuimandarin.com/nls/tts?text=%E9%9B%87%E4%BD%A3,0.0
6,固有,gu you,gù yǒu,gu4 you3,intrinsic; inherent; innate,形,https://api.wohuimandarin.com/nls/tts?text=%E5%9B%BA%E6%9C%89,0.0
6,故障,gu zhang,gù zhàng,gu4 zhang4,hitch; breakdown; fault,名,https://api.wohuimandarin.com/nls/tts?text=%E6%95%85%E9%9A%9C,0.0
6,固执,gu zhi,gù zhi,gu4 zhi5,obstinate; stubborn,形,https://api.wohuimandarin.com/nls/tts?text=%E5%9B%BA%E6%89%A7,0.0
6,拐杖,guai zhang,guǎi zhàng,guai3 zhang4,crutch; walking stick,名,https://api.wohuimandarin.com/nls/tts?text=%E6%8B%90%E6%9D%96,0.0
6,官方,guan fang,guān fāng,guan1 fang1,of/by the government; official,名,https://api.wohuimandarin.com/nls/tts?text=%E5%AE%98%E6%96%B9,0.0
6,观光,guan guang,guān guāng,guan1 guang1,go sightseeing; visit; tour,动,https://api.wohuimandarin.com/nls/tts?text=%E8%A7%82%E5%85%89,0.0
6,关怀,guan huai,guān huái,guan1 huai2,show care for,动,https://api.wohuimandarin.com/nls/tts?text=%E5%85%B3%E6%80%80,0.0
6,关照,guan zhao,guān zhào,guan1 zhao4,look after; keep an eye on,动,https://api.wohuimandarin.com/nls/tts?text=%E5%85%B3%E7%85%A7,0.0
6,管辖,guan xia,guǎn xiá,guan3 xia2,have jurisdiction over; administer,动,https://api.wohuimandarin.com/nls/tts?text=%E7%AE%A1%E8%BE%96,0.0
6,罐,guan,guàn,guan4,jar; pot; tank,名,https://api.wohuimandarin.com/nls/tts?text=gu%C3%A0n,0.0
6,贯彻,guan che,guàn chè,guan4 che4,carry out; implement; put into effect,动,https://api.wohuimandarin.com/nls/tts?text=%E8%B4%AF%E5%BD%BB,0.0
6,灌溉,guan gai,guàn gài,guan4 gai4,irrigate; watering,动,https://api.wohuimandarin.com/nls/tts?text=%E7%81%8C%E6%BA%89,0.0
6,惯例,guan li,guàn lì,guan4 li4,convention; usual practice; custom,名,https://api.wohuimandarin.com/nls/tts?text=%E6%83%AF%E4%BE%8B,0.0
6,光彩,guang cai,guāng cǎi,guang1 cai3,lustre; splendour; radiance,名/形,https://api.wohuimandarin.com/nls/tts?text=%E5%85%89%E5%BD%A9,0.0
6,光辉,guang hui,guāng huī,guang1 hui1,brilliance; glory; radiance,形,https://api.wohuimandarin.com/nls/tts?text=%E5%85%89%E8%BE%89,0.0
6,光芒,guang mang,guāng máng,guang1 mang2,rays of light,名,https://api.wohuimandarin.com/nls/tts?text=%E5%85%89%E8%8A%92,4.0
6,光荣,guang rong,guāng róng,guang1 rong2,honour; glory; credit,形,https://api.wohuimandarin.com/nls/tts?text=%E5%85%89%E8%8D%A3,0.0
6,广阔,guang kuo,guǎng kuò,guang3 kuo4,vast; spacious; expansive,形,https://api.wohuimandarin.com/nls/tts?text=%E5%B9%BF%E9%98%94,1.0
6,规范,gui fan,guī fàn,gui1 fan4,standard; norm; specification,形,https://api.wohuimandarin.com/nls/tts?text=%E8%A7%84%E8%8C%83,0.0
6,规格,gui ge,guī gé,gui1 ge2,specifications; norms; standards,名,https://api.wohuimandarin.com/nls/tts?text=%E8%A7%84%E6%A0%BC,0.0
6,归根到底,gui gen dao di,guī gēn dào dǐ,gui1 gen1 dao4 di3,in the final analysis; in the long run,,https://api.wohuimandarin.com/nls/tts?text=%E5%BD%92%E6%A0%B9%E5%88%B0%E5%BA%95,0.0
6,规划,gui hua,guī huà,gui1 hua4,planning; programming; project,动,https://api.wohuimandarin.com/nls/tts?text=%E8%A7%84%E5%88%92,0.0
6,归还,gui huan,guī huán,gui1 huan2,return; revert; send back,动,https://api.wohuimandarin.com/nls/tts?text=%E5%BD%92%E8%BF%98,0.0
6,规章,gui zhang,guī zhāng,gui1 zhang1,rules; regulations,名,https://api.wohuimandarin.com/nls/tts?text=%E8%A7%84%E7%AB%A0,0.0
6,轨道,gui dao,guǐ dào,gui3 dao4,track; pathway,名,https://api.wohuimandarin.com/nls/tts?text=%E8%BD%A8%E9%81%93,0.0
6,跪,gui,guì,gui4,kneel (down),动,https://api.wohuimandarin.com/nls/tts?text=gu%C3%AC,0.0
6,贵族,gui zu,guì zú,gui4 zu2,aristocrat; nobility,名,https://api.wohuimandarin.com/nls/tts?text=%E8%B4%B5%E6%97%8F,0.0
6,棍棒,gun bang,gùn bàng,gun4 bang4,club; cudgel; bludgeon,名,https://api.wohuimandarin.com/nls/tts?text=%E6%A3%8D%E6%A3%92,0.0
6,国防,guo fang,guó fáng,guo2 fang2,national defense,名,https://api.wohuimandarin.com/nls/tts?text=%E5%9B%BD%E9%98%B2,0.0
6,国务院,guo wu yuan,guó wù yuàn,guo2 wu4 yuan4,State Council,名,https://api.wohuimandarin.com/nls/tts?text=%E5%9B%BD%E5%8A%A1%E9%99%A2,0.0
6,果断,guo duan,guǒ duàn,guo3 duan4,resolute; decisive,形,https://api.wohuimandarin.com/nls/tts?text=%E6%9E%9C%E6%96%AD,0.0
6,过渡,guo du,guò dù,guo4 du4,transit,动,https://api.wohuimandarin.com/nls/tts?text=%E8%BF%87%E6%B8%A1,0.0
6,过度,guo du,guò dù,guo4 du4,excessive; over; undue,形,https://api.wohuimandarin.com/nls/tts?text=%E8%BF%87%E5%BA%A6,0.0
6,过奖,guo jiang,guò jiǎng,guo4 jiang3,overpraise; undeserved compliment,动,https://api.wohuimandarin.com/nls/tts?text=%E8%BF%87%E5%A5%96,0.0
6,过滤,guo lv,guò lǜ,guo4 lv4,filter; screen,动,https://api.wohuimandarin.com/nls/tts?text=%E8%BF%87%E6%BB%A4,0.0
6,过失,guo shi,guò shī,guo4 shi1,fault; error; misconduct,名,https://api.wohuimandarin.com/nls/tts?text=%E8%BF%87%E5%A4%B1,0.0
6,过问,guo wen,guò wèn,guo4 wen4,concern oneself with; take an interest in,动,https://api.wohuimandarin.com/nls/tts?text=%E8%BF%87%E9%97%AE,0.0
6,过瘾,guo yin,guò yǐn,guo4 yin3,satisfy a craving; do something to one's heart's content,动,https://api.wohuimandarin.com/nls/tts?text=%E8%BF%87%E7%98%BE,0.0
6,过于,guo yu,guò yú,guo4 yu2,too; unduly; excessively,副,https://api.wohuimandarin.com/nls/tts?text=%E8%BF%87%E4%BA%8E,0.0
6,嗨,hai,hāi,hai1,[sound used in lyrics for balance or euphony],叹,https://api.wohuimandarin.com/nls/tts?text=h%C4%81i,0.0
6,海拔,hai ba,hǎi bá,hai3 ba2,height; elevation,名,https://api.wohuimandarin.com/nls/tts?text=%E6%B5%B7%E6%8B%94,0.0
6,海滨,hai bin,hǎi bīn,hai3 bin1,seashore; strand,名,https://api.wohuimandarin.com/nls/tts?text=%E6%B5%B7%E6%BB%A8,0.0
6,含糊,han hu,hán hu,han2 hu5,ambiguous; vague,形,https://api.wohuimandarin.com/nls/tts?text=%E5%90%AB%E7%B3%8A,0.0
6,寒暄,han xuan,hán xuān,han2 xuan1,exchange conventional greetings,动,https://api.wohuimandarin.com/nls/tts?text=%E5%AF%92%E6%9A%84,0.0
6,含义,han yi,hán yì,han2 yi4,meaning; implication,名,https://api.wohuimandarin.com/nls/tts?text=%E5%90%AB%E4%B9%89,0.0
6,罕见,han jian,hǎn jiàn,han3 jian4,seldom seen; rare,形,https://api.wohuimandarin.com/nls/tts?text=%E7%BD%95%E8%A7%81,0.0
6,捍卫,han wei,hàn wèi,han4 wei4,defend; guard; protect,动,https://api.wohuimandarin.com/nls/tts?text=%E6%8D%8D%E5%8D%AB,0.0
6,航空,hang kong,háng kōng,hang2 kong1,aviation,名,https://api.wohuimandarin.com/nls/tts?text=%E8%88%AA%E7%A9%BA,0.0
6,行列,hang lie,háng liè,hang2 lie4,ranks,名,https://api.wohuimandarin.com/nls/tts?text=%E8%A1%8C%E5%88%97,0.0
6,航天,hang tian,háng tiān,hang2 tian1,space flight; aerospace,名,https://api.wohuimandarin.com/nls/tts?text=%E8%88%AA%E5%A4%A9,0.0
6,航行,hang xing,háng xíng,hang2 xing2,navigate by water/air; sail,动,https://api.wohuimandarin.com/nls/tts?text=%E8%88%AA%E8%A1%8C,0.0
6,豪迈,hao mai,háo mài,hao2 mai4,bold and generous,形,https://api.wohuimandarin.com/nls/tts?text=%E8%B1%AA%E8%BF%88,0.0
6,毫米,hao mi,háo mǐ,hao2 mi3,millimetre,量,https://api.wohuimandarin.com/nls/tts?text=%E6%AF%AB%E7%B1%B3,0.0
6,毫无,hao wu,háo wú,hao2 wu2,none; not in the least,,https://api.wohuimandarin.com/nls/tts?text=%E6%AF%AB%E6%97%A0,0.0
6,耗费,hao fei,hào fèi,hao4 fei4,consume; expend; cost,动,https://api.wohuimandarin.com/nls/tts?text=%E8%80%97%E8%B4%B9,0.0
6,号召,hao zhao,hào zhào,hao4 zhao4,call; appeal,动,https://api.wohuimandarin.com/nls/tts?text=%E5%8F%B7%E5%8F%AC,0.0
6,呵,he,hē,he1,breathe out; oh,动,https://api.wohuimandarin.com/nls/tts?text=h%C4%93,0.0
6,和蔼,he ai,hé ǎi,he2 ai3,kindly; affable; amiable,形,https://api.wohuimandarin.com/nls/tts?text=%E5%92%8C%E8%94%BC,0.0
6,合并,he bing,hé bìng,he2 bing4,merge; amalgamate; combine,动,https://api.wohuimandarin.com/nls/tts?text=%E5%90%88%E5%B9%B6,0.0
6,合成,he cheng,hé chéng,he2 cheng2,compose; compound; synthetise,动,https://api.wohuimandarin.com/nls/tts?text=%E5%90%88%E6%88%90,0.0
6,合伙,he huo,hé huǒ,he2 huo3,partnership; form a partnership,动,https://api.wohuimandarin.com/nls/tts?text=%E5%90%88%E4%BC%99,0.0
6,和解,he jie,hé jiě,he2 jie3,compromise; conciliate; reconcile,动,https://api.wohuimandarin.com/nls/tts?text=%E5%92%8C%E8%A7%A3,0.0
6,和睦,he mu,hé mù,he2 mu4,harmony; amity,形,https://api.wohuimandarin.com/nls/tts?text=%E5%92%8C%E7%9D%A6,0.0
6,和气,he qi,hé qi,he2 qi5,gentle; kind; polite,形,https://api.wohuimandarin.com/nls/tts?text=%E5%92%8C%E6%B0%94,0.0
6,合算,he suan,hé suàn,he2 suan4,cost-effective,形,https://api.wohuimandarin.com/nls/tts?text=%E5%90%88%E7%AE%97,0.0
6,和谐,he xie,hé xié,he2 xie2,harmonious; melodious; tuneful,形,https://api.wohuimandarin.com/nls/tts?text=%E5%92%8C%E8%B0%90,0.0
6,嘿,hei,hēi,hei1,hey,叹,https://api.wohuimandarin.com/nls/tts?text=h%C4%93i,0.0
6,痕迹,hen ji,hén jì,hen2 ji4,mark; vestige; impression,名,https://api.wohuimandarin.com/nls/tts?text=%E7%97%95%E8%BF%B9,0.0
6,狠心,hen xin,hěn xīn,hen3 xin1,ruthless,形,https://api.wohuimandarin.com/nls/tts?text=%E7%8B%A0%E5%BF%83,0.0
6,恨不得,hen bu de,hèn bu dé,hen4 bu5 de2,very anxious to; how one wishes one could,动,https://api.wohuimandarin.com/nls/tts?text=%E6%81%A8%E4%B8%8D%E5%BE%97,0.0
6,哼,heng,hēng,heng1,humph; tut,动,https://api.wohuimandarin.com/nls/tts?text=h%C4%93ng,0.0
6,横,heng,héng,heng2,horizontal,动/形,https://api.wohuimandarin.com/nls/tts?text=h%C3%A9ng,0.0
6,哄,hong,hōng,hong1,roars of laughter; clamour,动,https://api.wohuimandarin.com/nls/tts?text=h%C5%8Dng,0.0
6,烘,hong,hōng,hong1,dry or warm by the fire,动,https://api.wohuimandarin.com/nls/tts?text=h%C5%8Dng,0.0
6,轰动,hong dong,hōng dòng,hong1 dong4,cause a sensation; create quite a stir,动,https://api.wohuimandarin.com/nls/tts?text=%E8%BD%B0%E5%8A%A8,0.0
6,宏观,hong guan,hóng guān,hong2 guan1,macroscopic view,形,https://api.wohuimandarin.com/nls/tts?text=%E5%AE%8F%E8%A7%82,0.0
6,洪水,hong shui,hóng shuǐ,hong2 shui3,flood; deluge,名,https://api.wohuimandarin.com/nls/tts?text=%E6%B4%AA%E6%B0%B4,0.0
6,宏伟,hong wei,hóng wěi,hong2 wei3,magnificent; grand,形,https://api.wohuimandarin.com/nls/tts?text=%E5%AE%8F%E4%BC%9F,0.0
6,喉咙,hou long,hóu lóng,hou2 long2,throat; gullet,名,https://api.wohuimandarin.com/nls/tts?text=%E5%96%89%E5%92%99,0.0
6,吼,hou,hǒu,hou3,roar; howl,动,https://api.wohuimandarin.com/nls/tts?text=h%C7%92u,0.0
6,后代,hou dai,hòu dài,hou4 dai4,later generations,名,https://api.wohuimandarin.com/nls/tts?text=%E5%90%8E%E4%BB%A3,0.0
6,后顾之忧,hou gu zhi you,hòu gù zhī yōu,hou4 gu4 zhi1 you1,worry about things back home,,https://api.wohuimandarin.com/nls/tts?text=%E5%90%8E%E9%A1%BE%E4%B9%8B%E5%BF%A7,0.0
6,后勤,hou qin,hòu qín,hou4 qin2,logistics,名,https://api.wohuimandarin.com/nls/tts?text=%E5%90%8E%E5%8B%A4,0.0
6,候选,hou xuan,hòu xuǎn,hou4 xuan3,be a candidate; run for office,动,https://api.wohuimandarin.com/nls/tts?text=%E5%80%99%E9%80%89,0.0
6,呼唤,hu huan,hū huàn,hu1 huan4,to call out (a name etc),动,https://api.wohuimandarin.com/nls/tts?text=%E5%91%BC%E5%94%A4,0.0
6,忽略,hu lue,hū luè,hu1 lue4,ignore; lose sight of; neglect,动,https://api.wohuimandarin.com/nls/tts?text=%E5%BF%BD%E7%95%A5,0.0
6,呼啸,hu xiao,hū xiào,hu1 xiao4,whistle; howl; scream,动,https://api.wohuimandarin.com/nls/tts?text=%E5%91%BC%E5%95%B8,0.0
6,呼吁,hu yu,hū yù,hu1 yu4,appeal; call on,动,https://api.wohuimandarin.com/nls/tts?text=%E5%91%BC%E5%90%81,0.0
6,胡乱,hu luan,hú luàn,hu2 luan4,carelessly; casually; at random,副,https://api.wohuimandarin.com/nls/tts?text=%E8%83%A1%E4%B9%B1,0.0
6,湖泊,hu po,hú pō,hu2 po1,lake,名,https://api.wohuimandarin.com/nls/tts?text=%E6%B9%96%E6%B3%8A,0.0
6,胡须,hu xu,hú xū,hu2 xu1,beard; moustache; whiskers,名,https://api.wohuimandarin.com/nls/tts?text=%E8%83%A1%E9%A1%BB,0.0
6,花瓣,hua ban,huā bàn,hua1 ban4,petal,名,https://api.wohuimandarin.com/nls/tts?text=%E8%8A%B1%E7%93%A3,0.0
6,花蕾,hua lei,huā lěi,hua1 lei3,bud,名,https://api.wohuimandarin.com/nls/tts?text=%E8%8A%B1%E8%95%BE,0.0
6,华丽,hua li,huá lì,hua2 li4,magnificent; resplendent; gorgeous,形,https://api.wohuimandarin.com/nls/tts?text=%E5%8D%8E%E4%B8%BD,0.0
6,华侨,hua qiao,huá qiáo,hua2 qiao2,overseas Chinese; Chinese people living abroad,名,https://api.wohuimandarin.com/nls/tts?text=%E5%8D%8E%E4%BE%A8,0.0
6,化肥,hua fei,huà féi,hua4 fei2,chemical fertiliser,名,https://api.wohuimandarin.com/nls/tts?text=%E5%8C%96%E8%82%A5,0.0
6,划分,hua fen,huà fēn,hua4 fen1,divide; partition,动,https://api.wohuimandarin.com/nls/tts?text=%E5%88%92%E5%88%86,0.0
6,画蛇添足,hua she tian zu,huà shé tiān zú,hua4 she2 tian1 zu2,draw a snake and add feet to it,,https://api.wohuimandarin.com/nls/tts?text=%E7%94%BB%E8%9B%87%E6%B7%BB%E8%B6%B3,0.0
6,化石,hua shi,huà shí,hua4 shi2,fossil,名,https://api.wohuimandarin.com/nls/tts?text=%E5%8C%96%E7%9F%B3,0.0
6,话筒,hua tong,huà tǒng,hua4 tong3,microphone; megaphone,名,https://api.wohuimandarin.com/nls/tts?text=%E8%AF%9D%E7%AD%92,0.0
6,化验,hua yan,huà yàn,hua4 yan4,chemical examination; laboratory test,动,https://api.wohuimandarin.com/nls/tts?text=%E5%8C%96%E9%AA%8C,0.0
6,化妆,hua zhuang,huà zhuāng,hua4 zhuang1,make up; apply cosmetics,动,https://api.wohuimandarin.com/nls/tts?text=%E5%8C%96%E5%A6%86,0.0
6,欢乐,huan le,huān lè,huan1 le4,happy; joyous,形,https://api.wohuimandarin.com/nls/tts?text=%E6%AC%A2%E4%B9%90,0.0
6,环节,huan jie,huán jié,huan2 jie2,link; segment,名,https://api.wohuimandarin.com/nls/tts?text=%E7%8E%AF%E8%8A%82,0.0
6,还原,huan yuan,huán yuán,huan2 yuan2,return to the original condition or shape; restore,动,https://api.wohuimandarin.com/nls/tts?text=%E8%BF%98%E5%8E%9F,0.0
6,缓和,huan he,huǎn hé,huan3 he2,relax; calm; ease up,动,https://api.wohuimandarin.com/nls/tts?text=%E7%BC%93%E5%92%8C,0.0
6,患者,huan zhe,huàn zhě,huan4 zhe3,patient; sufferer,名,https://api.wohuimandarin.com/nls/tts?text=%E6%82%A3%E8%80%85,0.0
6,荒凉,huang liang,huāng liáng,huang1 liang2,bleak and desolate; wild,形,https://api.wohuimandarin.com/nls/tts?text=%E8%8D%92%E5%87%89,0.0
6,荒谬,huang miu,huāng miù,huang1 miu4,absurd; preposterous,形,https://api.wohuimandarin.com/nls/tts?text=%E8%8D%92%E8%B0%AC,0.0
6,荒唐,huang tang,huāng táng,huang1 tang2,absurd; fantastic; preposterous,形,https://api.wohuimandarin.com/nls/tts?text=%E8%8D%92%E5%94%90,0.0
6,皇帝,huang di,huáng dì,huang2 di4,emperor,名,https://api.wohuimandarin.com/nls/tts?text=%E7%9A%87%E5%B8%9D,0.0
6,皇后,huang hou,huáng hòu,huang2 hou4,empress,名,https://api.wohuimandarin.com/nls/tts?text=%E7%9A%87%E5%90%8E,0.0
6,黄昏,huang hun,huáng hūn,huang2 hun1,dusk,名,https://api.wohuimandarin.com/nls/tts?text=%E9%BB%84%E6%98%8F,0.0
6,恍然大悟,huang ran da wu,huǎng rán dà wù,huang3 ran2 da4 wu4,be suddenly enlightened,,https://api.wohuimandarin.com/nls/tts?text=%E6%81%8D%E7%84%B6%E5%A4%A7%E6%82%9F,0.0
6,晃,huang,huàng,huang4,to shake,动,https://api.wohuimandarin.com/nls/tts?text=hu%C3%A0ng,0.0
6,辉煌,hui huang,huī huáng,hui1 huang2,splendid; glorious; magnificent,形,https://api.wohuimandarin.com/nls/tts?text=%E8%BE%89%E7%85%8C,0.0
6,挥霍,hui huo,huī huò,hui1 huo4,spend lavishly; squander,动,https://api.wohuimandarin.com/nls/tts?text=%E6%8C%A5%E9%9C%8D,0.0
6,回报,hui bao,huí bào,hui2 bao4,bring back a report,动,https://api.wohuimandarin.com/nls/tts?text=%E5%9B%9E%E6%8A%A5,0.0
6,回避,hui bi,huí bì,hui2 bi4,avoid; dodge; evade,动,https://api.wohuimandarin.com/nls/tts?text=%E5%9B%9E%E9%81%BF,0.0
6,回顾,hui gu,huí gù,hui2 gu4,look back; review; retrospect,动,https://api.wohuimandarin.com/nls/tts?text=%E5%9B%9E%E9%A1%BE,0.0
6,回收,hui shou,huí shōu,hui2 shou1,retrieve; recover; reclaim,动,https://api.wohuimandarin.com/nls/tts?text=%E5%9B%9E%E6%94%B6,0.0
6,悔恨,hui hen,huǐ hèn,hui3 hen4,regret deeply; be bitterly remorseful,动,https://api.wohuimandarin.com/nls/tts?text=%E6%82%94%E6%81%A8,0.0
6,毁灭,hui mie,huǐ miè,hui3 mie4,destroy; exterminate; ruin,动,https://api.wohuimandarin.com/nls/tts?text=%E6%AF%81%E7%81%AD,0.0
6,汇报,hui bao,huì bào,hui4 bao4,report; give an account of,动,https://api.wohuimandarin.com/nls/tts?text=%E6%B1%87%E6%8A%A5,0.0
6,贿赂,hui lu,huì lù,hui4 lu4,bribe; bribery,动,https://api.wohuimandarin.com/nls/tts?text=%E8%B4%BF%E8%B5%82,0.0
6,会晤,hui wu,huì wù,hui4 wu4,meet,动,https://api.wohuimandarin.com/nls/tts?text=%E4%BC%9A%E6%99%A4,0.0
6,荤,hun,hūn,hun1,"non-vegetarian food [meat, fish etc.]",形,https://api.wohuimandarin.com/nls/tts?text=h%C5%ABn,0.0
6,昏迷,hun mi,hūn mí,hun1 mi2,stupor; coma,动,https://api.wohuimandarin.com/nls/tts?text=%E6%98%8F%E8%BF%B7,0.0
6,浑身,hun shen,hún shēn,hun2 shen1,from head to toe; all over,名,https://api.wohuimandarin.com/nls/tts?text=%E6%B5%91%E8%BA%AB,0.0
6,混合,hun he,hùn hé,hun4 he2,mix; blend; mingle,动,https://api.wohuimandarin.com/nls/tts?text=%E6%B7%B7%E5%90%88,0.0
6,混乱,hun luan,hùn luàn,hun4 luan4,confusion,形,https://api.wohuimandarin.com/nls/tts?text=%E6%B7%B7%E4%B9%B1,0.0
6,混淆,hun xiao,hùn xiáo,hun4 xiao2,confound; obscure; blur,动,https://api.wohuimandarin.com/nls/tts?text=%E6%B7%B7%E6%B7%86,0.0
6,混浊,hun zhuo,hùn zhuó,hun4 zhuo2,muddy; turbid,形,https://api.wohuimandarin.com/nls/tts?text=%E6%B7%B7%E6%B5%8A,0.0
6,活该,huo gai,huó gāi,huo2 gai1,deservedly,动,https://api.wohuimandarin.com/nls/tts?text=%E6%B4%BB%E8%AF%A5,0.0
6,活力,huo li,huó lì,huo2 li4,vigour; vitality,名,https://api.wohuimandarin.com/nls/tts?text=%E6%B4%BB%E5%8A%9B,0.0
6,火箭,huo jian,huǒ jiàn,huo3 jian4,rocket; fire arrow,名,https://api.wohuimandarin.com/nls/tts?text=%E7%81%AB%E7%AE%AD,0.0
6,火焰,huo yan,huǒ yàn,huo3 yan4,flame; blaze,名,https://api.wohuimandarin.com/nls/tts?text=%E7%81%AB%E7%84%B0,4.0
6,火药,huo yao,huǒ yào,huo3 yao4,gunpowder,名,https://api.wohuimandarin.com/nls/tts?text=%E7%81%AB%E8%8D%AF,0.0
6,货币,huo bi,huò bì,huo4 bi4,money; currency,名,https://api.wohuimandarin.com/nls/tts?text=%E8%B4%A7%E5%B8%81,0.0
6,倔强,e jiang,jué jiàng,e2 jiang4,unbending,形,https://api.wohuimandarin.com/nls/tts?text=%E5%80%94%E5%BC%BA,0.0
6,基地,ji di,jī dì,ji1 di4,base,名,https://api.wohuimandarin.com/nls/tts?text=%E5%9F%BA%E5%9C%B0,0.0
6,机动,ji dong,jī dòng,ji1 dong4,motor-driven; motorised,形,https://api.wohuimandarin.com/nls/tts?text=%E6%9C%BA%E5%8A%A8,0.0
6,饥饿,ji e,jī è,ji1 e4,hunger; starvation,形,https://api.wohuimandarin.com/nls/tts?text=%E9%A5%A5%E9%A5%BF,0.0
6,激发,ji fa,jī fā,ji1 fa1,arouse; stimulate; stir up,动,https://api.wohuimandarin.com/nls/tts?text=%E6%BF%80%E5%8F%91,0.0
6,机构,ji gou,jī gòu,ji1 gou4,mechanism; organisation; institution,名,https://api.wohuimandarin.com/nls/tts?text=%E6%9C%BA%E6%9E%84,0.0
6,基金,ji jin,jī jīn,ji1 jin1,foundation; fund,名,https://api.wohuimandarin.com/nls/tts?text=%E5%9F%BA%E9%87%91,0.0
6,激励,ji li,jī lì,ji1 li4,encourage; impel; urge,动,https://api.wohuimandarin.com/nls/tts?text=%E6%BF%80%E5%8A%B1,0.0
6,机灵,ji ling,jī ling,ji1 ling5,clever; smart;  intelligent,形,https://api.wohuimandarin.com/nls/tts?text=%E6%9C%BA%E7%81%B5,0.0
6,机密,ji mi,jī mì,ji1 mi4,secret; classified; confidential,形,https://api.wohuimandarin.com/nls/tts?text=%E6%9C%BA%E5%AF%86,0.0
6,激情,ji qing,jī qíng,ji1 qing2,intense emotion; fervour; passion,名,https://api.wohuimandarin.com/nls/tts?text=%E6%BF%80%E6%83%85,0.0
6,讥笑,ji xiao,jī xiào,ji1 xiao4,ridicule; sneer at; deride,动,https://api.wohuimandarin.com/nls/tts?text=%E8%AE%A5%E7%AC%91,0.0
6,机械,ji xie,jī xiè,ji1 xie4,machinery; mechanism; mechanical,名,https://api.wohuimandarin.com/nls/tts?text=%E6%9C%BA%E6%A2%B0,0.0
6,基因,ji yin,jī yīn,ji1 yin1,gene,名,https://api.wohuimandarin.com/nls/tts?text=%E5%9F%BA%E5%9B%A0,0.0
6,机遇,ji yu,jī yù,ji1 yu4,favourable circumstances; opportunity; chance,名,https://api.wohuimandarin.com/nls/tts?text=%E6%9C%BA%E9%81%87,0.0
6,机智,ji zhi,jī zhì,ji1 zhi4,quick-witted; resourceful,形,https://api.wohuimandarin.com/nls/tts?text=%E6%9C%BA%E6%99%BA,0.0
6,即便,ji bian,jí biàn,ji2 bian4,even if; even though,连,https://api.wohuimandarin.com/nls/tts?text=%E5%8D%B3%E4%BE%BF,0.0
6,级别,ji bie,jí bié,ji2 bie2,rank; level; grade,名,https://api.wohuimandarin.com/nls/tts?text=%E7%BA%A7%E5%88%AB,0.0
6,疾病,ji bing,jí bìng,ji2 bing4,disease; illness; sickness,名,https://api.wohuimandarin.com/nls/tts?text=%E7%96%BE%E7%97%85,0.0
6,嫉妒,ji du,jí dù,ji2 du4,be jealous of; envy,动,https://api.wohuimandarin.com/nls/tts?text=%E5%AB%89%E5%A6%92,0.0
6,极端,ji duan,jí duān,ji2 duan1,extremes; exceeding; pole,名/形,https://api.wohuimandarin.com/nls/tts?text=%E6%9E%81%E7%AB%AF,0.0
6,急功近利,ji gong jin li,jí gōng jìn lì,ji2 gong1 jin4 li4,eager for quick success and instant benefits,,https://api.wohuimandarin.com/nls/tts?text=%E6%80%A5%E5%8A%9F%E8%BF%91%E5%88%A9,0.0
6,籍贯,ji guan,jí guàn,ji2 guan4,the place of one's birth,名,https://api.wohuimandarin.com/nls/tts?text=%E7%B1%8D%E8%B4%AF,0.0
6,即将,ji jiang,jí jiāng,ji2 jiang1,be about to; be on the point of,副,https://api.wohuimandarin.com/nls/tts?text=%E5%8D%B3%E5%B0%86,0.0
6,急剧,ji ju,jí jù,ji2 ju4,rapid; sharp; sudden,副,https://api.wohuimandarin.com/nls/tts?text=%E6%80%A5%E5%89%A7,0.0
6,急切,ji qie,jí qiè,ji2 qie4,eager;urgent; imperative,形,https://api.wohuimandarin.com/nls/tts?text=%E6%80%A5%E5%88%87,0.0
6,集团,ji tuan,jí tuán,ji2 tuan2,group; clique; circle,名,https://api.wohuimandarin.com/nls/tts?text=%E9%9B%86%E5%9B%A2,0.0
6,极限,ji xian,jí xiàn,ji2 xian4,limit; the maximum; the ultimate,名/形,https://api.wohuimandarin.com/nls/tts?text=%E6%9E%81%E9%99%90,0.0
6,吉祥,ji xiang,jí xiáng,ji2 xiang2,lucky; auspicious; propitious,形,https://api.wohuimandarin.com/nls/tts?text=%E5%90%89%E7%A5%A5,0.0
6,急于求成,ji yu qiu cheng,jí yú qiú chéng,ji2 yu2 qiu2 cheng2,be anxious for success,,https://api.wohuimandarin.com/nls/tts?text=%E6%80%A5%E4%BA%8E%E6%B1%82%E6%88%90,0.0
6,及早,ji zao,jí zǎo,ji2 zao3,at an early date; as soon as possible; before it is too late,副,https://api.wohuimandarin.com/nls/tts?text=%E5%8F%8A%E6%97%A9,0.0
6,急躁,ji zao,jí zào,ji2 zao4,irritable; irascible; testy,形,https://api.wohuimandarin.com/nls/tts?text=%E6%80%A5%E8%BA%81,0.0
6,给予,ji yu,jǐ yǔ,ji3 yu3,rendition,动,https://api.wohuimandarin.com/nls/tts?text=%E7%BB%99%E4%BA%88,0.0
6,继承,ji cheng,jì chéng,ji4 cheng2,inherit; succeed; carry on,动,https://api.wohuimandarin.com/nls/tts?text=%E7%BB%A7%E6%89%BF,0.0
6,季度,ji du,jì dù,ji4 du4,quarter,名,https://api.wohuimandarin.com/nls/tts?text=%E5%AD%A3%E5%BA%A6,0.0
6,忌讳,ji hui,jì huì,ji4 hui4,taboo,动,https://api.wohuimandarin.com/nls/tts?text=%E5%BF%8C%E8%AE%B3,0.0
6,计较,ji jiao,jì jiào,ji4 jiao4,bother about; haggle over,动,https://api.wohuimandarin.com/nls/tts?text=%E8%AE%A1%E8%BE%83,0.0
6,寂静,ji jing,jì jìng,ji4 jing4,quiet; still; silent,形,https://api.wohuimandarin.com/nls/tts?text=%E5%AF%82%E9%9D%99,0.0
6,季军,ji jun,jì jūn,ji4 jun1,third place,名,https://api.wohuimandarin.com/nls/tts?text=%E5%AD%A3%E5%86%9B,0.0
6,技巧,ji qiao,jì qiǎo,ji4 qiao3,skill; technique,名,https://api.wohuimandarin.com/nls/tts?text=%E6%8A%80%E5%B7%A7,0.0
6,寄托,ji tuo,jì tuō,ji4 tuo1,entrust to the care of somebody; leave with somebody,动,https://api.wohuimandarin.com/nls/tts?text=%E5%AF%84%E6%89%98,0.0
6,迹象,ji xiang,jì xiàng,ji4 xiang4,sign; token; indication,名,https://api.wohuimandarin.com/nls/tts?text=%E8%BF%B9%E8%B1%A1,0.0
6,记性,ji xing,jì xing,ji4 xing5,memory,名,https://api.wohuimandarin.com/nls/tts?text=%E8%AE%B0%E6%80%A7,0.0
6,纪要,ji yao,jì yào,ji4 yao4,summary; minutes,名,https://api.wohuimandarin.com/nls/tts?text=%E7%BA%AA%E8%A6%81,0.0
6,记载,ji zai,jì zǎi,ji4 zai3,put down in writing; record,动,https://api.wohuimandarin.com/nls/tts?text=%E8%AE%B0%E8%BD%BD,0.0
6,家常,jia chang,jiā cháng,jia1 chang2,the daily life of a family,名,https://api.wohuimandarin.com/nls/tts?text=%E5%AE%B6%E5%B8%B8,0.0
6,加工,jia gong,jiā gōng,jia1 gong1,process; machining; handling,动,https://api.wohuimandarin.com/nls/tts?text=%E5%8A%A0%E5%B7%A5,0.0
6,家伙,jia huo,jiā huo,jia1 huo5,tool; utensil; livestock,名,https://api.wohuimandarin.com/nls/tts?text=%E5%AE%B6%E4%BC%99,0.0
6,加剧,jia ju,jiā jù,jia1 ju4,aggravate; intensify; exacerbate,动,https://api.wohuimandarin.com/nls/tts?text=%E5%8A%A0%E5%89%A7,0.0
6,家属,jia shu,jiā shǔ,jia1 shu3,family members; dependents,名,https://api.wohuimandarin.com/nls/tts?text=%E5%AE%B6%E5%B1%9E,0.0
6,佳肴,jia yao,jiā yáo,jia1 yao2,delicacies,名,https://api.wohuimandarin.com/nls/tts?text=%E4%BD%B3%E8%82%B4,0.0
6,家喻户晓,jia yu hu xiao,jiā yù hù xiǎo,jia1 yu4 hu4 xiao3,make known to every family; be known by one and all,,https://api.wohuimandarin.com/nls/tts?text=%E5%AE%B6%E5%96%BB%E6%88%B7%E6%99%93,0.0
6,夹杂,jia za,jiā zá,jia1 za2,be mixed up with,动,https://api.wohuimandarin.com/nls/tts?text=%E5%A4%B9%E6%9D%82,0.0
6,煎,jian,jiān,jian1,pan fry; fry in shallow oil,动,https://api.wohuimandarin.com/nls/tts?text=ji%C4%81n,0.0
6,坚定,jian ding,jiān dìng,jian1 ding4,firm; staunch; steadfast,形,https://api.wohuimandarin.com/nls/tts?text=%E5%9D%9A%E5%AE%9A,0.0
6,监督,jian du,jiān dū,jian1 du1,supervise; control; monitor,动,https://api.wohuimandarin.com/nls/tts?text=%E7%9B%91%E7%9D%A3,0.0
6,尖端,jian duan,jiān duān,jian1 duan1,pointed end; nib,形,https://api.wohuimandarin.com/nls/tts?text=%E5%B0%96%E7%AB%AF,0.0
6,坚固,jian gu,jiān gù,jian1 gu4,firm; solid; sturdy,形,https://api.wohuimandarin.com/nls/tts?text=%E5%9D%9A%E5%9B%BA,0.0
6,艰难,jian nan,jiān nán,jian1 nan2,difficult; hard; arduous,形,https://api.wohuimandarin.com/nls/tts?text=%E8%89%B0%E9%9A%BE,0.0
6,坚韧,jian ren,jiān rèn,jian1 ren4,tough and tensile; firm and tenacious,形,https://api.wohuimandarin.com/nls/tts?text=%E5%9D%9A%E9%9F%A7,0.0
6,尖锐,jian rui,jiān ruì,jian1 rui4,acute; penetrating; incisive,形,https://api.wohuimandarin.com/nls/tts?text=%E5%B0%96%E9%94%90,0.0
6,坚实,jian shi,jiān shí,jian1 shi2,solid; substantial; staunch,形,https://api.wohuimandarin.com/nls/tts?text=%E5%9D%9A%E5%AE%9E,0.0
6,监视,jian shi,jiān shì,jian1 shi4,keep watch over; guard; monitor,动,https://api.wohuimandarin.com/nls/tts?text=%E7%9B%91%E8%A7%86,0.0
6,坚硬,jian ying,jiān yìng,jian1 ying4,hard; solid; rigidity,形,https://api.wohuimandarin.com/nls/tts?text=%E5%9D%9A%E7%A1%AC,0.0
6,监狱,jian yu,jiān yù,jian1 yu4,prison; jail,名,https://api.wohuimandarin.com/nls/tts?text=%E7%9B%91%E7%8B%B1,0.0
6,拣,jian,jiǎn,jian3,choose; select; pick out,动,https://api.wohuimandarin.com/nls/tts?text=ji%C7%8En,0.0
6,剪彩,jian cai,jiǎn cǎi,jian3 cai3,cut the ribbon at an opening ceremony,动,https://api.wohuimandarin.com/nls/tts?text=%E5%89%AA%E5%BD%A9,0.0
6,简化,jian hua,jiǎn huà,jian3 hua4,simplify,动,https://api.wohuimandarin.com/nls/tts?text=%E7%AE%80%E5%8C%96,0.0
6,简陋,jian lou,jiǎn lòu,jian3 lou4,simple and crude,形,https://api.wohuimandarin.com/nls/tts?text=%E7%AE%80%E9%99%8B,0.0
6,检讨,jian tao,jiǎn tǎo,jian3 tao3,self-criticism,动,https://api.wohuimandarin.com/nls/tts?text=%E6%A3%80%E8%AE%A8,0.0
6,简体字,jian ti zi,jiǎn tǐ zì,jian3 ti3 zi4,simplified Chinese character,名,https://api.wohuimandarin.com/nls/tts?text=%E7%AE%80%E4%BD%93%E5%AD%97,0.0
6,检验,jian yan,jiǎn yàn,jian3 yan4,checkout; examine; inspect,动,https://api.wohuimandarin.com/nls/tts?text=%E6%A3%80%E9%AA%8C,0.0
6,简要,jian yao,jiǎn yào,jian3 yao4,concise and to the point; brief,名,https://api.wohuimandarin.com/nls/tts?text=%E7%AE%80%E8%A6%81,0.0
6,溅,jian,jiàn,jian4,splash; spatter,动,https://api.wohuimandarin.com/nls/tts?text=ji%C3%A0n,0.0
6,剑,jian,jiàn,jian4,double-edged sword,名,https://api.wohuimandarin.com/nls/tts?text=ji%C3%A0n,5.0
6,鉴别,jian bie,jiàn bié,jian4 bie2,distinguish; discriminate; discern,动,https://api.wohuimandarin.com/nls/tts?text=%E9%89%B4%E5%88%AB,0.0
6,间谍,jian die,jiàn dié,jian4 die2,spy; secret agent,名,https://api.wohuimandarin.com/nls/tts?text=%E9%97%B4%E8%B0%8D,0.0
6,鉴定,jian ding,jiàn dìng,jian4 ding4,appraise; identify; authenticate,动,https://api.wohuimandarin.com/nls/tts?text=%E9%89%B4%E5%AE%9A,0.0
6,见多识广,jian duo shi guang,jiàn duō shí guǎng,jian4 duo1 shi2 guang3,have great experience,,https://api.wohuimandarin.com/nls/tts?text=%E8%A7%81%E5%A4%9A%E8%AF%86%E5%B9%BF,0.0
6,间隔,jian ge,jiàn gé,jian4 ge2,interval; space,动/名,https://api.wohuimandarin.com/nls/tts?text=%E9%97%B4%E9%9A%94,0.0
6,间接,jian jie,jiàn jiē,jian4 jie1,secondhand; indirect,形,https://api.wohuimandarin.com/nls/tts?text=%E9%97%B4%E6%8E%A5,0.0
6,见解,jian jie,jiàn jiě,jian4 jie3,view; opinion; understanding,名,https://api.wohuimandarin.com/nls/tts?text=%E8%A7%81%E8%A7%A3,0.0
6,健全,jian quan,jiàn quán,jian4 quan2,sound; sane; perfect,形,https://api.wohuimandarin.com/nls/tts?text=%E5%81%A5%E5%85%A8,0.0
6,践踏,jian ta,jiàn tà,jian4 ta4,tread on; trample underfoot,动,https://api.wohuimandarin.com/nls/tts?text=%E8%B7%B5%E8%B8%8F,0.0
6,舰艇,jian ting,jiàn tǐng,jian4 ting3,naval craft,名,https://api.wohuimandarin.com/nls/tts?text=%E8%88%B0%E8%89%87,0.0
6,见闻,jian wen,jiàn wén,jian4 wen2,what one sees and hears,名,https://api.wohuimandarin.com/nls/tts?text=%E8%A7%81%E9%97%BB,0.0
6,见义勇为,jian yi yong wei,jiàn yì yǒng wéi,jian4 yi4 yong3 wei2,act bravely for a just cause,形,https://api.wohuimandarin.com/nls/tts?text=%E8%A7%81%E4%B9%89%E5%8B%87%E4%B8%BA,0.0
6,鉴于,jian yu,jiàn yú,jian4 yu2,in view of; in the light of; seeing that,介,https://api.wohuimandarin.com/nls/tts?text=%E9%89%B4%E4%BA%8E,0.0
6,将近,jiang jin,jiāng jìn,jiang1 jin4,be close to; almost; nearby,副,https://api.wohuimandarin.com/nls/tts?text=%E5%B0%86%E8%BF%91,0.0
6,将就,jiang jiu,jiāng jiu,jiang1 jiu0,to put up with,动,https://api.wohuimandarin.com/nls/tts?text=%E5%B0%86%E5%B0%B1,0.0
6,将军,jiang jun,jiāng jūn,jiang1 jun1,general; admiral,名,https://api.wohuimandarin.com/nls/tts?text=%E5%B0%86%E5%86%9B,0.0
6,僵硬,jiang ying,jiāng yìng,jiang1 ying4,stiff; rigid; inflexible,形,https://api.wohuimandarin.com/nls/tts?text=%E5%83%B5%E7%A1%AC,0.0
6,桨,jiang,jiǎng,jiang3,oar; paddle; propeller,名,https://api.wohuimandarin.com/nls/tts?text=ji%C7%8Eng,0.0
6,奖励,jiang li,jiǎng lì,jiang3 li4,encourage and reward; award; reward,动,https://api.wohuimandarin.com/nls/tts?text=%E5%A5%96%E5%8A%B1,0.0
6,奖赏,jiang shang,jiǎng shǎng,jiang3 shang3,award; reward,动,https://api.wohuimandarin.com/nls/tts?text=%E5%A5%96%E8%B5%8F,0.0
6,降临,jiang lin,jiàng lín,jiang4 lin2,befall; arrive,动,https://api.wohuimandarin.com/nls/tts?text=%E9%99%8D%E4%B8%B4,0.0
6,交叉,jiao cha,jiāo chā,jiao1 cha1,intersect; cross,动,https://api.wohuimandarin.com/nls/tts?text=%E4%BA%A4%E5%8F%89,0.0
6,交代,jiao dai,jiāo dài,jiao1 dai4,hand over; transfer,动,https://api.wohuimandarin.com/nls/tts?text=%E4%BA%A4%E4%BB%A3,0.0
6,焦点,jiao dian,jiāo diǎn,jiao1 dian3,focal point; central issue,名,https://api.wohuimandarin.com/nls/tts?text=%E7%84%A6%E7%82%B9,0.0
6,焦急,jiao ji,jiāo jí,jiao1 ji2,anxious; worried,形,https://api.wohuimandarin.com/nls/tts?text=%E7%84%A6%E6%80%A5,0.0
6,娇气,jiao qi,jiāo qì,jiao1 qi4,squeamish; finicky,形,https://api.wohuimandarin.com/nls/tts?text=%E5%A8%87%E6%B0%94,0.0
6,交涉,jiao she,jiāo shè,jiao1 she4,negotiate,动,https://api.wohuimandarin.com/nls/tts?text=%E4%BA%A4%E6%B6%89,0.0
6,交易,jiao yi,jiāo yì,jiao1 yi4,business; deal,动,https://api.wohuimandarin.com/nls/tts?text=%E4%BA%A4%E6%98%93,0.0
6,搅拌,jiao ban,jiǎo bàn,jiao3 ban4,stir; whip; agitate,动,https://api.wohuimandarin.com/nls/tts?text=%E6%90%85%E6%8B%8C,0.0
6,角落,jiao luo,jiǎo luò,jiao3 luo4,corner; nook; secluded place,名,https://api.wohuimandarin.com/nls/tts?text=%E8%A7%92%E8%90%BD,0.0
6,缴纳,jiao na,jiǎo nà,jiao3 na4,pay (taxes; fine etc),动,https://api.wohuimandarin.com/nls/tts?text=%E7%BC%B4%E7%BA%B3,0.0
6,侥幸,jiao xing,jiǎo xìng,jiao3 xing4,luckily,副,https://api.wohuimandarin.com/nls/tts?text=%E4%BE%A5%E5%B9%B8,0.0
6,较量,jiao liang,jiào liàng,jiao4 liang4,measure one's strength with; have a contest,动,https://api.wohuimandarin.com/nls/tts?text=%E8%BE%83%E9%87%8F,0.0
6,教养,jiao yang,jiào yǎng,jiao4 yang3,bring up; train; educate,名,https://api.wohuimandarin.com/nls/tts?text=%E6%95%99%E5%85%BB,0.0
6,皆,jie,jiē,jie1,all; each and every,副,https://api.wohuimandarin.com/nls/tts?text=ji%C4%93,0.0
6,阶层,jie ceng,jiē céng,jie1 ceng2,section; rank; stratum,名,https://api.wohuimandarin.com/nls/tts?text=%E9%98%B6%E5%B1%82,0.0
6,接连,jie lian,jiē lián,jie1 lian2,in a row; in succession,副,https://api.wohuimandarin.com/nls/tts?text=%E6%8E%A5%E8%BF%9E,0.0
6,揭露,jie lu,jiē lù,jie1 lu4,expose,动,https://api.wohuimandarin.com/nls/tts?text=%E6%8F%AD%E9%9C%B2,0.0
6,杰出,jie chu,jié chū,jie2 chu1,outstanding; distinguished; prominent,形,https://api.wohuimandarin.com/nls/tts?text=%E6%9D%B0%E5%87%BA,0.0
6,竭尽全力,jie jin quan li,jié jìn quán lì,jie2 jin4 quan2 li4,strain every nerve; do all in one's power; do everything one can,,https://api.wohuimandarin.com/nls/tts?text=%E7%AB%AD%E5%B0%BD%E5%85%A8%E5%8A%9B,0.0
6,结晶,jie jing,jié jīng,jie2 jing1,crystallise; fruit,名,https://api.wohuimandarin.com/nls/tts?text=%E7%BB%93%E6%99%B6,0.0
6,结局,jie ju,jié jú,jie2 ju2,final result; outcome; ending,名,https://api.wohuimandarin.com/nls/tts?text=%E7%BB%93%E5%B1%80,0.0
6,结算,jie suan,jié suàn,jie2 suan4,settle accounts; close an account,动,https://api.wohuimandarin.com/nls/tts?text=%E7%BB%93%E7%AE%97,0.0
6,截止,jie zhi,jié zhǐ,jie2 zhi3,to put a stop to something,动,https://api.wohuimandarin.com/nls/tts?text=%E6%88%AA%E6%AD%A2,0.0
6,截至,jie zhi,jié zhì,jie2 zhi4,by; up to; as of,动,https://api.wohuimandarin.com/nls/tts?text=%E6%88%AA%E8%87%B3,0.0
6,节制,jie zhi,jié zhì,jie2 zhi4,to control,动,https://api.wohuimandarin.com/nls/tts?text=%E8%8A%82%E5%88%B6,0.0
6,节奏,jie zou,jié zòu,jie2 zou4,rhythm,名,https://api.wohuimandarin.com/nls/tts?text=%E8%8A%82%E5%A5%8F,0.0
6,解除,jie chu,jiě chú,jie3 chu2,remove; get rid of,动,https://api.wohuimandarin.com/nls/tts?text=%E8%A7%A3%E9%99%A4,0.0
6,解放,jie fang,jiě fàng,jie3 fang4,to liberate; emancipate,动,https://api.wohuimandarin.com/nls/tts?text=%E8%A7%A3%E6%94%BE,0.0
6,解雇,jie gu,jiě gù,jie3 gu4,dismiss; fire; lay off,动,https://api.wohuimandarin.com/nls/tts?text=%E8%A7%A3%E9%9B%87,0.0
6,解剖,jie pou,jiě pōu,jie3 pou1,dissect; anatomy,动,https://api.wohuimandarin.com/nls/tts?text=%E8%A7%A3%E5%89%96,0.0
6,解散,jie san,jiě sàn,jie3 san4,dismiss,动,https://api.wohuimandarin.com/nls/tts?text=%E8%A7%A3%E6%95%A3,0.0
6,解体,jie ti,jiě tǐ,jie3 ti3,disintegrate; break up; dismantle,动,https://api.wohuimandarin.com/nls/tts?text=%E8%A7%A3%E4%BD%93,0.0
6,戒备,jie bei,jiè bèi,jie4 bei4,guard; take precautions; be on the alert,动,https://api.wohuimandarin.com/nls/tts?text=%E6%88%92%E5%A4%87,0.0
6,借鉴,jie jian,jiè jiàn,jie4 jian4,use for reference; draw lessons from; draw on the experience of,动,https://api.wohuimandarin.com/nls/tts?text=%E5%80%9F%E9%89%B4,0.0
6,界限,jie xian,jiè xiàn,jie4 xian4,dividing line; limits; bounds,名,https://api.wohuimandarin.com/nls/tts?text=%E7%95%8C%E9%99%90,0.0
6,借助,jie zhu,jiè zhù,jie4 zhu4,draw support from; with the help of,动,https://api.wohuimandarin.com/nls/tts?text=%E5%80%9F%E5%8A%A9,0.0
6,津津有味,jin jin you wei,jīn jīn yǒu wèi,jin1 jin1 you3 wei4,eat with a gusto; find very interesting,,https://api.wohuimandarin.com/nls/tts?text=%E6%B4%A5%E6%B4%A5%E6%9C%89%E5%91%B3,0.0
6,金融,jin rong,jīn róng,jin1 rong2,finance; banking,名,https://api.wohuimandarin.com/nls/tts?text=%E9%87%91%E8%9E%8D,0.0
6,紧迫,jin po,jǐn pò,jin3 po4,urgent; pressing; imminent,形,https://api.wohuimandarin.com/nls/tts?text=%E7%B4%A7%E8%BF%AB,0.0
6,锦上添花,jin shang tian hua,jǐn shàng tiān huā,jin3 shang4 tian1 hua1,"[lit.] onto brocade, add flowers; to add to something that is already perfect [idiom]",,https://api.wohuimandarin.com/nls/tts?text=%E9%94%A6%E4%B8%8A%E6%B7%BB%E8%8A%B1,0.0
6,进而,jin er,jìn ér,jin4 er2,and then,连,https://api.wohuimandarin.com/nls/tts?text=%E8%BF%9B%E8%80%8C,0.0
6,进攻,jin gong,jìn gōng,jin4 gong1,attack; assault; offensive,动,https://api.wohuimandarin.com/nls/tts?text=%E8%BF%9B%E6%94%BB,0.0
6,进化,jin hua,jìn huà,jin4 hua4,evolution,动,https://api.wohuimandarin.com/nls/tts?text=%E8%BF%9B%E5%8C%96,0.0
6,近来,jin lai,jìn lái,jin4 lai2,recently; lately,名,https://api.wohuimandarin.com/nls/tts?text=%E8%BF%91%E6%9D%A5,0.0
6,浸泡,jin pao,jìn pào,jin4 pao4,soak; bath; immerse,动,https://api.wohuimandarin.com/nls/tts?text=%E6%B5%B8%E6%B3%A1,0.0
6,晋升,jin sheng,jìn shēng,jin4 sheng1,promote to a higher office,动,https://api.wohuimandarin.com/nls/tts?text=%E6%99%8B%E5%8D%87,0.0
6,进展,jin zhan,jìn zhǎn,jin4 zhan3,evolve; make headway,名,https://api.wohuimandarin.com/nls/tts?text=%E8%BF%9B%E5%B1%95,0.0
6,茎,jing,jīng,jing1,stem; stalk,名,https://api.wohuimandarin.com/nls/tts?text=j%C4%ABng,0.0
6,精打细算,jing da xi suan,jīng dǎ xì suàn,jing1 da3 xi4 suan4,calculate very carefully; budget strictly,,https://api.wohuimandarin.com/nls/tts?text=%E7%B2%BE%E6%89%93%E7%BB%86%E7%AE%97,0.0
6,惊动,jing dong,jīng dòng,jing1 dong4,startle; alarm; shock,动,https://api.wohuimandarin.com/nls/tts?text=%E6%83%8A%E5%8A%A8,0.0
6,经费,jing fei,jīng fèi,jing1 fei4,funds; outlay,名,https://api.wohuimandarin.com/nls/tts?text=%E7%BB%8F%E8%B4%B9,0.0
6,精华,jing hua,jīng huá,jing1 hua2,essence; best feature; soul,名,https://api.wohuimandarin.com/nls/tts?text=%E7%B2%BE%E5%8D%8E,0.0
6,精简,jing jian,jīng jiǎn,jing1 jian3,simplify; cut; reduce,动,https://api.wohuimandarin.com/nls/tts?text=%E7%B2%BE%E7%AE%80,0.0
6,兢兢业业,jing jing ye ye,jīng jīng yè yè,jing1 jing1 ye4 ye4,be conscientious and do one's best,,https://api.wohuimandarin.com/nls/tts?text=%E5%85%A2%E5%85%A2%E4%B8%9A%E4%B8%9A,0.0
6,精密,jing mi,jīng mì,jing1 mi4,precise; accurate,形,https://api.wohuimandarin.com/nls/tts?text=%E7%B2%BE%E5%AF%86,0.0
6,惊奇,jing qi,jīng qí,jing1 qi2,wonder; be surprised; be amazed,形,https://api.wohuimandarin.com/nls/tts?text=%E6%83%8A%E5%A5%87,0.0
6,精确,jing que,jīng què,jing1 que4,accurate; exact; precise,形,https://api.wohuimandarin.com/nls/tts?text=%E7%B2%BE%E7%A1%AE,0.0
6,精通,jing tong,jīng tōng,jing1 tong1,be proficient in; have a good command of; master,动,https://api.wohuimandarin.com/nls/tts?text=%E7%B2%BE%E9%80%9A,0.0
6,经纬,jing wei,jīng wěi,jing1 wei3,longitude and latitude; logical planning; state of affairs; manage,名,https://api.wohuimandarin.com/nls/tts?text=%E7%BB%8F%E7%BA%AC,0.0
6,精心,jing xin,jīng xīn,jing1 xin1,meticulously; painstakingly,副,https://api.wohuimandarin.com/nls/tts?text=%E7%B2%BE%E5%BF%83,0.0
6,惊讶,jing ya,jīng yà,jing1 ya4,surprised; amazed; astonished,形,https://api.wohuimandarin.com/nls/tts?text=%E6%83%8A%E8%AE%B6,0.0
6,精益求精,jing yi qiu jing,jīng yì qiú jīng,jing1 yi4 qiu2 jing1,constantly striving for perfection,,https://api.wohuimandarin.com/nls/tts?text=%E7%B2%BE%E7%9B%8A%E6%B1%82%E7%B2%BE,0.0
6,精致,jing zhi,jīng zhì,jing1 zhi4,fine; exquisite; delicate,形,https://api.wohuimandarin.com/nls/tts?text=%E7%B2%BE%E8%87%B4,0.0
6,井,jing,jǐng,jing3,well (for drawing water),名,https://api.wohuimandarin.com/nls/tts?text=j%C7%90ng,0.0
6,警告,jing gao,jǐng gào,jing3 gao4,warn; caution; admonish,动,https://api.wohuimandarin.com/nls/tts?text=%E8%AD%A6%E5%91%8A,0.0
6,警惕,jing ti,jǐng tì,jing3 ti4,be on guard against; watch out for,动,https://api.wohuimandarin.com/nls/tts?text=%E8%AD%A6%E6%83%95,0.0
6,颈椎,jing zhui,jǐng zhuī,jing3 zhui1,cervical vertebra [bones in the neck],名,https://api.wohuimandarin.com/nls/tts?text=%E9%A2%88%E6%A4%8E,0.0
6,境界,jing jie,jìng jiè,jing4 jie4,boundary; extent reached,名,https://api.wohuimandarin.com/nls/tts?text=%E5%A2%83%E7%95%8C,0.0
6,敬礼,jing li,jìng lǐ,jing4 li3,salute; extend one's greetings,动,https://api.wohuimandarin.com/nls/tts?text=%E6%95%AC%E7%A4%BC,0.0
6,竞赛,jing sai,jìng sài,jing4 sai4,contest; competition; race,动,https://api.wohuimandarin.com/nls/tts?text=%E7%AB%9E%E8%B5%9B,0.0
6,镜头,jing tou,jìng tóu,jing4 tou2,camera lens,名,https://api.wohuimandarin.com/nls/tts?text=%E9%95%9C%E5%A4%B4,0.0
6,竞选,jing xuan,jìng xuǎn,jing4 xuan3,enter into an election contest; campaign for; run for,动,https://api.wohuimandarin.com/nls/tts?text=%E7%AB%9E%E9%80%89,0.0
6,敬业,jing ye,jìng yè,jing4 ye4,to be dedicated to one's work,动,https://api.wohuimandarin.com/nls/tts?text=%E6%95%AC%E4%B8%9A,0.0
6,纠纷,jiu fen,jiū fēn,jiu1 fen1,dispute; issue,名,https://api.wohuimandarin.com/nls/tts?text=%E7%BA%A0%E7%BA%B7,0.0
6,纠正,jiu zheng,jiū zhèng,jiu1 zheng4,correct; put right; redress,动,https://api.wohuimandarin.com/nls/tts?text=%E7%BA%A0%E6%AD%A3,0.0
6,酒精,jiu jing,jiǔ jīng,jiu3 jing1,alcohol,名,https://api.wohuimandarin.com/nls/tts?text=%E9%85%92%E7%B2%BE,0.0
6,救济,jiu ji,jiù jì,jiu4 ji4,relief; succour,动,https://api.wohuimandarin.com/nls/tts?text=%E6%95%91%E6%B5%8E,0.0
6,就近,jiu jin,jiù jìn,jiu4 jin4,nearby; in the neighbourhood; without having to go far,副,https://api.wohuimandarin.com/nls/tts?text=%E5%B0%B1%E8%BF%91,0.0
6,就业,jiu ye,jiù yè,jiu4 ye4,obtain employment; get a job,动,https://api.wohuimandarin.com/nls/tts?text=%E5%B0%B1%E4%B8%9A,0.0
6,就职,jiu zhi,jiù zhí,jiu4 zhi2,assume office,动,https://api.wohuimandarin.com/nls/tts?text=%E5%B0%B1%E8%81%8C,0.0
6,鞠躬,ju gong,jū gōng,ju1 gong1,bow,动,https://api.wohuimandarin.com/nls/tts?text=%E9%9E%A0%E8%BA%AC,0.0
6,拘留,ju liu,jū liú,ju1 liu2,detain; hold in custody; intern,动,https://api.wohuimandarin.com/nls/tts?text=%E6%8B%98%E7%95%99,0.0
6,居民,ju min,jū mín,ju1 min2,resident,名,https://api.wohuimandarin.com/nls/tts?text=%E5%B1%85%E6%B0%91,0.0
6,拘束,ju shu,jū shù,ju1 shu4,restrain; restrict,形,https://api.wohuimandarin.com/nls/tts?text=%E6%8B%98%E6%9D%9F,0.0
6,居住,ju zhu,jū zhù,ju1 zhu4,live; reside; dwell,动,https://api.wohuimandarin.com/nls/tts?text=%E5%B1%85%E4%BD%8F,0.0
6,局部,ju bu,jú bù,ju2 bu4,part; locality,名,https://api.wohuimandarin.com/nls/tts?text=%E5%B1%80%E9%83%A8,0.0
6,局面,ju mian,jú miàn,ju2 mian4,aspect; phase; situation,名,https://api.wohuimandarin.com/nls/tts?text=%E5%B1%80%E9%9D%A2,0.0
6,局势,ju shi,jú shì,ju2 shi4,situation,名,https://api.wohuimandarin.com/nls/tts?text=%E5%B1%80%E5%8A%BF,0.0
6,局限,ju xian,jú xiàn,ju2 xian4,limit; confine; localisation,动,https://api.wohuimandarin.com/nls/tts?text=%E5%B1%80%E9%99%90,0.0
6,举动,ju dong,jǔ dòng,ju3 dong4,movement; activity,动,https://api.wohuimandarin.com/nls/tts?text=%E4%B8%BE%E5%8A%A8,0.0
6,咀嚼,ju jue,jǔ jué,ju3 jue2,chew; mull over,动,https://api.wohuimandarin.com/nls/tts?text=%E5%92%80%E5%9A%BC,0.0
6,沮丧,ju sang,jǔ sàng,ju3 sang4,dispirited; dejected; disheartened,形,https://api.wohuimandarin.com/nls/tts?text=%E6%B2%AE%E4%B8%A7,0.0
6,举世瞩目,ju shi zhu mu,jǔ shì zhǔ mù,ju3 shi4 zhu3 mu4,attract worldwide attention,,https://api.wohuimandarin.com/nls/tts?text=%E4%B8%BE%E4%B8%96%E7%9E%A9%E7%9B%AE,0.0
6,举足轻重,ju zu qing zhong,jǔ zú qīng zhòng,ju3 zu2 qing1 zhong4,play a decisive role; hold the balance of power,,https://api.wohuimandarin.com/nls/tts?text=%E4%B8%BE%E8%B6%B3%E8%BD%BB%E9%87%8D,0.0
6,剧本,ju ben,jù běn,ju4 ben3,play; script,名,https://api.wohuimandarin.com/nls/tts?text=%E5%89%A7%E6%9C%AC,0.0
6,聚精会神,ju jing hui shen,jù jīng huì shén,ju4 jing1 hui4 shen2,concentrate one's attention on; be absorbed,,https://api.wohuimandarin.com/nls/tts?text=%E8%81%9A%E7%B2%BE%E4%BC%9A%E7%A5%9E,0.0
6,剧烈,ju lie,jù liè,ju4 lie4,violent; acute; severe,形,https://api.wohuimandarin.com/nls/tts?text=%E5%89%A7%E7%83%88,0.0
6,据悉,ju xi,jù xī,ju4 xi1,it is reported; by report,动,https://api.wohuimandarin.com/nls/tts?text=%E6%8D%AE%E6%82%89,0.0
6,卷,juan,juǎn,juan3,roll; examination paper,量,https://api.wohuimandarin.com/nls/tts?text=ju%C7%8En,0.0
6,决策,jue ce,jué cè,jue2 ce4,make a strategic decision; decide a policy,动,https://api.wohuimandarin.com/nls/tts?text=%E5%86%B3%E7%AD%96,0.0
6,绝望,jue wang,jué wàng,jue2 wang4,give up all hope; despair,动,https://api.wohuimandarin.com/nls/tts?text=%E7%BB%9D%E6%9C%9B,0.0
6,觉悟,jue wu,jué wù,jue2 wu4,consciousness; awareness; understanding,名/动,https://api.wohuimandarin.com/nls/tts?text=%E8%A7%89%E6%82%9F,0.0
6,觉醒,jue xing,jué xǐng,jue2 xing3,awaken,动,https://api.wohuimandarin.com/nls/tts?text=%E8%A7%89%E9%86%92,0.0
6,军队,jun dui,jūn duì,jun1 dui4,armed forces; troops,名,https://api.wohuimandarin.com/nls/tts?text=%E5%86%9B%E9%98%9F,0.0
6,君子,jun zi,jūn zǐ,jun1 zi3,gentleman,名,https://api.wohuimandarin.com/nls/tts?text=%E5%90%9B%E5%AD%90,0.0
6,卡通,ka tong,kǎ tōng,ka3 tong1,cartoon,名,https://api.wohuimandarin.com/nls/tts?text=%E5%8D%A1%E9%80%9A,0.0
6,开采,kai cai,kāi cǎi,kai1 cai3,mine; extract; exploit,动,https://api.wohuimandarin.com/nls/tts?text=%E5%BC%80%E9%87%87,0.0
6,开除,kai chu,kāi chú,kai1 chu2,expel; discharge; dismiss,动,https://api.wohuimandarin.com/nls/tts?text=%E5%BC%80%E9%99%A4,0.0
6,开阔,kai kuo,kāi kuò,kai1 kuo4,open; tolerant; generous in thoughts,形,https://api.wohuimandarin.com/nls/tts?text=%E5%BC%80%E9%98%94,0.0
6,开朗,kai lang,kāi lǎng,kai1 lang3,open and clear,形,https://api.wohuimandarin.com/nls/tts?text=%E5%BC%80%E6%9C%97,0.0
6,开明,kai ming,kāi míng,kai1 ming2,enlightened; liberal; open-minded,形,https://api.wohuimandarin.com/nls/tts?text=%E5%BC%80%E6%98%8E,0.0
6,开辟,kai pi,kāi pì,kai1 pi4,open up; hew out,动,https://api.wohuimandarin.com/nls/tts?text=%E5%BC%80%E8%BE%9F,0.0
6,开拓,kai tuo,kāi tuò,kai1 tuo4,open up; reclaim; extension,动,https://api.wohuimandarin.com/nls/tts?text=%E5%BC%80%E6%8B%93,0.0
6,开展,kai zhan,kāi zhǎn,kai1 zhan3,develop; launch; unfold,动,https://api.wohuimandarin.com/nls/tts?text=%E5%BC%80%E5%B1%95,0.0
6,开支,kai zhi,kāi zhī,kai1 zhi1,pay; spend; expenditure,名,https://api.wohuimandarin.com/nls/tts?text=%E5%BC%80%E6%94%AF,0.0
6,刊登,kan deng,kān dēng,kan1 deng1,publish; carry,动,https://api.wohuimandarin.com/nls/tts?text=%E5%88%8A%E7%99%BB,0.0
6,勘探,kan tan,kān tàn,kan1 tan4,prospect; reconnaissance,动,https://api.wohuimandarin.com/nls/tts?text=%E5%8B%98%E6%8E%A2,0.0
6,刊物,kan wu,kān wù,kan1 wu4,publication; journal; periodical,名,https://api.wohuimandarin.com/nls/tts?text=%E5%88%8A%E7%89%A9,0.0
6,砍伐,kan fa,kǎn fá,kan3 fa2,to hew,动,https://api.wohuimandarin.com/nls/tts?text=%E7%A0%8D%E4%BC%90,0.0
6,侃侃而谈,kan kan er tan,kǎn kǎn ér tán,kan3 kan3 er2 tan2,to speak frankly with assurance,,https://api.wohuimandarin.com/nls/tts?text=%E4%BE%83%E4%BE%83%E8%80%8C%E8%B0%88,0.0
6,看待,kan dai,kàn dài,kan4 dai4,look upon; regard; treat,动,https://api.wohuimandarin.com/nls/tts?text=%E7%9C%8B%E5%BE%85,0.0
6,慷慨,kang kai,kāng kǎi,kang1 kai3,vehement; fervent,形,https://api.wohuimandarin.com/nls/tts?text=%E6%85%B7%E6%85%A8,0.0
6,扛,kang,káng,kang2,lift with both hands; carry on the shoulder,动,https://api.wohuimandarin.com/nls/tts?text=k%C3%A1ng,0.0
6,抗议,kang yi,kàng yì,kang4 yi4,to protest; object; remonstrate,动,https://api.wohuimandarin.com/nls/tts?text=%E6%8A%97%E8%AE%AE,0.0
6,考察,kao cha,kǎo chá,kao3 cha2,inspect; investigate,动,https://api.wohuimandarin.com/nls/tts?text=%E8%80%83%E5%AF%9F,0.0
6,考古,kao gu,kǎo gǔ,kao3 gu3,archaeology,动,https://api.wohuimandarin.com/nls/tts?text=%E8%80%83%E5%8F%A4,0.0
6,考核,kao he,kǎo hé,kao3 he2,examine; appraise; assess,动,https://api.wohuimandarin.com/nls/tts?text=%E8%80%83%E6%A0%B8,0.0
6,考验,kao yan,kǎo yàn,kao3 yan4,test; trial; ordeal,动,https://api.wohuimandarin.com/nls/tts?text=%E8%80%83%E9%AA%8C,0.0
6,靠拢,kao long,kào lǒng,kao4 long3,draw close to; approach,动,https://api.wohuimandarin.com/nls/tts?text=%E9%9D%A0%E6%8B%A2,0.0
6,磕,ke,kē,ke1,knock; knock something out of a vessel/container etc,动,https://api.wohuimandarin.com/nls/tts?text=k%C4%93,0.0
6,科目,ke mu,kē mù,ke1 mu4,subject; course,名,https://api.wohuimandarin.com/nls/tts?text=%E7%A7%91%E7%9B%AE,0.0
6,可观,ke guan,kě guān,ke3 guan1,considerable; impressive; sizable,形,https://api.wohuimandarin.com/nls/tts?text=%E5%8F%AF%E8%A7%82,0.0
6,可口,ke kou,kě kǒu,ke3 kou3,good to eat; tasty,形,https://api.wohuimandarin.com/nls/tts?text=%E5%8F%AF%E5%8F%A3,0.0
6,渴望,ke wang,kě wàng,ke3 wang4,fall over oneself; dying to; thirst for,动,https://api.wohuimandarin.com/nls/tts?text=%E6%B8%B4%E6%9C%9B,0.0
6,可恶,ke wu,kě wù,ke3 wu4,hateful; detestable; loathsome,形,https://api.wohuimandarin.com/nls/tts?text=%E5%8F%AF%E6%81%B6,0.0
6,可行,ke xing,kě xíng,ke3 xing2,feasible; practicable; workable,形,https://api.wohuimandarin.com/nls/tts?text=%E5%8F%AF%E8%A1%8C,0.0
6,刻不容缓,ke bu rong huan,kè bù róng huǎn,ke4 bu4 rong2 huan3,admit no delay; of great urgency,,https://api.wohuimandarin.com/nls/tts?text=%E5%88%BB%E4%B8%8D%E5%AE%B9%E7%BC%93,0.0
6,客户,ke hu,kè hù,ke4 hu4,customer; client,名,https://api.wohuimandarin.com/nls/tts?text=%E5%AE%A2%E6%88%B7,0.0
6,课题,ke ti,kè tí,ke4 ti2,a question for study or discussion,名,https://api.wohuimandarin.com/nls/tts?text=%E8%AF%BE%E9%A2%98,0.0
6,克制,ke zhi,kè zhì,ke4 zhi4,to restrain,动,https://api.wohuimandarin.com/nls/tts?text=%E5%85%8B%E5%88%B6,0.0
6,啃,ken,kěn,ken3,gnaw,动,https://api.wohuimandarin.com/nls/tts?text=k%C4%9Bn,0.0
6,恳切,ken qie,kěn qiè,ken3 qie4,earnest; sincere,形,https://api.wohuimandarin.com/nls/tts?text=%E6%81%B3%E5%88%87,0.0
6,坑,keng,kēng,keng1,pit,名,https://api.wohuimandarin.com/nls/tts?text=k%C4%93ng,0.0
6,空洞,kong dong,kōng dòng,kong1 dong4,cavity; void; hollow,形,https://api.wohuimandarin.com/nls/tts?text=%E7%A9%BA%E6%B4%9E,0.0
6,空前绝后,kong qian jue hou,kōng qián jué hòu,kong1 qian2 jue2 hou4,unsurpassed; never known before and never to occur again,,https://api.wohuimandarin.com/nls/tts?text=%E7%A9%BA%E5%89%8D%E7%BB%9D%E5%90%8E,0.0
6,空想,kong xiang,kōng xiǎng,kong1 xiang3,daydream; fantasy,动,https://api.wohuimandarin.com/nls/tts?text=%E7%A9%BA%E6%83%B3,0.0
6,空虚,kong xu,kōng xū,kong1 xu1,hollow; void,形,https://api.wohuimandarin.com/nls/tts?text=%E7%A9%BA%E8%99%9A,0.0
6,孔,kong,kǒng,kong3,hole,名,https://api.wohuimandarin.com/nls/tts?text=k%C7%92ng,0.0
6,恐怖,kong bu,kǒng bù,kong3 bu4,terrifying; horrible; dreadful,形,https://api.wohuimandarin.com/nls/tts?text=%E6%81%90%E6%80%96,0.0
6,恐吓,kong he,kǒng hè,kong3 he4,threaten; intimidate; menace,动,https://api.wohuimandarin.com/nls/tts?text=%E6%81%90%E5%90%93,0.0
6,恐惧,kong ju,kǒng jù,kong3 ju4,fear; dread; be afraid of,形,https://api.wohuimandarin.com/nls/tts?text=%E6%81%90%E6%83%A7,0.0
6,空白,kong bai,kòng bái,kong4 bai2,blank space; gap; margin,名,https://api.wohuimandarin.com/nls/tts?text=%E7%A9%BA%E7%99%BD,0.0
6,空隙,kong xi,kòng xì,kong4 xi4,interval; gap; space,名,https://api.wohuimandarin.com/nls/tts?text=%E7%A9%BA%E9%9A%99,0.0
6,口气,kou qi,kǒu qì,kou3 qi4,tone; note,名,https://api.wohuimandarin.com/nls/tts?text=%E5%8F%A3%E6%B0%94,0.0
6,口腔,kou qiang,kǒu qiāng,kou3 qiang1,oral cavity; mouth,名,https://api.wohuimandarin.com/nls/tts?text=%E5%8F%A3%E8%85%94,0.0
6,口头,kou tou,kǒu tóu,kou3 tou2,oral; verbal; in speech,形,https://api.wohuimandarin.com/nls/tts?text=%E5%8F%A3%E5%A4%B4,0.0
6,口音,kou yin,kǒu yīn,kou3 yin1,voice,名,https://api.wohuimandarin.com/nls/tts?text=%E5%8F%A3%E9%9F%B3,0.0
6,扣,kou,kòu,kou4,to deduct (money),动,https://api.wohuimandarin.com/nls/tts?text=k%C3%B2u,0.0
6,哭泣,ku qi,kū qì,ku1 qi4,to weep,动,https://api.wohuimandarin.com/nls/tts?text=%E5%93%AD%E6%B3%A3,0.0
6,枯萎,ku wei,kū wěi,ku1 wei3,to wilt,形,https://api.wohuimandarin.com/nls/tts?text=%E6%9E%AF%E8%90%8E,0.0
6,枯燥,ku zao,kū zào,ku1 zao4,dull and dry; uninteresting; monotonous,形,https://api.wohuimandarin.com/nls/tts?text=%E6%9E%AF%E7%87%A5,0.0
6,苦尽甘来,ku jin gan lai,kǔ jìn gān lái,ku3 jin4 gan1 lai2,all sufferings have their reward; after the bitter comes the sweet,,https://api.wohuimandarin.com/nls/tts?text=%E8%8B%A6%E5%B0%BD%E7%94%98%E6%9D%A5,0.0
6,苦涩,ku se,kǔ sè,ku3 se4,bitter and astringent,形,https://api.wohuimandarin.com/nls/tts?text=%E8%8B%A6%E6%B6%A9,0.0
6,挎,kua,kuà,kua4,carry on the arm/over one's shoulder/at one's side,动,https://api.wohuimandarin.com/nls/tts?text=ku%C3%A0,0.0
6,跨,kua,kuà,kua4,step; stride; straddle,动,https://api.wohuimandarin.com/nls/tts?text=ku%C3%A0,0.0
6,快活,kuai huo,kuài huo,kuai4 huo5,happy; cheerful; joyful,形,https://api.wohuimandarin.com/nls/tts?text=%E5%BF%AB%E6%B4%BB,0.0
6,宽敞,kuan chang,kuān chang,kuan1 chang5,spacious; roomy,形,https://api.wohuimandarin.com/nls/tts?text=%E5%AE%BD%E6%95%9E,0.0
6,宽容,kuan rong,kuān róng,kuan1 rong2,lenient,形,https://api.wohuimandarin.com/nls/tts?text=%E5%AE%BD%E5%AE%B9,0.0
6,款待,kuan dai,kuǎn dài,kuan3 dai4,entertain with courtesy and warmth,动,https://api.wohuimandarin.com/nls/tts?text=%E6%AC%BE%E5%BE%85,0.0
6,款式,kuan shi,kuǎn shì,kuan3 shi4,model; style; design,名,https://api.wohuimandarin.com/nls/tts?text=%E6%AC%BE%E5%BC%8F,0.0
6,筐,kuang,kuāng,kuang1,basket; basketful,名,https://api.wohuimandarin.com/nls/tts?text=ku%C4%81ng,0.0
6,矿产,kuang chan,kuàng chǎn,kuang4 chan3,minerals,名,https://api.wohuimandarin.com/nls/tts?text=%E7%9F%BF%E4%BA%A7,0.0
6,框架,kuang jia,kuàng jià,kuang4 jia4,frame,名,https://api.wohuimandarin.com/nls/tts?text=%E6%A1%86%E6%9E%B6,0.0
6,旷课,kuang ke,kuàng kè,kuang4 ke4,play truant; absent from school without permission,动,https://api.wohuimandarin.com/nls/tts?text=%E6%97%B7%E8%AF%BE,0.0
6,况且,kuang qie,kuàng qiě,kuang4 qie3,moreover; besides; in addition,连,https://api.wohuimandarin.com/nls/tts?text=%E5%86%B5%E4%B8%94,0.0
6,亏待,kui dai,kuī dài,kui1 dai4,treat unfairly,动,https://api.wohuimandarin.com/nls/tts?text=%E4%BA%8F%E5%BE%85,0.0
6,亏损,kui sun,kuī sǔn,kui1 sun3,loss; deficit,动,https://api.wohuimandarin.com/nls/tts?text=%E4%BA%8F%E6%8D%9F,0.0
6,捆绑,kun bang,kǔn bǎng,kun3 bang3,truss up; tie up; bind,动,https://api.wohuimandarin.com/nls/tts?text=%E6%8D%86%E7%BB%91,0.0
6,扩充,kuo chong,kuò chōng,kuo4 chong1,expand; augment; enlarge,动,https://api.wohuimandarin.com/nls/tts?text=%E6%89%A9%E5%85%85,0.0
6,扩散,kuo san,kuò sàn,kuo4 san4,spread; diffuse; scatter about,动,https://api.wohuimandarin.com/nls/tts?text=%E6%89%A9%E6%95%A3,0.0
6,扩张,kuo zhang,kuò zhāng,kuo4 zhang1,expand; enlarge; extend,动,https://api.wohuimandarin.com/nls/tts?text=%E6%89%A9%E5%BC%A0,0.0
6,啦,la,lā,la1,[indicates excitement or doubt],助,https://api.wohuimandarin.com/nls/tts?text=l%C4%81,0.0
6,喇叭,la ba,lǎ ba,la3 ba5,loudspeaker; trumpet; horn,名,https://api.wohuimandarin.com/nls/tts?text=%E5%96%87%E5%8F%AD,0.0
6,蜡烛,la zhu,là zhú,la4 zhu2,candle,名,https://api.wohuimandarin.com/nls/tts?text=%E8%9C%A1%E7%83%9B,0.0
6,来历,lai li,lái lì,lai2 li4,origin; source; background,名,https://api.wohuimandarin.com/nls/tts?text=%E6%9D%A5%E5%8E%86,0.0
6,来源,lai yuan,lái yuán,lai2 yuan2,source; origin,名/动,https://api.wohuimandarin.com/nls/tts?text=%E6%9D%A5%E6%BA%90,0.0
6,栏目,lan mu,lán mù,lan2 mu4,the heading or title of a column,名,https://api.wohuimandarin.com/nls/tts?text=%E6%A0%8F%E7%9B%AE,0.0
6,懒惰,lan duo,lǎn duò,lan3 duo4,lazy; idle,形,https://api.wohuimandarin.com/nls/tts?text=%E6%87%92%E6%83%B0,0.0
6,狼狈,lang bei,láng bèi,lang2 bei4,in a difficult position; in a tight corner,形,https://api.wohuimandarin.com/nls/tts?text=%E7%8B%BC%E7%8B%88,0.0
6,狼吞虎咽,lang tun hu yan,láng tūn hǔ yàn,lang2 tun1 hu3 yan4,to wolf down one's food [idiom],,https://api.wohuimandarin.com/nls/tts?text=%E7%8B%BC%E5%90%9E%E8%99%8E%E5%92%BD,0.0
6,捞,lao,lāo,lao1,fish for; scoop up; dredge out,动,https://api.wohuimandarin.com/nls/tts?text=l%C4%81o,0.0
6,唠叨,lao dao,láo dao,lao2 dao5,chatter,动,https://api.wohuimandarin.com/nls/tts?text=%E5%94%A0%E5%8F%A8,0.0
6,牢固,lao gu,láo gù,lao2 gu4,firm; secure,形,https://api.wohuimandarin.com/nls/tts?text=%E7%89%A2%E5%9B%BA,0.0
6,牢骚,lao sao,láo sāo,lao2 sao1,complaint; grievance,名,https://api.wohuimandarin.com/nls/tts?text=%E7%89%A2%E9%AA%9A,0.0
6,乐趣,le qu,lè qù,le4 qu4,delight; pleasure,名,https://api.wohuimandarin.com/nls/tts?text=%E4%B9%90%E8%B6%A3,0.0
6,乐意,le yi,lè yì,le4 yi4,be happy to,形/动,https://api.wohuimandarin.com/nls/tts?text=%E4%B9%90%E6%84%8F,0.0
6,雷达,lei da,léi dá,lei2 da2,radar,名,https://api.wohuimandarin.com/nls/tts?text=%E9%9B%B7%E8%BE%BE,0.0
6,类似,lei si,lèi sì,lei4 si4,like; similar; analagous,动,https://api.wohuimandarin.com/nls/tts?text=%E7%B1%BB%E4%BC%BC,0.0
6,冷酷,leng ku,lěng kù,leng3 ku4,unfeeling; callous; grim,形,https://api.wohuimandarin.com/nls/tts?text=%E5%86%B7%E9%85%B7,0.0
6,冷落,leng luo,lěng luò,leng3 luo4,desolate,动,https://api.wohuimandarin.com/nls/tts?text=%E5%86%B7%E8%90%BD,0.0
6,冷却,leng que,lěng què,leng3 que4,cooling; burial,动,https://api.wohuimandarin.com/nls/tts?text=%E5%86%B7%E5%8D%B4,0.0
6,愣,leng,lèng,leng4,absent-minded; distracted; rashly,动,https://api.wohuimandarin.com/nls/tts?text=l%C3%A8ng,0.0
6,黎明,li ming,lí míng,li2 ming2,dawn; daybreak,名,https://api.wohuimandarin.com/nls/tts?text=%E9%BB%8E%E6%98%8E,0.0
6,理睬,li cai,lǐ cǎi,li3 cai3,pay attention to; show interest in; take notice of,动,https://api.wohuimandarin.com/nls/tts?text=%E7%90%86%E7%9D%AC,0.0
6,里程碑,li cheng bei,lǐ chéng bēi,li3 cheng2 bei1,milestone,名,https://api.wohuimandarin.com/nls/tts?text=%E9%87%8C%E7%A8%8B%E7%A2%91,0.0
6,礼节,li jie,lǐ jié,li3 jie2,courtesy; etiquette; protocol; ceremony,名,https://api.wohuimandarin.com/nls/tts?text=%E7%A4%BC%E8%8A%82,0.0
6,礼尚往来,li shang wang lai,lǐ shàng wǎng lái,li3 shang4 wang3 lai2,fig. return politeness for politeness,,https://api.wohuimandarin.com/nls/tts?text=%E7%A4%BC%E5%B0%9A%E5%BE%80%E6%9D%A5,0.0
6,理所当然,li suo dang ran,lǐ suǒ dāng rán,li3 suo3 dang1 ran2,naturally; in very nature of things; it's only right and proper,,https://api.wohuimandarin.com/nls/tts?text=%E7%90%86%E6%89%80%E5%BD%93%E7%84%B6,0.0
6,理直气壮,li zhi qi zhuang,lǐ zhí qì zhuàng,li3 zhi2 qi4 zhuang4,be bold and straight; be courageous with sufficient reason,,https://api.wohuimandarin.com/nls/tts?text=%E7%90%86%E7%9B%B4%E6%B0%94%E5%A3%AE,0.0
6,理智,li zhi,lǐ zhì,li3 zhi4,reason; intellect,形,https://api.wohuimandarin.com/nls/tts?text=%E7%90%86%E6%99%BA,0.0
6,粒,li,lì,li4,granule; pellet; small particle,量,https://api.wohuimandarin.com/nls/tts?text=l%C3%AC,0.0
6,立场,li chang,lì chǎng,li4 chang3,position; standpoint,名,https://api.wohuimandarin.com/nls/tts?text=%E7%AB%8B%E5%9C%BA,0.0
6,历代,li dai,lì dài,li4 dai4,successive dynasties; past dynasties,名,https://api.wohuimandarin.com/nls/tts?text=%E5%8E%86%E4%BB%A3,0.0
6,立方,li fang,lì fāng,li4 fang1,cube; cubic,量,https://api.wohuimandarin.com/nls/tts?text=%E7%AB%8B%E6%96%B9,0.0
6,利害,li hai,lì hài,li4 hai4,formidable,名,https://api.wohuimandarin.com/nls/tts?text=%E5%88%A9%E5%AE%B3,0.0
6,立交桥,li jiao qiao,lì jiāo qiáo,li4 jiao1 qiao2,viaduct; overpass; flyover,名,https://api.wohuimandarin.com/nls/tts?text=%E7%AB%8B%E4%BA%A4%E6%A1%A5,0.0
6,历来,li lai,lì lái,li4 lai2,always; constantly,副,https://api.wohuimandarin.com/nls/tts?text=%E5%8E%86%E6%9D%A5,0.0
6,力求,li qiu,lì qiú,li4 qiu2,to make every effort to,动,https://api.wohuimandarin.com/nls/tts?text=%E5%8A%9B%E6%B1%82,0.0
6,力所能及,li suo neng ji,lì suǒ néng jí,li4 suo3 neng2 ji2,do everything in one's power,,https://api.wohuimandarin.com/nls/tts?text=%E5%8A%9B%E6%89%80%E8%83%BD%E5%8F%8A,0.0
6,立体,li ti,lì tǐ,li4 ti3,solid; three-dimensional,形,https://api.wohuimandarin.com/nls/tts?text=%E7%AB%8B%E4%BD%93,0.0
6,例外,li wai,lì wài,li4 wai4,exception,名,https://api.wohuimandarin.com/nls/tts?text=%E4%BE%8B%E5%A4%96,0.0
6,力争,li zheng,lì zhēng,li4 zheng1,work hard for; do all one can to,动,https://api.wohuimandarin.com/nls/tts?text=%E5%8A%9B%E4%BA%89,0.0
6,立足,li zu,lì zú,li4 zu2,have/keep a foothold somewhere,动,https://api.wohuimandarin.com/nls/tts?text=%E7%AB%8B%E8%B6%B3,0.0
6,联欢,lian huan,lián huān,lian2 huan1,have a get-together,动,https://api.wohuimandarin.com/nls/tts?text=%E8%81%94%E6%AC%A2,0.0
6,廉洁,lian jie,lián jié,lian2 jie2,honest; with clean hands,形,https://api.wohuimandarin.com/nls/tts?text=%E5%BB%89%E6%B4%81,0.0
6,联络,lian luo,lián luò,lian2 luo4,communicate; contact; get in touch with,动,https://api.wohuimandarin.com/nls/tts?text=%E8%81%94%E7%BB%9C,0.0
6,联盟,lian meng,lián méng,lian2 meng2,alliance; coalition; league,名,https://api.wohuimandarin.com/nls/tts?text=%E8%81%94%E7%9B%9F,0.0
6,连年,lian nian,lián nián,lian2 nian2,in consecutive years; for years on end,动,https://api.wohuimandarin.com/nls/tts?text=%E8%BF%9E%E5%B9%B4,0.0
6,连锁,lian suo,lián suǒ,lian2 suo3,chain,形,https://api.wohuimandarin.com/nls/tts?text=%E8%BF%9E%E9%94%81,0.0
6,连同,lian tong,lián tóng,lian2 tong2,together with; along with,连,https://api.wohuimandarin.com/nls/tts?text=%E8%BF%9E%E5%90%8C,0.0
6,联想,lian xiang,lián xiǎng,lian2 xiang3,associate; connect in the mind,动,https://api.wohuimandarin.com/nls/tts?text=%E8%81%94%E6%83%B3,0.0
6,良心,liang xin,liáng xīn,liang2 xin1,conscience,名,https://api.wohuimandarin.com/nls/tts?text=%E8%89%AF%E5%BF%83,0.0
6,晾,liang,liàng,liang4,dry in the air/sun,动,https://api.wohuimandarin.com/nls/tts?text=li%C3%A0ng,0.0
6,谅解,liang jie,liàng jiě,liang4 jie3,understand; make allowance for,动,https://api.wohuimandarin.com/nls/tts?text=%E8%B0%85%E8%A7%A3,0.0
6,辽阔,liao kuo,liáo kuò,liao2 kuo4,vast; extensive,形,https://api.wohuimandarin.com/nls/tts?text=%E8%BE%BD%E9%98%94,0.0
6,列举,lie ju,liè jǔ,lie4 ju3,list; enumerate,动,https://api.wohuimandarin.com/nls/tts?text=%E5%88%97%E4%B8%BE,0.0
6,淋,lin,lín,lin2,filter; strain,动,https://api.wohuimandarin.com/nls/tts?text=l%C3%ADn,0.0
6,临床,lin chuang,lín chuáng,lin2 chuang2,clinical,动,https://api.wohuimandarin.com/nls/tts?text=%E4%B8%B4%E5%BA%8A,0.0
6,吝啬,lin se,lìn sè,lin4 se4,stingy; miserly; mean,形,https://api.wohuimandarin.com/nls/tts?text=%E5%90%9D%E5%95%AC,0.0
6,凌晨,ling chen,líng chén,ling2 chen2,in the small hours; before dawn,名,https://api.wohuimandarin.com/nls/tts?text=%E5%87%8C%E6%99%A8,0.0
6,灵感,ling gan,líng gǎn,ling2 gan3,inspiration,名,https://api.wohuimandarin.com/nls/tts?text=%E7%81%B5%E6%84%9F,0.0
6,灵魂,ling hun,líng hún,ling2 hun2,soul; spirit,名,https://api.wohuimandarin.com/nls/tts?text=%E7%81%B5%E9%AD%82,0.0
6,伶俐,ling li,líng lì,ling2 li4,clever; quick-witted; smart,形,https://api.wohuimandarin.com/nls/tts?text=%E4%BC%B6%E4%BF%90,0.0
6,灵敏,ling min,líng mǐn,ling2 min3,sensitive; keen; agile,形,https://api.wohuimandarin.com/nls/tts?text=%E7%81%B5%E6%95%8F,0.0
6,零星,ling xing,líng xīng,ling2 xing1,fragmentary; piecemeal; a small amount,形,https://api.wohuimandarin.com/nls/tts?text=%E9%9B%B6%E6%98%9F,0.0
6,领会,ling hui,lǐng huì,ling3 hui4,understand; comprehend; grasp,动,https://api.wohuimandarin.com/nls/tts?text=%E9%A2%86%E4%BC%9A,0.0
6,领事馆,ling shi guan,lǐng shì guǎn,ling3 shi4 guan3,consulate,名,https://api.wohuimandarin.com/nls/tts?text=%E9%A2%86%E4%BA%8B%E9%A6%86,0.0
6,领土,ling tu,lǐng tǔ,ling3 tu3,territory,名,https://api.wohuimandarin.com/nls/tts?text=%E9%A2%86%E5%9C%9F,0.0
6,领悟,ling wu,lǐng wù,ling3 wu4,comprehend; grasp; understand,动,https://api.wohuimandarin.com/nls/tts?text=%E9%A2%86%E6%82%9F,0.0
6,领先,ling xian,lǐng xiān,ling3 xian1,(be in the) lead,动,https://api.wohuimandarin.com/nls/tts?text=%E9%A2%86%E5%85%88,0.0
6,领袖,ling xiu,lǐng xiù,ling3 xiu4,leader,名,https://api.wohuimandarin.com/nls/tts?text=%E9%A2%86%E8%A2%96,0.0
6,溜,liu,liū,liu1,swift current; turbulent flow; rainwater from the roof; plaster,动,https://api.wohuimandarin.com/nls/tts?text=li%C5%AB,0.0
6,流浪,liu lang,liú làng,liu2 lang4,roam about; lead a vagrant life,动,https://api.wohuimandarin.com/nls/tts?text=%E6%B5%81%E6%B5%AA,0.0
6,留恋,liu lian,liú liàn,liu2 lian4,be reluctant to leave; can't bear to part,动,https://api.wohuimandarin.com/nls/tts?text=%E7%95%99%E6%81%8B,0.0
6,流露,liu lu,liú lù,liu2 lu4,reveal; betray; show unintentionally,动,https://api.wohuimandarin.com/nls/tts?text=%E6%B5%81%E9%9C%B2,0.0
6,流氓,liu mang,liú máng,liu2 mang2,rogue; hoodlum; ruffian,名,https://api.wohuimandarin.com/nls/tts?text=%E6%B5%81%E6%B0%93,0.0
6,留念,liu nian,liú niàn,liu2 nian4,accept as a souvenir,动,https://api.wohuimandarin.com/nls/tts?text=%E7%95%99%E5%BF%B5,0.0
6,留神,liu shen,liú shén,liu2 shen2,be careful; take care; keep one's eyes peeled,动,https://api.wohuimandarin.com/nls/tts?text=%E7%95%99%E7%A5%9E,0.0
6,流通,liu tong,liú tōng,liu2 tong1,circulate,动,https://api.wohuimandarin.com/nls/tts?text=%E6%B5%81%E9%80%9A,0.0
6,聋哑,long ya,lóng yǎ,long2 ya3,deaf and dumb; deaf-mute,动,https://api.wohuimandarin.com/nls/tts?text=%E8%81%8B%E5%93%91,0.0
6,隆重,long zhong,lóng zhòng,long2 zhong4,grand; solemn; ceremonious,形,https://api.wohuimandarin.com/nls/tts?text=%E9%9A%86%E9%87%8D,0.0
6,垄断,long duan,lǒng duàn,long3 duan4,monopolise; forestall,动,https://api.wohuimandarin.com/nls/tts?text=%E5%9E%84%E6%96%AD,0.0
6,笼罩,long zhao,lǒng zhào,long3 zhao4,envelop; shroud,动,https://api.wohuimandarin.com/nls/tts?text=%E7%AC%BC%E7%BD%A9,0.0
6,搂,lou,lǒu,lou3,gather up; rake together; hold up,动,https://api.wohuimandarin.com/nls/tts?text=l%C7%92u,0.0
6,炉灶,lu zao,lú zào,lu2 zao4,(kitchen/cooking) range,名,https://api.wohuimandarin.com/nls/tts?text=%E7%82%89%E7%81%B6,0.0
6,掠夺,lue duo,luè duó,lue4 duo2,plunder; rob; pillage,动,https://api.wohuimandarin.com/nls/tts?text=%E6%8E%A0%E5%A4%BA,0.0
6,轮船,lun chuan,lún chuán,lun2 chuan2,(steam) ship,名,https://api.wohuimandarin.com/nls/tts?text=%E8%BD%AE%E8%88%B9,0.0
6,轮廓,lun kuo,lún kuò,lun2 kuo4,outline; contour profile,名,https://api.wohuimandarin.com/nls/tts?text=%E8%BD%AE%E5%BB%93,0.0
6,轮胎,lun tai,lún tāi,lun2 tai1,tyre,名,https://api.wohuimandarin.com/nls/tts?text=%E8%BD%AE%E8%83%8E,0.0
6,论坛,lun tan,lùn tán,lun4 tan2,forum,名,https://api.wohuimandarin.com/nls/tts?text=%E8%AE%BA%E5%9D%9B,0.0
6,论证,lun zheng,lùn zhèng,lun4 zheng4,demonstration; proof,动,https://api.wohuimandarin.com/nls/tts?text=%E8%AE%BA%E8%AF%81,0.0
6,啰唆,luo suo,luō suo,luo1 suo5,talkative; long-winded; fussy,形,https://api.wohuimandarin.com/nls/tts?text=%E5%95%B0%E5%94%86,0.0
6,落成,luo cheng,luò chéng,luo4 cheng2,completion,动,https://api.wohuimandarin.com/nls/tts?text=%E8%90%BD%E6%88%90,0.0
6,落实,luo shi,luò shí,luo4 shi2,practicable; workable,动,https://api.wohuimandarin.com/nls/tts?text=%E8%90%BD%E5%AE%9E,0.0
6,络绎不绝,luo yi bu jue,luò yì bù jué,luo4 yi4 bu4 jue2,come and go in a continuous  stream,,https://api.wohuimandarin.com/nls/tts?text=%E7%BB%9C%E7%BB%8E%E4%B8%8D%E7%BB%9D,0.0
6,屡次,lv ci,lǚ cì,lv3 ci4,time and again; repeatedly,副,https://api.wohuimandarin.com/nls/tts?text=%E5%B1%A1%E6%AC%A1,0.0
6,履行,lv xing,lǚ xíng,lv3 xing2,perform; fulfil; carry out,动,https://api.wohuimandarin.com/nls/tts?text=%E5%B1%A5%E8%A1%8C,0.0
6,麻痹,ma bi,má bì,ma2 bi4,paralysis; palsy,动,https://api.wohuimandarin.com/nls/tts?text=%E9%BA%BB%E7%97%B9,0.0
6,麻木,ma mu,má mù,ma2 mu4,numb,形,https://api.wohuimandarin.com/nls/tts?text=%E9%BA%BB%E6%9C%A8,0.0
6,麻醉,ma zui,má zuì,ma2 zui4,anaesthesia; narcosis,动,https://api.wohuimandarin.com/nls/tts?text=%E9%BA%BB%E9%86%89,0.0
6,码头,ma tou,mǎ tóu,ma3 tou2,wharf; dock; pier,名,https://api.wohuimandarin.com/nls/tts?text=%E7%A0%81%E5%A4%B4,0.0
6,蚂蚁,ma yi,mǎ yǐ,ma3 yi3,ant,名,https://api.wohuimandarin.com/nls/tts?text=%E8%9A%82%E8%9A%81,0.0
6,嘛,ma,ma,ma5,[indicates that something is obvious; calls for the listener's attention],助,https://api.wohuimandarin.com/nls/tts?text=ma,0.0
6,埋伏,mai fu,mái fú,mai2 fu2,ambush; lie in wait,动,https://api.wohuimandarin.com/nls/tts?text=%E5%9F%8B%E4%BC%8F,0.0
6,埋没,mai mo,mái mò,mai2 mo4,bury; cover up,动,https://api.wohuimandarin.com/nls/tts?text=%E5%9F%8B%E6%B2%A1,0.0
6,埋葬,mai zang,mái zàng,mai2 zang4,bury,动,https://api.wohuimandarin.com/nls/tts?text=%E5%9F%8B%E8%91%AC,0.0
6,迈,mai,mài,mai4,step; stride,动,https://api.wohuimandarin.com/nls/tts?text=m%C3%A0i,0.0
6,脉搏,mai bo,mài bó,mai4 bo2,pulse,名,https://api.wohuimandarin.com/nls/tts?text=%E8%84%89%E6%90%8F,0.0
6,埋怨,man yuan,mán yuàn,man2 yuan4,complain; blame; grumble,动,https://api.wohuimandarin.com/nls/tts?text=%E5%9F%8B%E6%80%A8,0.0
6,漫长,man chang,màn cháng,man4 chang2,very long; endless,形,https://api.wohuimandarin.com/nls/tts?text=%E6%BC%AB%E9%95%BF,0.0
6,漫画,man hua,màn huà,man4 hua4,cartoon; caricature; comic,名,https://api.wohuimandarin.com/nls/tts?text=%E6%BC%AB%E7%94%BB,0.0
6,慢性,man xing,màn xìng,man4 xing4,slow in taking effect; chronic,形,https://api.wohuimandarin.com/nls/tts?text=%E6%85%A2%E6%80%A7,0.0
6,蔓延,man yan,màn yán,man4 yan2,spread; stretch; extend,动,https://api.wohuimandarin.com/nls/tts?text=%E8%94%93%E5%BB%B6,0.0
6,忙碌,mang lu,máng lù,mang2 lu4,be busy; bustle about; be on the go,形,https://api.wohuimandarin.com/nls/tts?text=%E5%BF%99%E7%A2%8C,0.0
6,茫茫,mang mang,máng máng,mang2 mang2,boundless; vast,形,https://api.wohuimandarin.com/nls/tts?text=%E8%8C%AB%E8%8C%AB,0.0
6,盲目,mang mu,máng mù,mang2 mu4,blind,形,https://api.wohuimandarin.com/nls/tts?text=%E7%9B%B2%E7%9B%AE,0.0
6,茫然,mang ran,máng rán,mang2 ran2,ignorant; vacant; in the dark,形,https://api.wohuimandarin.com/nls/tts?text=%E8%8C%AB%E7%84%B6,0.0
6,冒充,mao chong,mào chōng,mao4 chong1,pretend to be; pass somebody or something off as,动,https://api.wohuimandarin.com/nls/tts?text=%E5%86%92%E5%85%85,0.0
6,冒犯,mao fan,mào fàn,mao4 fan4,to offend,动,https://api.wohuimandarin.com/nls/tts?text=%E5%86%92%E7%8A%AF,0.0
6,茂盛,mao sheng,mào shèng,mao4 sheng4,luxuriant; flourishing; exuberant,形,https://api.wohuimandarin.com/nls/tts?text=%E8%8C%82%E7%9B%9B,0.0
6,枚,mei,méi,mei2,trunk; horse whip; gag,量,https://api.wohuimandarin.com/nls/tts?text=m%C3%A9i,0.0
6,媒介,mei jie,méi jiè,mei2 jie4,intermediary; medium; vehicle,名,https://api.wohuimandarin.com/nls/tts?text=%E5%AA%92%E4%BB%8B,0.0
6,美观,mei guan,měi guān,mei3 guan1,pleasing to the eye; beautiful,形,https://api.wohuimandarin.com/nls/tts?text=%E7%BE%8E%E8%A7%82,0.0
6,美满,mei man,měi mǎn,mei3 man3,happy; satisfied; blissful,形,https://api.wohuimandarin.com/nls/tts?text=%E7%BE%8E%E6%BB%A1,0.0
6,美妙,mei miao,měi miào,mei3 miao4,beautiful; splendid; wonderful,形,https://api.wohuimandarin.com/nls/tts?text=%E7%BE%8E%E5%A6%99,0.0
6,萌芽,meng ya,méng yá,meng2 ya2,sprout; shoot; bud,动,https://api.wohuimandarin.com/nls/tts?text=%E8%90%8C%E8%8A%BD,0.0
6,猛烈,meng lie,měng liè,meng3 lie4,fierce; violent; vigorous,形,https://api.wohuimandarin.com/nls/tts?text=%E7%8C%9B%E7%83%88,0.0
6,眯,mi,mī,mi1,get into one's eyes,动,https://api.wohuimandarin.com/nls/tts?text=m%C4%AB,0.0
6,弥补,mi bu,mí bǔ,mi2 bu3,make up; remedy; make good,动,https://api.wohuimandarin.com/nls/tts?text=%E5%BC%A5%E8%A1%A5,0.0
6,迷惑,mi huo,mí huò,mi2 huo4,puzzle; confuse; perplex,形,https://api.wohuimandarin.com/nls/tts?text=%E8%BF%B7%E6%83%91,0.0
6,弥漫,mi man,mí màn,mi2 man4,suffuse; pervade; fill the air,动,https://api.wohuimandarin.com/nls/tts?text=%E5%BC%A5%E6%BC%AB,0.0
6,迷人,mi ren,mí rén,mi2 ren2,charming; fascinating; enchanting,形,https://api.wohuimandarin.com/nls/tts?text=%E8%BF%B7%E4%BA%BA,0.0
6,迷信,mi xin,mí xìn,mi2 xin4,superstition,动,https://api.wohuimandarin.com/nls/tts?text=%E8%BF%B7%E4%BF%A1,0.0
6,谜语,mi yu,mí yǔ,mi2 yu3,riddle; conundrum,名,https://api.wohuimandarin.com/nls/tts?text=%E8%B0%9C%E8%AF%AD,0.0
6,密度,mi du,mì dù,mi4 du4,density; thickness,名,https://api.wohuimandarin.com/nls/tts?text=%E5%AF%86%E5%BA%A6,0.0
6,密封,mi feng,mì fēng,mi4 feng1,seal (eg. airtight; hermetically),动,https://api.wohuimandarin.com/nls/tts?text=%E5%AF%86%E5%B0%81,0.0
6,棉花,mian hua,mián hua,mian2 hua5,cotton,名,https://api.wohuimandarin.com/nls/tts?text=%E6%A3%89%E8%8A%B1,0.0
6,免得,mian de,miǎn de,mian3 de5,so as not to; so as to avoid,连,https://api.wohuimandarin.com/nls/tts?text=%E5%85%8D%E5%BE%97,0.0
6,勉励,mian li,miǎn lì,mian3 li4,encourage,动,https://api.wohuimandarin.com/nls/tts?text=%E5%8B%89%E5%8A%B1,0.0
6,勉强,mian qiang,miǎn qiǎng,mian3 qiang3,manage with an effort; do with difficulty,形,https://api.wohuimandarin.com/nls/tts?text=%E5%8B%89%E5%BC%BA,0.0
6,免疫,mian yi,miǎn yì,mian3 yi4,immunisation,动,https://api.wohuimandarin.com/nls/tts?text=%E5%85%8D%E7%96%AB,0.0
6,面貌,mian mao,miàn mào,mian4 mao4,face; features; looks,名,https://api.wohuimandarin.com/nls/tts?text=%E9%9D%A2%E8%B2%8C,0.0
6,面子,mian zi,miàn zi,mian4 zi5,face; reputation,名,https://api.wohuimandarin.com/nls/tts?text=%E9%9D%A2%E5%AD%90,0.0
6,描绘,miao hui,miáo huì,miao2 hui4,describe; display; depict,动,https://api.wohuimandarin.com/nls/tts?text=%E6%8F%8F%E7%BB%98,0.0
6,瞄准,miao zhun,miáo zhǔn,miao2 zhun3,to aim (a weapon at a target),动,https://api.wohuimandarin.com/nls/tts?text=%E7%9E%84%E5%87%86,0.0
6,藐视,miao shi,miǎo shì,miao3 shi4,look down on,动,https://api.wohuimandarin.com/nls/tts?text=%E8%97%90%E8%A7%86,0.0
6,渺小,miao xiao,miǎo xiǎo,miao3 xiao3,tiny; negligible; insignificant,形,https://api.wohuimandarin.com/nls/tts?text=%E6%B8%BA%E5%B0%8F,0.0
6,蔑视,mie shi,miè shì,mie4 shi4,despise; show contempt for; scorn,动,https://api.wohuimandarin.com/nls/tts?text=%E8%94%91%E8%A7%86,0.0
6,灭亡,mie wang,miè wáng,mie4 wang2,be destroyed; become extinct; die out,动,https://api.wohuimandarin.com/nls/tts?text=%E7%81%AD%E4%BA%A1,0.0
6,民间,min jian,mín jiān,min2 jian1,among the people; popular; folk,名,https://api.wohuimandarin.com/nls/tts?text=%E6%B0%91%E9%97%B4,0.0
6,民主,min zhu,mín zhǔ,min2 zhu3,democracy,形,https://api.wohuimandarin.com/nls/tts?text=%E6%B0%91%E4%B8%BB,0.0
6,敏捷,min jie,mǐn jié,min3 jie2,quick; nimble; agile,形,https://api.wohuimandarin.com/nls/tts?text=%E6%95%8F%E6%8D%B7,0.0
6,敏锐,min rui,mǐn ruì,min3 rui4,sharp; acute; keen,形,https://api.wohuimandarin.com/nls/tts?text=%E6%95%8F%E9%94%90,0.0
6,名次,ming ci,míng cì,ming2 ci4,placing (eg in a competition); ranking,名,https://api.wohuimandarin.com/nls/tts?text=%E5%90%8D%E6%AC%A1,0.0
6,名额,ming e,míng é,ming2 e2,quota (of people); [the number of people assigned or allowed],名,https://api.wohuimandarin.com/nls/tts?text=%E5%90%8D%E9%A2%9D,0.0
6,名副其实,ming fu qi shi,míng fù qí shí,ming2 fu4 qi2 shi2,be worthy of the name; be worthy of one's reputation,,https://api.wohuimandarin.com/nls/tts?text=%E5%90%8D%E5%89%AF%E5%85%B6%E5%AE%9E,0.0
6,明明,ming ming,míng míng,ming2 ming2,obviously; undoubtedly; plainly,副,https://api.wohuimandarin.com/nls/tts?text=%E6%98%8E%E6%98%8E,0.0
6,名誉,ming yu,míng yù,ming2 yu4,fame; reputation; honorary,名,https://api.wohuimandarin.com/nls/tts?text=%E5%90%8D%E8%AA%89,0.0
6,明智,ming zhi,míng zhì,ming2 zhi4,sensible,形,https://api.wohuimandarin.com/nls/tts?text=%E6%98%8E%E6%99%BA,0.0
6,命名,ming ming,mìng míng,ming4 ming2,nominate; nomenclature,动,https://api.wohuimandarin.com/nls/tts?text=%E5%91%BD%E5%90%8D,0.0
6,摸索,mo suo,mō suo,mo1 suo5,grope; feel about; fumble,动,https://api.wohuimandarin.com/nls/tts?text=%E6%91%B8%E7%B4%A2,0.0
6,膜,mo,mó,mo2,membrane; film; thin coating,名,https://api.wohuimandarin.com/nls/tts?text=m%C3%B3,0.0
6,摩擦,mo ca,mó cā,mo2 ca1,rub; chafe; friction,动,https://api.wohuimandarin.com/nls/tts?text=%E6%91%A9%E6%93%A6,0.0
6,模范,mo fan,mó fàn,mo2 fan4,an exemplary person or thing; model; fine example,形,https://api.wohuimandarin.com/nls/tts?text=%E6%A8%A1%E8%8C%83,0.0
6,魔鬼,mo gui,mó guǐ,mo2 gui3,devil; demon; monster,名,https://api.wohuimandarin.com/nls/tts?text=%E9%AD%94%E9%AC%BC,5.0
6,磨合,mo he,mó hé,mo2 he2,grinding-in,动,https://api.wohuimandarin.com/nls/tts?text=%E7%A3%A8%E5%90%88,0.0
6,模式,mo shi,mó shì,mo2 shi4,model; mode; type,名,https://api.wohuimandarin.com/nls/tts?text=%E6%A8%A1%E5%BC%8F,0.0
6,魔术,mo shu,mó shù,mo2 shu4,magic,名,https://api.wohuimandarin.com/nls/tts?text=%E9%AD%94%E6%9C%AF,0.0
6,模型,mo xing,mó xíng,mo2 xing2,model; pattern; mould,名,https://api.wohuimandarin.com/nls/tts?text=%E6%A8%A1%E5%9E%8B,0.0
6,抹杀,mo sha,mǒ shā,mo3 sha1,blot out; obliterate; write off,动,https://api.wohuimandarin.com/nls/tts?text=%E6%8A%B9%E6%9D%80,0.0
6,莫名其妙,mo ming qi miao,mò míng qí miào,mo4 ming2 qi2 miao4,be baffled; be in a fog,,https://api.wohuimandarin.com/nls/tts?text=%E8%8E%AB%E5%90%8D%E5%85%B6%E5%A6%99,0.0
6,默默,mo mo,mò mò,mo4 mo4,quietly; silently,副,https://api.wohuimandarin.com/nls/tts?text=%E9%BB%98%E9%BB%98,0.0
6,墨水儿,mo shui er,mò shuǐ er,mo4 shui3 er5,ink,,https://api.wohuimandarin.com/nls/tts?text=%E5%A2%A8%E6%B0%B4%E5%84%BF,0.0
6,谋求,mou qiu,móu qiú,mou2 qiu2,seek; strive for,动,https://api.wohuimandarin.com/nls/tts?text=%E8%B0%8B%E6%B1%82,0.0
6,模样,mu yang,mú yàng,mu2 yang4,appearance; look,名,https://api.wohuimandarin.com/nls/tts?text=%E6%A8%A1%E6%A0%B7,0.0
6,母语,mu yu,mǔ yǔ,mu3 yu3,mother tongue,名,https://api.wohuimandarin.com/nls/tts?text=%E6%AF%8D%E8%AF%AD,0.0
6,目睹,mu du,mù dǔ,mu4 du3,see with one's own eyes; witness,动,https://api.wohuimandarin.com/nls/tts?text=%E7%9B%AE%E7%9D%B9,0.0
6,目光,mu guang,mù guāng,mu4 guang1,sight; vision; view,名,https://api.wohuimandarin.com/nls/tts?text=%E7%9B%AE%E5%85%89,0.0
6,沐浴,mu yu,mù yù,mu4 yu4,have a bath,动,https://api.wohuimandarin.com/nls/tts?text=%E6%B2%90%E6%B5%B4,0.0
6,拿手,na shou,ná shǒu,na2 shou3,adept; expert; good at,形,https://api.wohuimandarin.com/nls/tts?text=%E6%8B%BF%E6%89%8B,0.0
6,纳闷儿,na men er,nà mèn er,na4 men4 er5,feel puzzled; be perplexed,动,https://api.wohuimandarin.com/nls/tts?text=%E7%BA%B3%E9%97%B7%E5%84%BF,0.0
6,耐用,nai yong,nài yòng,nai4 yong4,durable; stand wear and tear,形,https://api.wohuimandarin.com/nls/tts?text=%E8%80%90%E7%94%A8,0.0
6,难得,nan de,nán dé,nan2 de2,hard to come by; rare,形,https://api.wohuimandarin.com/nls/tts?text=%E9%9A%BE%E5%BE%97,0.0
6,难堪,nan kan,nán kān,nan2 kan1,intolerable; unbearable,形,https://api.wohuimandarin.com/nls/tts?text=%E9%9A%BE%E5%A0%AA,0.0
6,难能可贵,nan neng ke gui,nán néng kě guì,nan2 neng2 ke3 gui4,deserving praise for one's excellent performance or behaviour; estimable,,https://api.wohuimandarin.com/nls/tts?text=%E9%9A%BE%E8%83%BD%E5%8F%AF%E8%B4%B5,0.0
6,南辕北辙,nan yuan bei zhe,nán yuán běi zhé,nan2 yuan2 bei3 zhe2,to act in a way that defeats one's purpose [idiom],,https://api.wohuimandarin.com/nls/tts?text=%E5%8D%97%E8%BE%95%E5%8C%97%E8%BE%99,0.0
6,恼火,nao huo,nǎo huǒ,nao3 huo3,annoyed; irritated; vexed,形,https://api.wohuimandarin.com/nls/tts?text=%E6%81%BC%E7%81%AB,0.0
6,内涵,nei han,nèi hán,nei4 han2,connotation; implication,名,https://api.wohuimandarin.com/nls/tts?text=%E5%86%85%E6%B6%B5,0.0
6,内幕,nei mu,nèi mù,nei4 mu4,what goes on behind the scenes; inside story,名,https://api.wohuimandarin.com/nls/tts?text=%E5%86%85%E5%B9%95,0.0
6,内在,nei zai,nèi zài,nei4 zai4,inherent; intrinsic,形,https://api.wohuimandarin.com/nls/tts?text=%E5%86%85%E5%9C%A8,0.0
6,能量,neng liang,néng liàng,neng2 liang4,amount of energy,名,https://api.wohuimandarin.com/nls/tts?text=%E8%83%BD%E9%87%8F,0.0
6,拟定,ni ding,nǐ dìng,ni3 ding4,draft; draw up; work out,动,https://api.wohuimandarin.com/nls/tts?text=%E6%8B%9F%E5%AE%9A,0.0
6,逆行,ni xing,nì xíng,ni4 xing2,go against one-way traffic,动,https://api.wohuimandarin.com/nls/tts?text=%E9%80%86%E8%A1%8C,0.0
6,年度,nian du,nián dù,nian2 du4,year,名,https://api.wohuimandarin.com/nls/tts?text=%E5%B9%B4%E5%BA%A6,0.0
6,捏,nie,niē,nie1,hold between the fingers; pinch,动,https://api.wohuimandarin.com/nls/tts?text=ni%C4%93,0.0
6,拧,ning,níng,ning2,twist; wring; tweak,动,https://api.wohuimandarin.com/nls/tts?text=n%C3%ADng,0.0
6,凝固,ning gu,níng gù,ning2 gu4,solidify,动,https://api.wohuimandarin.com/nls/tts?text=%E5%87%9D%E5%9B%BA,0.0
6,凝聚,ning ju,níng jù,ning2 ju4,condense; coagulate; accumulate,动,https://api.wohuimandarin.com/nls/tts?text=%E5%87%9D%E8%81%9A,0.0
6,凝视,ning shi,níng shì,ning2 shi4,stare; gaze fixedly,动,https://api.wohuimandarin.com/nls/tts?text=%E5%87%9D%E8%A7%86,0.0
6,宁肯,ning ken,nìng kěn,ning4 ken3,would rather,副,https://api.wohuimandarin.com/nls/tts?text=%E5%AE%81%E8%82%AF,0.0
6,宁愿,ning yuan,nìng yuàn,ning4 yuan4,would rather; better,副,https://api.wohuimandarin.com/nls/tts?text=%E5%AE%81%E6%84%BF,0.0
6,纽扣儿,niu kou er,niǔ kòu er,niu3 kou4 er5,button,,https://api.wohuimandarin.com/nls/tts?text=%E7%BA%BD%E6%89%A3%E5%84%BF,0.0
6,扭转,niu zhuan,niǔ zhuǎn,niu3 zhuan3,turn round; reverse,动,https://api.wohuimandarin.com/nls/tts?text=%E6%89%AD%E8%BD%AC,0.0
6,浓厚,nong hou,nóng hòu,nong2 hou4,dense; deep; strong,形,https://api.wohuimandarin.com/nls/tts?text=%E6%B5%93%E5%8E%9A,0.0
6,农历,nong li,nóng lì,nong2 li4,[the traditional Chinese (agricultural/lunar) calendar],名,https://api.wohuimandarin.com/nls/tts?text=%E5%86%9C%E5%8E%86,0.0
6,奴隶,nu li,nú lì,nu2 li4,slave,名,https://api.wohuimandarin.com/nls/tts?text=%E5%A5%B4%E9%9A%B6,0.0
6,挪,nuo,nuó,nuo2,move; shift,动,https://api.wohuimandarin.com/nls/tts?text=nu%C3%B3,0.0
6,虐待,nve dai,nüè dài,nve4 dai4,maltreat; ill-treat; tyrannise,动,https://api.wohuimandarin.com/nls/tts?text=%E8%99%90%E5%BE%85,0.0
6,哦,o,ò,o4,softly chant,叹,https://api.wohuimandarin.com/nls/tts?text=%C3%B2,0.0
6,殴打,ou da,ōu dǎ,ou1 da3,beat up; hit,动,https://api.wohuimandarin.com/nls/tts?text=%E6%AE%B4%E6%89%93,0.0
6,呕吐,ou tu,ǒu tù,ou3 tu4,vomit; throw up; retch,动,https://api.wohuimandarin.com/nls/tts?text=%E5%91%95%E5%90%90,0.0
6,趴,pa,pā,pa1,lie on one's stomach,动,https://api.wohuimandarin.com/nls/tts?text=p%C4%81,0.0
6,排斥,pai chi,pái chì,pai2 chi4,repel; exclude; eject,动,https://api.wohuimandarin.com/nls/tts?text=%E6%8E%92%E6%96%A5,0.0
6,排除,pai chu,pái chú,pai2 chu2,get rid of; remove; eliminate,动,https://api.wohuimandarin.com/nls/tts?text=%E6%8E%92%E9%99%A4,0.0
6,排放,pai fang,pái fàng,pai2 fang4,discharge; issue,动,https://api.wohuimandarin.com/nls/tts?text=%E6%8E%92%E6%94%BE,0.0
6,徘徊,pai huai,pái huái,pai2 huai2,pace up and down; linger about; hesitate,动,https://api.wohuimandarin.com/nls/tts?text=%E5%BE%98%E5%BE%8A,0.0
6,排练,pai lian,pái liàn,pai2 lian4,rehearse,动,https://api.wohuimandarin.com/nls/tts?text=%E6%8E%92%E7%BB%83,0.0
6,派别,pai bie,pài bié,pai4 bie2,faction; category,名,https://api.wohuimandarin.com/nls/tts?text=%E6%B4%BE%E5%88%AB,0.0
6,派遣,pai qian,pài qiǎn,pai4 qian3,send someone on mission; dispatch,动,https://api.wohuimandarin.com/nls/tts?text=%E6%B4%BE%E9%81%A3,0.0
6,攀登,pan deng,pān dēng,pan1 deng1,climb; clamber; scale,动,https://api.wohuimandarin.com/nls/tts?text=%E6%94%80%E7%99%BB,0.0
6,盘旋,pan xuan,pán xuán,pan2 xuan2,circle (around); spiral,动,https://api.wohuimandarin.com/nls/tts?text=%E7%9B%98%E6%97%8B,0.0
6,畔,pan,pàn,pan4,side; bank; boundary,名,https://api.wohuimandarin.com/nls/tts?text=p%C3%A0n,0.0
6,判决,pan jue,pàn jué,pan4 jue2,court decision; judgment,动,https://api.wohuimandarin.com/nls/tts?text=%E5%88%A4%E5%86%B3,0.0
6,庞大,pang da,páng dà,pang2 da4,huge; enormous; massive,形,https://api.wohuimandarin.com/nls/tts?text=%E5%BA%9E%E5%A4%A7,0.0
6,抛弃,pao qi,pāo qì,pao1 qi4,throw away; abandon; forsake,动,https://api.wohuimandarin.com/nls/tts?text=%E6%8A%9B%E5%BC%83,0.0
6,泡沫,pao mo,pào mò,pao4 mo4,foam; froth,名,https://api.wohuimandarin.com/nls/tts?text=%E6%B3%A1%E6%B2%AB,0.0
6,培育,pei yu,péi yù,pei2 yu4,cultivate; foster; raise,动,https://api.wohuimandarin.com/nls/tts?text=%E5%9F%B9%E8%82%B2,0.0
6,配备,pei bei,pèi bèi,pei4 bei4,allocate; provide; fit out,动,https://api.wohuimandarin.com/nls/tts?text=%E9%85%8D%E5%A4%87,0.0
6,配偶,pei ou,pèi ǒu,pei4 ou3,spouse; partner; mate,名,https://api.wohuimandarin.com/nls/tts?text=%E9%85%8D%E5%81%B6,0.0
6,配套,pei tao,pèi tào,pei4 tao4,form a complete set; complement,动,https://api.wohuimandarin.com/nls/tts?text=%E9%85%8D%E5%A5%97,0.0
6,盆地,pen di,pén dì,pen2 di4,basin; saucer; bowl,名,https://api.wohuimandarin.com/nls/tts?text=%E7%9B%86%E5%9C%B0,0.0
6,烹饪,peng ren,pēng rèn,peng1 ren4,cooking; culinary art,动,https://api.wohuimandarin.com/nls/tts?text=%E7%83%B9%E9%A5%AA,0.0
6,捧,peng,pěng,peng3,hold or carry in both hands; boost; exalt,动,https://api.wohuimandarin.com/nls/tts?text=p%C4%9Bng,0.0
6,劈,pi,pī,pi1,split; chop; cleave,动,https://api.wohuimandarin.com/nls/tts?text=p%C4%AB,0.0
6,批发,pi fa,pī fā,pi1 fa1,wholesale; be authorised for dispatch,动,https://api.wohuimandarin.com/nls/tts?text=%E6%89%B9%E5%8F%91,0.0
6,批判,pi pan,pī pàn,pi1 pan4,criticise; repudiate; critique,动,https://api.wohuimandarin.com/nls/tts?text=%E6%89%B9%E5%88%A4,0.0
6,疲惫,pi bei,pí bèi,pi2 bei4,tired out; weary; exhausted,形,https://api.wohuimandarin.com/nls/tts?text=%E7%96%B2%E6%83%AB,0.0
6,皮革,pi ge,pí gé,pi2 ge2,leather; hide,名,https://api.wohuimandarin.com/nls/tts?text=%E7%9A%AE%E9%9D%A9,0.0
6,疲倦,pi juan,pí juàn,pi2 juan4,tired; weary; fatigued,形,https://api.wohuimandarin.com/nls/tts?text=%E7%96%B2%E5%80%A6,0.0
6,屁股,pi gu,pì gu,pi4 gu5,buttocks; bottom; behind,名,https://api.wohuimandarin.com/nls/tts?text=%E5%B1%81%E8%82%A1,0.0
6,譬如,pi ru,pì rú,pi4 ru2,for example; for instance; such as,动,https://api.wohuimandarin.com/nls/tts?text=%E8%AD%AC%E5%A6%82,0.0
6,偏差,pian cha,piān chā,pian1 cha1,deviation; offset; deflection,名,https://api.wohuimandarin.com/nls/tts?text=%E5%81%8F%E5%B7%AE,0.0
6,偏见,pian jian,piān jiàn,pian1 jian4,prejudice; bias,名,https://api.wohuimandarin.com/nls/tts?text=%E5%81%8F%E8%A7%81,0.0
6,偏僻,pian pi,piān pì,pian1 pi4,remote; out-of-the-way; far-off,形,https://api.wohuimandarin.com/nls/tts?text=%E5%81%8F%E5%83%BB,0.0
6,偏偏,pian pian,piān piān,pian1 pian1,deliberately; just; only,副,https://api.wohuimandarin.com/nls/tts?text=%E5%81%8F%E5%81%8F,0.0
6,片断,pian duan,piàn duàn,pian4 duan4,segment,名,https://api.wohuimandarin.com/nls/tts?text=%E7%89%87%E6%96%AD,0.0
6,片刻,pian ke,piàn kè,pian4 ke4,an instant; a moment; a little while,名,https://api.wohuimandarin.com/nls/tts?text=%E7%89%87%E5%88%BB,0.0
6,漂浮,piao fu,piāo fú,piao1 fu2,float; superficial,动,https://api.wohuimandarin.com/nls/tts?text=%E6%BC%82%E6%B5%AE,0.0
6,飘扬,piao yang,piāo yáng,piao1 yang2,wave; flutter; fly,动,https://api.wohuimandarin.com/nls/tts?text=%E9%A3%98%E6%89%AC,0.0
6,撇,pie,piě,pie3,to throw,名,https://api.wohuimandarin.com/nls/tts?text=pi%C4%9B,0.0
6,拼搏,pin bo,pīn bó,pin1 bo2,go all out in work; combat,动,https://api.wohuimandarin.com/nls/tts?text=%E6%8B%BC%E6%90%8F,0.0
6,拼命,pin ming,pīn mìng,pin1 ming4,risk one's life; desperately,动,https://api.wohuimandarin.com/nls/tts?text=%E6%8B%BC%E5%91%BD,0.0
6,贫乏,pin fa,pín fá,pin2 fa2,poor; meagre,形,https://api.wohuimandarin.com/nls/tts?text=%E8%B4%AB%E4%B9%8F,0.0
6,频繁,pin fan,pín fán,pin2 fan2,frequently; often,形,https://api.wohuimandarin.com/nls/tts?text=%E9%A2%91%E7%B9%81,0.0
6,贫困,pin kun,pín kùn,pin2 kun4,impoverished; poverty-stricken,形,https://api.wohuimandarin.com/nls/tts?text=%E8%B4%AB%E5%9B%B0,0.0
6,频率,pin lv,pín lǜ,pin2 lv4,frequency; rate,名,https://api.wohuimandarin.com/nls/tts?text=%E9%A2%91%E7%8E%87,0.0
6,品尝,pin chang,pǐn cháng,pin3 chang2,taste; sample,动,https://api.wohuimandarin.com/nls/tts?text=%E5%93%81%E5%B0%9D,0.0
6,品德,pin de,pǐn dé,pin3 de2,moral character; morality,名,https://api.wohuimandarin.com/nls/tts?text=%E5%93%81%E5%BE%B7,0.0
6,品质,pin zhi,pǐn zhì,pin3 zhi4,character; quality,名,https://api.wohuimandarin.com/nls/tts?text=%E5%93%81%E8%B4%A8,0.0
6,品种,pin zhong,pǐn zhǒng,pin3 zhong3,breed; strain; variety,名,https://api.wohuimandarin.com/nls/tts?text=%E5%93%81%E7%A7%8D,0.0
6,平凡,ping fan,píng fán,ping2 fan2,ordinary; common,形,https://api.wohuimandarin.com/nls/tts?text=%E5%B9%B3%E5%87%A1,0.0
6,评估,ping gu,píng gū,ping2 gu1,estimate; assess; appraise,动,https://api.wohuimandarin.com/nls/tts?text=%E8%AF%84%E4%BC%B0,0.0
6,评论,ping lun,píng lùn,ping2 lun4,comment on; discuss,动/名,https://api.wohuimandarin.com/nls/tts?text=%E8%AF%84%E8%AE%BA,0.0
6,平面,ping mian,píng miàn,ping2 mian4,plane; flat surface,名,https://api.wohuimandarin.com/nls/tts?text=%E5%B9%B3%E9%9D%A2,0.0
6,屏幕,ping mu,píng mù,ping2 mu4,screen,名,https://api.wohuimandarin.com/nls/tts?text=%E5%B1%8F%E5%B9%95,0.0
6,平坦,ping tan,píng tǎn,ping2 tan3,even; smooth; level,形,https://api.wohuimandarin.com/nls/tts?text=%E5%B9%B3%E5%9D%A6,0.0
6,平行,ping xing,píng xíng,ping2 xing2,on an equal footing; parallel; simultaneous,形,https://api.wohuimandarin.com/nls/tts?text=%E5%B9%B3%E8%A1%8C,0.0
6,平庸,ping yong,píng yōng,ping2 yong1,"mediocre, common place",形,https://api.wohuimandarin.com/nls/tts?text=%E5%B9%B3%E5%BA%B8,0.0
6,平原,ping yuan,píng yuán,ping2 yuan2,plain; flatlands,名,https://api.wohuimandarin.com/nls/tts?text=%E5%B9%B3%E5%8E%9F,0.0
6,屏障,ping zhang,píng zhàng,ping2 zhang4,protective screen,名,https://api.wohuimandarin.com/nls/tts?text=%E5%B1%8F%E9%9A%9C,0.0
6,坡,po,pō,po1,slope; slanting,名,https://api.wohuimandarin.com/nls/tts?text=p%C5%8D,0.0
6,泼,po,pō,po1,sprinkle; splash,名,https://api.wohuimandarin.com/nls/tts?text=p%C5%8D,0.0
6,颇,po,pō,po1,inclined to one side; oblique; quite,副,https://api.wohuimandarin.com/nls/tts?text=p%C5%8D,0.0
6,迫不及待,po bu ji dai,pò bù jí dài,po4 bu4 ji2 dai4,unable to hold oneself back; in haste,,https://api.wohuimandarin.com/nls/tts?text=%E8%BF%AB%E4%B8%8D%E5%8F%8A%E5%BE%85,0.0
6,迫害,po hai,pò hài,po4 hai4,persecute; oppress cruelly,动,https://api.wohuimandarin.com/nls/tts?text=%E8%BF%AB%E5%AE%B3,0.0
6,魄力,po li,pò lì,po4 li4,daring; courage,名,https://api.wohuimandarin.com/nls/tts?text=%E9%AD%84%E5%8A%9B,0.0
6,破例,po li,pò lì,po4 li4,break a rule; make an exception,动,https://api.wohuimandarin.com/nls/tts?text=%E7%A0%B4%E4%BE%8B,0.0
6,扑,pu,pū,pu1,dedicate all one's energies to a cause,动,https://api.wohuimandarin.com/nls/tts?text=p%C5%AB,0.0
6,铺,pu,pū,pu1,spread; display; bed,动,https://api.wohuimandarin.com/nls/tts?text=p%C5%AB,0.0
6,普及,pu ji,pǔ jí,pu3 ji2,popularise; disseminate;  universal,动,https://api.wohuimandarin.com/nls/tts?text=%E6%99%AE%E5%8F%8A,0.0
6,朴实,pu shi,pǔ shí,pu3 shi2,simple; plain,形,https://api.wohuimandarin.com/nls/tts?text=%E6%9C%B4%E5%AE%9E,0.0
6,朴素,pu su,pǔ sù,pu3 su4,simple; plain,形,https://api.wohuimandarin.com/nls/tts?text=%E6%9C%B4%E7%B4%A0,0.0
6,瀑布,pu bu,pù bù,pu4 bu4,waterfall; falls,名,https://api.wohuimandarin.com/nls/tts?text=%E7%80%91%E5%B8%83,0.0
6,欺负,qi fu,qī fu,qi1 fu5,browbeat; take advantage of; pick on,动,https://api.wohuimandarin.com/nls/tts?text=%E6%AC%BA%E8%B4%9F,0.0
6,凄凉,qi liang,qī liáng,qi1 liang2,dreary; desolate; gloomy and forlorn,形,https://api.wohuimandarin.com/nls/tts?text=%E5%87%84%E5%87%89,0.0
6,欺骗,qi pian,qī piàn,qi1 pian4,cheat; deceive; defraud,动,https://api.wohuimandarin.com/nls/tts?text=%E6%AC%BA%E9%AA%97,0.0
6,期望,qi wang,qī wàng,qi1 wang4,hope; expectation; wish,动,https://api.wohuimandarin.com/nls/tts?text=%E6%9C%9F%E6%9C%9B,0.0
6,期限,qi xian,qī xiàn,qi1 xian4,time limit; allotted time; deadline,名,https://api.wohuimandarin.com/nls/tts?text=%E6%9C%9F%E9%99%90,0.0
6,奇妙,qi miao,qí miào,qi2 miao4,marvellous; wonderful; intriguing,形,https://api.wohuimandarin.com/nls/tts?text=%E5%A5%87%E5%A6%99,0.0
6,旗袍,qi pao,qí páo,qi2 pao2,chi-pao/cheongsam [a close-fitting woman's dress with high neck and slit skirt],名,https://api.wohuimandarin.com/nls/tts?text=%E6%97%97%E8%A2%8D,0.0
6,齐全,qi quan,qí quán,qi2 quan2,complete; ready,形,https://api.wohuimandarin.com/nls/tts?text=%E9%BD%90%E5%85%A8,0.0
6,歧视,qi shi,qí shì,qi2 shi4,discriminate against,动,https://api.wohuimandarin.com/nls/tts?text=%E6%AD%A7%E8%A7%86,0.0
6,齐心协力,qi xin xie li,qí xīn xié lì,qi2 xin1 xie2 li4,make a concerted effort,,https://api.wohuimandarin.com/nls/tts?text=%E9%BD%90%E5%BF%83%E5%8D%8F%E5%8A%9B,0.0
6,旗帜,qi zhi,qí zhì,qi2 zhi4,banner; flag; colours,名,https://api.wohuimandarin.com/nls/tts?text=%E6%97%97%E5%B8%9C,0.0
6,起草,qi cao,qǐ cǎo,qi3 cao3,draft; draw up; write out,动,https://api.wohuimandarin.com/nls/tts?text=%E8%B5%B7%E8%8D%89,0.0
6,启程,qi cheng,qǐ chéng,qi3 cheng2,set out; start on a journey,名,https://api.wohuimandarin.com/nls/tts?text=%E5%90%AF%E7%A8%8B,0.0
6,起初,qi chu,qǐ chū,qi3 chu1,originally; at first; in the beginning,名,https://api.wohuimandarin.com/nls/tts?text=%E8%B5%B7%E5%88%9D,0.0
6,起伏,qi fu,qǐ fú,qi3 fu2,rise and fall; ups and downs; undulate,动,https://api.wohuimandarin.com/nls/tts?text=%E8%B5%B7%E4%BC%8F,0.0
6,乞丐,qi gai,qǐ gài,qi3 gai4,beggar,名,https://api.wohuimandarin.com/nls/tts?text=%E4%B9%9E%E4%B8%90,0.0
6,起哄,qi hong,qǐ hòng,qi3 hong4,gather together to stir up trouble,动,https://api.wohuimandarin.com/nls/tts?text=%E8%B5%B7%E5%93%84,0.0
6,起码,qi ma,qǐ mǎ,qi3 ma3,elementary; rudimentary,名,https://api.wohuimandarin.com/nls/tts?text=%E8%B5%B7%E7%A0%81,0.0
6,启蒙,qi meng,qǐ méng,qi3 meng2,enlightened,动,https://api.wohuimandarin.com/nls/tts?text=%E5%90%AF%E8%92%99,0.0
6,启事,qi shi,qǐ shì,qi3 shi4,notice; announcement,名,https://api.wohuimandarin.com/nls/tts?text=%E5%90%AF%E4%BA%8B,0.0
6,启示,qi shi,qǐ shì,qi3 shi4,inspiration; enlightenment; revelation,动/名,https://api.wohuimandarin.com/nls/tts?text=%E5%90%AF%E7%A4%BA,0.0
6,企图,qi tu,qǐ tú,qi3 tu2,attempt; seek; try,动/名,https://api.wohuimandarin.com/nls/tts?text=%E4%BC%81%E5%9B%BE,0.0
6,岂有此理,qi you ci li,qǐ yǒu cǐ lǐ,qi3 you3 ci3 li3,there is no such a rule; absurd,,https://api.wohuimandarin.com/nls/tts?text=%E5%B2%82%E6%9C%89%E6%AD%A4%E7%90%86,0.0
6,起源,qi yuan,qǐ yuán,qi3 yuan2,origin; beginning,名,https://api.wohuimandarin.com/nls/tts?text=%E8%B5%B7%E6%BA%90,0.0
6,器材,qi cai,qì cái,qi4 cai2,equipment; material; apparatus,名,https://api.wohuimandarin.com/nls/tts?text=%E5%99%A8%E6%9D%90,0.0
6,气概,qi gai,qì gài,qi4 gai4,mettle; spirit; heroic manner,名,https://api.wohuimandarin.com/nls/tts?text=%E6%B0%94%E6%A6%82,0.0
6,气功,qi gong,qì gōng,qi4 gong1,qigong [a system of deep breathing exercises; breathing technique],名,https://api.wohuimandarin.com/nls/tts?text=%E6%B0%94%E5%8A%9F,0.0
6,器官,qi guan,qì guān,qi4 guan1,organ; apparatus,名,https://api.wohuimandarin.com/nls/tts?text=%E5%99%A8%E5%AE%98,0.0
6,迄今为止,qi jin wei zhi,qì jīn wéi zhǐ,qi4 jin1 wei2 zhi3,to this day; thus far; so far,,https://api.wohuimandarin.com/nls/tts?text=%E8%BF%84%E4%BB%8A%E4%B8%BA%E6%AD%A2,0.0
6,气魄,qi po,qì pò,qi4 po4,boldness of vision; daring; courage,名,https://api.wohuimandarin.com/nls/tts?text=%E6%B0%94%E9%AD%84,0.0
6,气色,qi se,qì sè,qi4 se4,complexion; colour,名,https://api.wohuimandarin.com/nls/tts?text=%E6%B0%94%E8%89%B2,0.0
6,气势,qi shi,qì shì,qi4 shi4,momentum; imposing manner,名,https://api.wohuimandarin.com/nls/tts?text=%E6%B0%94%E5%8A%BF,0.0
6,气味,qi wei,qì wèi,qi4 wei4,smell; odour; flavour,名,https://api.wohuimandarin.com/nls/tts?text=%E6%B0%94%E5%91%B3,0.0
6,气象,qi xiang,qì xiàng,qi4 xiang4,meteorology; atmosphere,名,https://api.wohuimandarin.com/nls/tts?text=%E6%B0%94%E8%B1%A1,0.0
6,气压,qi ya,qì yā,qi4 ya1,pressure; atmospheric pressure; gas pressure,名,https://api.wohuimandarin.com/nls/tts?text=%E6%B0%94%E5%8E%8B,0.0
6,气质,qi zhi,qì zhì,qi4 zhi4,manners,名,https://api.wohuimandarin.com/nls/tts?text=%E6%B0%94%E8%B4%A8,0.0
6,掐,qia,qiā,qia1,pinch; nip; clutch,动,https://api.wohuimandarin.com/nls/tts?text=qi%C4%81,0.0
6,恰当,qia dang,qià dàng,qia4 dang4,suitable; fitting; appropriate,形,https://api.wohuimandarin.com/nls/tts?text=%E6%81%B0%E5%BD%93,0.0
6,恰到好处,qia dao hao chu,qià dào hǎo chù,qia4 dao4 hao3 chu4,be just perfect; be to the point; just right,副,https://api.wohuimandarin.com/nls/tts?text=%E6%81%B0%E5%88%B0%E5%A5%BD%E5%A4%84,0.0
6,恰巧,qia qiao,qià qiǎo,qia4 qiao3,fortunately; as chance would have it,副,https://api.wohuimandarin.com/nls/tts?text=%E6%81%B0%E5%B7%A7,0.0
6,洽谈,qia tan,qià tán,qia4 tan2,make arrangements with; talk over with,动,https://api.wohuimandarin.com/nls/tts?text=%E6%B4%BD%E8%B0%88,0.0
6,牵,qian,qiān,qian1,to lead along; to pull; implicate,动,https://api.wohuimandarin.com/nls/tts?text=qi%C4%81n,0.0
6,牵扯,qian che,qiān chě,qian1 che3,involve; implicate; drag into,动,https://api.wohuimandarin.com/nls/tts?text=%E7%89%B5%E6%89%AF,0.0
6,千方百计,qian fang bai ji,qiān fāng bǎi jì,qian1 fang1 bai3 ji4,make every attempt to; use every means to,,https://api.wohuimandarin.com/nls/tts?text=%E5%8D%83%E6%96%B9%E7%99%BE%E8%AE%A1,0.0
6,迁就,qian jiu,qiān jiù,qian1 jiu4,yield to; give in to,动,https://api.wohuimandarin.com/nls/tts?text=%E8%BF%81%E5%B0%B1,0.0
6,签署,qian shu,qiān shǔ,qian1 shu3,sign (an agreement),动,https://api.wohuimandarin.com/nls/tts?text=%E7%AD%BE%E7%BD%B2,0.0
6,迁徙,qian xi,qiān xǐ,qian1 xi3,move; migrate,动,https://api.wohuimandarin.com/nls/tts?text=%E8%BF%81%E5%BE%99,0.0
6,谦逊,qian xun,qiān xùn,qian1 xun4,modest; unassuming,形,https://api.wohuimandarin.com/nls/tts?text=%E8%B0%A6%E9%80%8A,0.0
6,牵制,qian zhi,qiān zhì,qian1 zhi4,pin down; tie up,动,https://api.wohuimandarin.com/nls/tts?text=%E7%89%B5%E5%88%B6,0.0
6,前景,qian jing,qián jǐng,qian2 jing3,foreground; prospect; vista,名,https://api.wohuimandarin.com/nls/tts?text=%E5%89%8D%E6%99%AF,0.0
6,潜力,qian li,qián lì,qian2 li4,latent capacity; potential,动,https://api.wohuimandarin.com/nls/tts?text=%E6%BD%9C%E5%8A%9B,0.0
6,潜水,qian shui,qián shuǐ,qian2 shui3,go under water; dive; ground water,动,https://api.wohuimandarin.com/nls/tts?text=%E6%BD%9C%E6%B0%B4,0.0
6,前提,qian ti,qián tí,qian2 ti2,premise,名,https://api.wohuimandarin.com/nls/tts?text=%E5%89%8D%E6%8F%90,0.0
6,潜移默化,qian yi mo hua,qián yí mò huà,qian2 yi2 mo4 hua4,exert a subtle influence on somebody's character,,https://api.wohuimandarin.com/nls/tts?text=%E6%BD%9C%E7%A7%BB%E9%BB%98%E5%8C%96,0.0
6,谴责,qian ze,qiǎn zé,qian3 ze2,condemn; blame; denounce,动,https://api.wohuimandarin.com/nls/tts?text=%E8%B0%B4%E8%B4%A3,0.0
6,抢劫,qiang jie,qiāng jié,qiang1 jie2,rob; loot; plunder,动,https://api.wohuimandarin.com/nls/tts?text=%E6%8A%A2%E5%8A%AB,0.0
6,强制,qiang zhi,qiáng zhì,qiang2 zhi4,force; compel; coerce,动,https://api.wohuimandarin.com/nls/tts?text=%E5%BC%BA%E5%88%B6,0.0
6,抢救,qiang jiu,qiǎng jiù,qiang3 jiu4,rescue; save; salvage,动,https://api.wohuimandarin.com/nls/tts?text=%E6%8A%A2%E6%95%91,0.0
6,强迫,qiang po,qiǎng pò,qiang3 po4,force; compel; impel,动,https://api.wohuimandarin.com/nls/tts?text=%E5%BC%BA%E8%BF%AB,0.0
6,桥梁,qiao liang,qiáo liáng,qiao2 liang2,bridge; approach,名,https://api.wohuimandarin.com/nls/tts?text=%E6%A1%A5%E6%A2%81,0.0
6,翘,qiao,qiào,qiao4,stick up; bend upwards; curl up,动,https://api.wohuimandarin.com/nls/tts?text=qi%C3%A0o,0.0
6,窍门,qiao men,qiào mén,qiao4 men2,a trick,名,https://api.wohuimandarin.com/nls/tts?text=%E7%AA%8D%E9%97%A8,0.0
6,锲而不舍,qie er bu she,qiè ér bù shě,qie4 er2 bu4 she3,keep on chipping away; work with perseverance,,https://api.wohuimandarin.com/nls/tts?text=%E9%94%B2%E8%80%8C%E4%B8%8D%E8%88%8D,0.0
6,切实,qie shi,qiè shí,qie4 shi2,practical; feasible; realistic,形,https://api.wohuimandarin.com/nls/tts?text=%E5%88%87%E5%AE%9E,0.0
6,侵犯,qin fan,qīn fàn,qin1 fan4,encroach on; infringe upon,动,https://api.wohuimandarin.com/nls/tts?text=%E4%BE%B5%E7%8A%AF,0.0
6,侵略,qin lve,qīn lüè,qin1 lve4,invade; aggress,动,https://api.wohuimandarin.com/nls/tts?text=%E4%BE%B5%E7%95%A5,0.0
6,亲密,qin mi,qīn mì,qin1 mi4,intimate,形,https://api.wohuimandarin.com/nls/tts?text=%E4%BA%B2%E5%AF%86,0.0
6,钦佩,qin pei,qīn pèi,qin1 pei4,admire; respect; think highly of,动,https://api.wohuimandarin.com/nls/tts?text=%E9%92%A6%E4%BD%A9,0.0
6,亲热,qin re,qīn rè,qin1 re4,warm; affectionate,动/形,https://api.wohuimandarin.com/nls/tts?text=%E4%BA%B2%E7%83%AD,0.0
6,勤俭,qin jian,qín jiǎn,qin2 jian3,hardworking and thrifty,形,https://api.wohuimandarin.com/nls/tts?text=%E5%8B%A4%E4%BF%AD,0.0
6,勤劳,qin lao,qín láo,qin2 lao2,diligent; industrious; hardworking,形,https://api.wohuimandarin.com/nls/tts?text=%E5%8B%A4%E5%8A%B3,0.0
6,清澈,qing che,qīng chè,qing1 che4,clear; limpid,形,https://api.wohuimandarin.com/nls/tts?text=%E6%B8%85%E6%BE%88,0.0
6,清晨,qing chen,qīng chén,qing1 chen2,early morning,名,https://api.wohuimandarin.com/nls/tts?text=%E6%B8%85%E6%99%A8,0.0
6,清除,qing chu,qīng chú,qing1 chu2,clean up; purge; reset,动,https://api.wohuimandarin.com/nls/tts?text=%E6%B8%85%E9%99%A4,0.0
6,清洁,qing jie,qīng jié,qing1 jie2,clean,形,https://api.wohuimandarin.com/nls/tts?text=%E6%B8%85%E6%B4%81,0.0
6,清理,qing li,qīng lǐ,qing1 li3,put in order; disentangle,动,https://api.wohuimandarin.com/nls/tts?text=%E6%B8%85%E7%90%86,0.0
6,倾听,qing ting,qīng tīng,qing1 ting1,listen for; listen attentively to,动,https://api.wohuimandarin.com/nls/tts?text=%E5%80%BE%E5%90%AC,0.0
6,清晰,qing xi,qīng xī,qing1 xi1,vivid; distinct; clear,形,https://api.wohuimandarin.com/nls/tts?text=%E6%B8%85%E6%99%B0,0.0
6,倾向,qing xiang,qīng xiàng,qing1 xiang4,be inclined to; prefer,动/名,https://api.wohuimandarin.com/nls/tts?text=%E5%80%BE%E5%90%91,0.0
6,倾斜,qing xie,qīng xié,qing1 xie2,bias; tilt; lean,动,https://api.wohuimandarin.com/nls/tts?text=%E5%80%BE%E6%96%9C,0.0
6,清醒,qing xing,qīng xǐng,qing1 xing3,clear-headed; sober; come to/round,形,https://api.wohuimandarin.com/nls/tts?text=%E6%B8%85%E9%86%92,0.0
6,清真,qing zhen,qīng zhēn,qing1 zhen1,Islamic; Muslim,形,https://api.wohuimandarin.com/nls/tts?text=%E6%B8%85%E7%9C%9F,0.0
6,情报,qing bao,qíng bào,qing2 bao4,intelligence; information,名,https://api.wohuimandarin.com/nls/tts?text=%E6%83%85%E6%8A%A5,0.0
6,情节,qing jie,qíng jié,qing2 jie2,plot; story; details of a case,名,https://api.wohuimandarin.com/nls/tts?text=%E6%83%85%E8%8A%82,0.0
6,晴朗,qing lang,qíng lǎng,qing2 lang3,fine and cloudless,形,https://api.wohuimandarin.com/nls/tts?text=%E6%99%B4%E6%9C%97,0.0
6,情理,qing li,qíng lǐ,qing2 li3,reason; sense,名,https://api.wohuimandarin.com/nls/tts?text=%E6%83%85%E7%90%86,0.0
6,情形,qing xing,qíng xíng,qing2 xing2,circumstances; situation; state of affairs,名,https://api.wohuimandarin.com/nls/tts?text=%E6%83%85%E5%BD%A2,0.0
6,请柬,qing jian,qǐng jiǎn,qing3 jian3,invitation card,名,https://api.wohuimandarin.com/nls/tts?text=%E8%AF%B7%E6%9F%AC,0.0
6,请教,qing jiao,qǐng jiào,qing3 jiao4,ask for advice; consult,动,https://api.wohuimandarin.com/nls/tts?text=%E8%AF%B7%E6%95%99,0.0
6,请示,qing shi,qǐng shì,qing3 shi4,request/ask for instructions,动,https://api.wohuimandarin.com/nls/tts?text=%E8%AF%B7%E7%A4%BA,0.0
6,请帖,qing tie,qǐng tiě,qing3 tie3,invitation (card),名,https://api.wohuimandarin.com/nls/tts?text=%E8%AF%B7%E5%B8%96,0.0
6,丘陵,qiu ling,qiū líng,qiu1 ling2,hills,名,https://api.wohuimandarin.com/nls/tts?text=%E4%B8%98%E9%99%B5,0.0
6,区分,qu fen,qū fēn,qu1 fen1,discriminate; differentiate; make a distinction between,动,https://api.wohuimandarin.com/nls/tts?text=%E5%8C%BA%E5%88%86,0.0
6,屈服,qu fu,qū fú,qu1 fu2,surrender; yield,动,https://api.wohuimandarin.com/nls/tts?text=%E5%B1%88%E6%9C%8D,0.0
6,区域,qu yu,qū yù,qu1 yu4,area; reach; domain,名,https://api.wohuimandarin.com/nls/tts?text=%E5%8C%BA%E5%9F%9F,0.0
6,曲折,qu zhe,qū zhé,qu1 zhe2,circuitous; intricate; tortuous,形,https://api.wohuimandarin.com/nls/tts?text=%E6%9B%B2%E6%8A%98,0.0
6,驱逐,qu zhu,qū zhú,qu1 zhu2,drive out; expel; banish,动,https://api.wohuimandarin.com/nls/tts?text=%E9%A9%B1%E9%80%90,0.0
6,渠道,qu dao,qú dào,qu2 dao4,irrigation ditch; canal; channel,名,https://api.wohuimandarin.com/nls/tts?text=%E6%B8%A0%E9%81%93,0.0
6,取缔,qu di,qǔ dì,qu3 di4,ban; prohibit; forbid,动,https://api.wohuimandarin.com/nls/tts?text=%E5%8F%96%E7%BC%94,0.0
6,曲子,qu zi,qǔ zi,qu3 zi5,tune; melody,名,https://api.wohuimandarin.com/nls/tts?text=%E6%9B%B2%E5%AD%90,0.0
6,趣味,qu wei,qù wèi,qu4 wei4,interest; delight,名,https://api.wohuimandarin.com/nls/tts?text=%E8%B6%A3%E5%91%B3,0.0
6,圈套,quan tao,quān tào,quan1 tao4,snare; trap,名,https://api.wohuimandarin.com/nls/tts?text=%E5%9C%88%E5%A5%97,0.0
6,权衡,quan heng,quán héng,quan2 heng2,judge; weigh and consider,动,https://api.wohuimandarin.com/nls/tts?text=%E6%9D%83%E8%A1%A1,0.0
6,全局,quan ju,quán jú,quan2 ju2,situation as a whole,名,https://api.wohuimandarin.com/nls/tts?text=%E5%85%A8%E5%B1%80,0.0
6,全力以赴,quan li yi fu,quán lì yǐ fù,quan2 li4 yi3 fu4,devote every effort to,,https://api.wohuimandarin.com/nls/tts?text=%E5%85%A8%E5%8A%9B%E4%BB%A5%E8%B5%B4,0.0
6,拳头,quan tou,quán tou,quan2 tou5,fist,名,https://api.wohuimandarin.com/nls/tts?text=%E6%8B%B3%E5%A4%B4,0.0
6,权威,quan wei,quán wēi,quan2 wei1,authority,名,https://api.wohuimandarin.com/nls/tts?text=%E6%9D%83%E5%A8%81,0.0
6,犬,quan,quǎn,quan3,dog,名,https://api.wohuimandarin.com/nls/tts?text=qu%C7%8En,0.0
6,缺口,que kou,quē kǒu,que1 kou3,breach; gap; loophole,名,https://api.wohuimandarin.com/nls/tts?text=%E7%BC%BA%E5%8F%A3,0.0
6,缺席,que xi,quē xí,que1 xi2,absent,动,https://api.wohuimandarin.com/nls/tts?text=%E7%BC%BA%E5%B8%AD,0.0
6,缺陷,que xian,quē xiàn,que1 xian4,defect; fault,名,https://api.wohuimandarin.com/nls/tts?text=%E7%BC%BA%E9%99%B7,0.0
6,瘸,que,qué,que2,be lame; limp,动,https://api.wohuimandarin.com/nls/tts?text=qu%C3%A9,0.0
6,确保,que bao,què bǎo,que4 bao3,ensure; guarantee,动,https://api.wohuimandarin.com/nls/tts?text=%E7%A1%AE%E4%BF%9D,0.0
6,确立,que li,què lì,que4 li4,establish,动,https://api.wohuimandarin.com/nls/tts?text=%E7%A1%AE%E7%AB%8B,0.0
6,确切,que qie,què qiè,que4 qie4,definite; exact; precise,形,https://api.wohuimandarin.com/nls/tts?text=%E7%A1%AE%E5%88%87,0.0
6,确信,que xin,què xìn,que4 xin4,firmly believe; be convinced; be sure,动,https://api.wohuimandarin.com/nls/tts?text=%E7%A1%AE%E4%BF%A1,0.0
6,群众,qun zhong,qún zhòng,qun2 zhong4,the masses; general public; the common people,名,https://api.wohuimandarin.com/nls/tts?text=%E7%BE%A4%E4%BC%97,0.0
6,染,ran,rǎn,ran3,dye; acquire; soil,动,https://api.wohuimandarin.com/nls/tts?text=r%C7%8En,0.0
6,嚷,rang,rǎng,rang3,to shout; blurt out; make a noise,动,https://api.wohuimandarin.com/nls/tts?text=r%C7%8Eng,0.0
6,让步,rang bu,ràng bù,rang4 bu4,to concede; compromise,动,https://api.wohuimandarin.com/nls/tts?text=%E8%AE%A9%E6%AD%A5,0.0
6,饶恕,rao shu,ráo shù,rao2 shu4,forgive; pardon; excuse,动,https://api.wohuimandarin.com/nls/tts?text=%E9%A5%B6%E6%81%95,0.0
6,扰乱,rao luan,rǎo luàn,rao3 luan4,harass; disturb; cause havoc,动,https://api.wohuimandarin.com/nls/tts?text=%E6%89%B0%E4%B9%B1,0.0
6,惹祸,re huo,rě huò,re3 huo4,court disaster; stir up trouble,动,https://api.wohuimandarin.com/nls/tts?text=%E6%83%B9%E7%A5%B8,0.0
6,热泪盈眶,re lei ying kuang,rè lèi yíng kuàng,re4 lei4 ying2 kuang4,tears welled up in one's eyes,,https://api.wohuimandarin.com/nls/tts?text=%E7%83%AD%E6%B3%AA%E7%9B%88%E7%9C%B6,0.0
6,热门,re men,rè mén,re4 men2,in great demand; hot topic,名,https://api.wohuimandarin.com/nls/tts?text=%E7%83%AD%E9%97%A8,0.0
6,仁慈,ren ci,rén cí,ren2 ci2,benevolent; merciful; kind,形,https://api.wohuimandarin.com/nls/tts?text=%E4%BB%81%E6%85%88,0.0
6,人道,ren dao,rén dào,ren2 dao4,humanity; human sympathy,名,https://api.wohuimandarin.com/nls/tts?text=%E4%BA%BA%E9%81%93,0.0
6,人格,ren ge,rén gé,ren2 ge2,personality; character,名,https://api.wohuimandarin.com/nls/tts?text=%E4%BA%BA%E6%A0%BC,0.0
6,人工,ren gong,rén gōng,ren2 gong1,man-made; artificial,形,https://api.wohuimandarin.com/nls/tts?text=%E4%BA%BA%E5%B7%A5,0.0
6,人家,ren jia,rén jia,ren2 jia5,other; another,代,https://api.wohuimandarin.com/nls/tts?text=%E4%BA%BA%E5%AE%B6,0.0
6,人间,ren jian,rén jiān,ren2 jian1,the (human) world,名,https://api.wohuimandarin.com/nls/tts?text=%E4%BA%BA%E9%97%B4,0.0
6,人士,ren shi,rén shì,ren2 shi4,public figure; personage,名,https://api.wohuimandarin.com/nls/tts?text=%E4%BA%BA%E5%A3%AB,0.0
6,人为,ren wei,rén wéi,ren2 wei2,artificial; man-made,形,https://api.wohuimandarin.com/nls/tts?text=%E4%BA%BA%E4%B8%BA,0.0
6,人性,ren xing,rén xìng,ren2 xing4,human feelings; reason,名,https://api.wohuimandarin.com/nls/tts?text=%E4%BA%BA%E6%80%A7,0.0
6,人质,ren zhi,rén zhì,ren2 zhi4,hostage,名,https://api.wohuimandarin.com/nls/tts?text=%E4%BA%BA%E8%B4%A8,0.0
6,忍耐,ren nai,rěn nài,ren3 nai4,exercise patience; restrain oneself; be tolerant of,动,https://api.wohuimandarin.com/nls/tts?text=%E5%BF%8D%E8%80%90,0.0
6,忍受,ren shou,rěn shòu,ren3 shou4,bear; undergo; suffer,动,https://api.wohuimandarin.com/nls/tts?text=%E5%BF%8D%E5%8F%97,0.0
6,认定,ren ding,rèn dìng,ren4 ding4,firmly believe; affirm; maintain,动,https://api.wohuimandarin.com/nls/tts?text=%E8%AE%A4%E5%AE%9A,0.0
6,认可,ren ke,rèn kě,ren4 ke3,approve; accept; confirm,动,https://api.wohuimandarin.com/nls/tts?text=%E8%AE%A4%E5%8F%AF,0.0
6,任命,ren ming,rèn mìng,ren4 ming4,appoint; commission; designate,动,https://api.wohuimandarin.com/nls/tts?text=%E4%BB%BB%E5%91%BD,0.0
6,任性,ren xing,rèn xìng,ren4 xing4,capricious; willful,形,https://api.wohuimandarin.com/nls/tts?text=%E4%BB%BB%E6%80%A7,0.0
6,任意,ren yi,rèn yì,ren4 yi4,wantonly; wilfully,副,https://api.wohuimandarin.com/nls/tts?text=%E4%BB%BB%E6%84%8F,0.0
6,任重道远,ren zhong dao yuan,rèn zhòng dào yuǎn,ren4 zhong4 dao4 yuan3,take a heavy burden and embark on a long road; ability to carry heavy responsibilities through thick and thin; It is a long-term; arduous task; It is an arduous task and the road is long,,https://api.wohuimandarin.com/nls/tts?text=%E4%BB%BB%E9%87%8D%E9%81%93%E8%BF%9C,0.0
6,仍旧,reng jiu,réng jiù,reng2 jiu4,remain the same; continue to be; as before,副,https://api.wohuimandarin.com/nls/tts?text=%E4%BB%8D%E6%97%A7,0.0
6,日新月异,ri xin yue yi,rì xīn yuè yì,ri4 xin1 yue4 yi4,change rapidly; alter from day to day,,https://api.wohuimandarin.com/nls/tts?text=%E6%97%A5%E6%96%B0%E6%9C%88%E5%BC%82,0.0
6,日益,ri yi,rì yì,ri4 yi4,increasingly; more and more; with each passing day,副,https://api.wohuimandarin.com/nls/tts?text=%E6%97%A5%E7%9B%8A,0.0
6,融化,rong hua,róng huà,rong2 hua4,melt; thaw,动,https://api.wohuimandarin.com/nls/tts?text=%E8%9E%8D%E5%8C%96,0.0
6,溶解,rong jie,róng jiě,rong2 jie3,dissolve; solution,动,https://api.wohuimandarin.com/nls/tts?text=%E6%BA%B6%E8%A7%A3,0.0
6,容貌,rong mao,róng mào,rong2 mao4,appearance; looks,名,https://api.wohuimandarin.com/nls/tts?text=%E5%AE%B9%E8%B2%8C,0.0
6,容纳,rong na,róng nà,rong2 na4,hold; contain; accommodate,动,https://api.wohuimandarin.com/nls/tts?text=%E5%AE%B9%E7%BA%B3,0.0
6,容器,rong qi,róng qì,rong2 qi4,container; holder; pack,名,https://api.wohuimandarin.com/nls/tts?text=%E5%AE%B9%E5%99%A8,0.0
6,融洽,rong qia,róng qià,rong2 qia4,harmonious; on friendly terms,形,https://api.wohuimandarin.com/nls/tts?text=%E8%9E%8D%E6%B4%BD,0.0
6,容忍,rong ren,róng rěn,rong2 ren3,tolerate; put up with,动,https://api.wohuimandarin.com/nls/tts?text=%E5%AE%B9%E5%BF%8D,0.0
6,荣幸,rong xing,róng xìng,rong2 xing4,honoured,形,https://api.wohuimandarin.com/nls/tts?text=%E8%8D%A3%E5%B9%B8,0.0
6,荣誉,rong yu,róng yù,rong2 yu4,honour; glory,名,https://api.wohuimandarin.com/nls/tts?text=%E8%8D%A3%E8%AA%89,0.0
6,揉,rou,róu,rou2,rub,动,https://api.wohuimandarin.com/nls/tts?text=r%C3%B3u,0.0
6,柔和,rou he,róu hé,rou2 he2,soft; gentle; mild,形,https://api.wohuimandarin.com/nls/tts?text=%E6%9F%94%E5%92%8C,0.0
6,儒家,Ru jia,Rú jiā,Ru2 jia1,Confucianism,名,https://api.wohuimandarin.com/nls/tts?text=%E5%84%92%E5%AE%B6,0.0
6,弱点,ruo dian,ruò diǎn,ruo4 dian3,weakness; weak point; failing,名,https://api.wohuimandarin.com/nls/tts?text=%E5%BC%B1%E7%82%B9,0.0
6,若干,ruo gan,ruò gān,ruo4 gan1,a certain number or amount,代,https://api.wohuimandarin.com/nls/tts?text=%E8%8B%A5%E5%B9%B2,0.0
6,撒谎,sa huang,sā huǎng,sa1 huang3,tell a lie; make up a story,动,https://api.wohuimandarin.com/nls/tts?text=%E6%92%92%E8%B0%8E,0.0
6,散文,san wen,sǎn wén,san3 wen2,prose; essay,名,https://api.wohuimandarin.com/nls/tts?text=%E6%95%A3%E6%96%87,0.0
6,散布,san bu,sàn bù,san4 bu4,go for a walk,动,https://api.wohuimandarin.com/nls/tts?text=%E6%95%A3%E5%B8%83,0.0
6,散发,san fa,sàn fā,san4 fa1,send out; diffuse; emit,动,https://api.wohuimandarin.com/nls/tts?text=%E6%95%A3%E5%8F%91,0.0
6,丧失,sang shi,sàng shī,sang4 shi1,lose; forfeit,动,https://api.wohuimandarin.com/nls/tts?text=%E4%B8%A7%E5%A4%B1,0.0
6,骚扰,sao rao,sāo rǎo,sao1 rao3,to disturb,动,https://api.wohuimandarin.com/nls/tts?text=%E9%AA%9A%E6%89%B0,0.0
6,嫂子,sao zi,sǎo zi,sao3 zi5,sister-in-law [elder brother's wife],名,https://api.wohuimandarin.com/nls/tts?text=%E5%AB%82%E5%AD%90,0.0
6,刹车,sha che,shā chē,sha1 che1,put on the brake; stop a machine,动/名,https://api.wohuimandarin.com/nls/tts?text=%E5%88%B9%E8%BD%A6,0.0
6,啥,sha,shá,sha2,what,代,https://api.wohuimandarin.com/nls/tts?text=sh%C3%A1,0.0
6,筛选,shai xuan,shāi xuǎn,shai1 xuan3,filter; screen; preparation by screening,动,https://api.wohuimandarin.com/nls/tts?text=%E7%AD%9B%E9%80%89,0.0
6,山脉,shan mai,shān mài,shan1 mai4,mountain range,名,https://api.wohuimandarin.com/nls/tts?text=%E5%B1%B1%E8%84%89,0.0
6,闪烁,shan shuo,shǎn shuò,shan3 shuo4,twinkle; glimmer; glisten,动,https://api.wohuimandarin.com/nls/tts?text=%E9%97%AA%E7%83%81,0.0
6,擅长,shan chang,shàn cháng,shan4 chang2,be good at; be expert in; be skilled in,动,https://api.wohuimandarin.com/nls/tts?text=%E6%93%85%E9%95%BF,0.0
6,擅自,shan zi,shàn zì,shan4 zi4,do something without authorization; take a liberty,副,https://api.wohuimandarin.com/nls/tts?text=%E6%93%85%E8%87%AA,0.0
6,商标,shang biao,shāng biāo,shang1 biao1,trademark; brand,名,https://api.wohuimandarin.com/nls/tts?text=%E5%95%86%E6%A0%87,0.0
6,伤脑筋,shang nao jin,shāng nǎo jīn,shang1 nao3 jin1,cause somebody a headache; bothersome,,https://api.wohuimandarin.com/nls/tts?text=%E4%BC%A4%E8%84%91%E7%AD%8B,0.0
6,上级,shang ji,shàng jí,shang4 ji2,high level; higher-ups,名,https://api.wohuimandarin.com/nls/tts?text=%E4%B8%8A%E7%BA%A7,0.0
6,上进,shang jin,shàng jìn,shang4 jin4,[fig.] be ambitious to improve oneself,形,https://api.wohuimandarin.com/nls/tts?text=%E4%B8%8A%E8%BF%9B,0.0
6,尚且,shang qie,shàng qiě,shang4 qie3,"[with negative] not even, let alone",副,https://api.wohuimandarin.com/nls/tts?text=%E5%B0%9A%E4%B8%94,0.0
6,上任,shang ren,shàng rèn,shang4 ren4,take up an official post; assume office,动,https://api.wohuimandarin.com/nls/tts?text=%E4%B8%8A%E4%BB%BB,0.0
6,上瘾,shang yin,shàng yǐn,shang4 yin3,to be addicted (to something),动,https://api.wohuimandarin.com/nls/tts?text=%E4%B8%8A%E7%98%BE,0.0
6,上游,shang you,shàng yóu,shang4 you2,head waters; upper reaches (of a river); advanced position,名,https://api.wohuimandarin.com/nls/tts?text=%E4%B8%8A%E6%B8%B8,0.0
6,梢,shao,shāo,shao1,tip; the thin end of a twig; etc,名,https://api.wohuimandarin.com/nls/tts?text=sh%C4%81o,0.0
6,捎,shao,shāo,shao1,drive backwards; back,动,https://api.wohuimandarin.com/nls/tts?text=sh%C4%81o,0.0
6,哨,shao,shào,shao4,sentry; whistle; chirp,名,https://api.wohuimandarin.com/nls/tts?text=sh%C3%A0o,0.0
6,奢侈,she chi,shē chǐ,she1 chi3,luxurious; extravagant,形,https://api.wohuimandarin.com/nls/tts?text=%E5%A5%A2%E4%BE%88,0.0
6,舌头,she tou,shé tou,she2 tou5,tongue,名,https://api.wohuimandarin.com/nls/tts?text=%E8%88%8C%E5%A4%B4,0.0
6,涉及,she ji,shè jí,she4 ji2,involve; relate to; refer to,动,https://api.wohuimandarin.com/nls/tts?text=%E6%B6%89%E5%8F%8A,0.0
6,设立,she li,shè lì,she4 li4,establish; set up; found,动,https://api.wohuimandarin.com/nls/tts?text=%E8%AE%BE%E7%AB%8B,0.0
6,社区,she qu,shè qū,she4 qu1,community (district),名,https://api.wohuimandarin.com/nls/tts?text=%E7%A4%BE%E5%8C%BA,0.0
6,摄氏度,she shi du,shè shì dù,she4 shi4 du4,degree Celsius/centigrade,量,https://api.wohuimandarin.com/nls/tts?text=%E6%91%84%E6%B0%8F%E5%BA%A6,0.0
6,设想,she xiang,shè xiǎng,she4 xiang3,imagine; envisage; conceive,动,https://api.wohuimandarin.com/nls/tts?text=%E8%AE%BE%E6%83%B3,0.0
6,设置,she zhi,shè zhì,she4 zhi4,set up; install; fit,动,https://api.wohuimandarin.com/nls/tts?text=%E8%AE%BE%E7%BD%AE,0.0
6,深奥,shen ao,shēn ào,shen1 ao4,depth; abstruse; profound,形,https://api.wohuimandarin.com/nls/tts?text=%E6%B7%B1%E5%A5%A5,0.0
6,申报,shen bao,shēn bào,shen1 bao4,report to a higher body,动,https://api.wohuimandarin.com/nls/tts?text=%E7%94%B3%E6%8A%A5,0.0
6,深沉,shen chen,shēn chén,shen1 chen2,dark; deep,形,https://api.wohuimandarin.com/nls/tts?text=%E6%B7%B1%E6%B2%89,0.0
6,深情厚谊,shen qing hou yi,shēn qíng hòu yì,shen1 qing2 hou4 yi4,deep friendship,,https://api.wohuimandarin.com/nls/tts?text=%E6%B7%B1%E6%83%85%E5%8E%9A%E8%B0%8A,0.0
6,绅士,shen shi,shēn shì,shen1 shi4,gentleman; gentry,名,https://api.wohuimandarin.com/nls/tts?text=%E7%BB%85%E5%A3%AB,0.0
6,呻吟,shen yin,shēn yín,shen1 yin2,groan; moan,动,https://api.wohuimandarin.com/nls/tts?text=%E5%91%BB%E5%90%9F,0.0
6,神经,shen jing,shén jīng,shen2 jing1,nerve; nervous,名,https://api.wohuimandarin.com/nls/tts?text=%E7%A5%9E%E7%BB%8F,0.0
6,神奇,shen qi,shén qí,shen2 qi2,magical; mystical; miraculous,形,https://api.wohuimandarin.com/nls/tts?text=%E7%A5%9E%E5%A5%87,0.0
6,神气,shen qi,shén qì,shen2 qi4,expression; air; manner,名,https://api.wohuimandarin.com/nls/tts?text=%E7%A5%9E%E6%B0%94,0.0
6,神圣,shen sheng,shén shèng,shen2 sheng4,sacred; holy,形,https://api.wohuimandarin.com/nls/tts?text=%E7%A5%9E%E5%9C%A3,0.0
6,神态,shen tai,shén tài,shen2 tai4,expression; manner; bearing,名,https://api.wohuimandarin.com/nls/tts?text=%E7%A5%9E%E6%80%81,0.0
6,神仙,shen xian,shén xiān,shen2 xian1,supernatural being; immortal,名,https://api.wohuimandarin.com/nls/tts?text=%E7%A5%9E%E4%BB%99,0.0
6,审查,shen cha,shěn chá,shen3 cha2,examine; investigate; check,动,https://api.wohuimandarin.com/nls/tts?text=%E5%AE%A1%E6%9F%A5,0.0
6,审理,shen li,shěn lǐ,shen3 li3,try; hear [in court],动,https://api.wohuimandarin.com/nls/tts?text=%E5%AE%A1%E7%90%86,0.0
6,审美,shen mei,shěn měi,shen3 mei3,appreciation of beauty,动,https://api.wohuimandarin.com/nls/tts?text=%E5%AE%A1%E7%BE%8E,0.0
6,审判,shen pan,shěn pàn,shen3 pan4,bring to trial; try [in court],动,https://api.wohuimandarin.com/nls/tts?text=%E5%AE%A1%E5%88%A4,0.0
6,渗透,shen tou,shèn tòu,shen4 tou4,osmosis; permeate; seep,动,https://api.wohuimandarin.com/nls/tts?text=%E6%B8%97%E9%80%8F,0.0
6,慎重,shen zhong,shèn zhòng,shen4 zhong4,careful; considerate; discreet,动,https://api.wohuimandarin.com/nls/tts?text=%E6%85%8E%E9%87%8D,0.0
6,牲畜,sheng chu,shēng chù,sheng1 chu4,livestock; domestic animals,名,https://api.wohuimandarin.com/nls/tts?text=%E7%89%B2%E7%95%9C,0.0
6,生存,sheng cun,shēng cún,sheng1 cun2,exist; survive,动,https://api.wohuimandarin.com/nls/tts?text=%E7%94%9F%E5%AD%98,0.0
6,生机,sheng ji,shēng jī,sheng1 ji1,lease of life; vitality,名,https://api.wohuimandarin.com/nls/tts?text=%E7%94%9F%E6%9C%BA,0.0
6,生理,sheng li,shēng lǐ,sheng1 li3,physiology,名,https://api.wohuimandarin.com/nls/tts?text=%E7%94%9F%E7%90%86,0.0
6,声明,sheng ming,shēng míng,sheng1 ming2,state; declare; announce,动,https://api.wohuimandarin.com/nls/tts?text=%E5%A3%B0%E6%98%8E,0.0
6,声势,sheng shi,shēng shì,sheng1 shi4,impetus; momentum,名,https://api.wohuimandarin.com/nls/tts?text=%E5%A3%B0%E5%8A%BF,0.0
6,生疏,sheng shu,shēng shū,sheng1 shu1,not familiar; disacquaintance,形,https://api.wohuimandarin.com/nls/tts?text=%E7%94%9F%E7%96%8F,0.0
6,生态,sheng tai,shēng tài,sheng1 tai4,ecology; organism's modes of life and relation to their environment,名,https://api.wohuimandarin.com/nls/tts?text=%E7%94%9F%E6%80%81,0.0
6,生物,sheng wu,shēng wù,sheng1 wu4,biology; living things; organisms,名,https://api.wohuimandarin.com/nls/tts?text=%E7%94%9F%E7%89%A9,0.0
6,生肖,sheng xiao,shēng xiào,sheng1 xiao4,animal of the Chinese zodiac,名,https://api.wohuimandarin.com/nls/tts?text=%E7%94%9F%E8%82%96,0.0
6,生效,sheng xiao,shēng xiào,sheng1 xiao4,come into force; take effect,形,https://api.wohuimandarin.com/nls/tts?text=%E7%94%9F%E6%95%88,0.0
6,生锈,sheng xiu,shēng xiù,sheng1 xiu4,get rusty; rust,动,https://api.wohuimandarin.com/nls/tts?text=%E7%94%9F%E9%94%88,0.0
6,声誉,sheng yu,shēng yù,sheng1 yu4,reputation; fame; prestige,名,https://api.wohuimandarin.com/nls/tts?text=%E5%A3%B0%E8%AA%89,0.0
6,生育,sheng yu,shēng yù,sheng1 yu4,give birth to; bear,动,https://api.wohuimandarin.com/nls/tts?text=%E7%94%9F%E8%82%B2,0.0
6,省会,sheng hui,shěng huì,sheng3 hui4,provincial capital,名,https://api.wohuimandarin.com/nls/tts?text=%E7%9C%81%E4%BC%9A,0.0
6,盛产,sheng chan,shèng chǎn,sheng4 chan3,abound in; teem with,动,https://api.wohuimandarin.com/nls/tts?text=%E7%9B%9B%E4%BA%A7,0.0
6,胜负,sheng fu,shèng fù,sheng4 fu4,victory or defeat; success or failure,名,https://api.wohuimandarin.com/nls/tts?text=%E8%83%9C%E8%B4%9F,0.0
6,盛开,sheng kai,shèng kāi,sheng4 kai1,be in full bloom,动,https://api.wohuimandarin.com/nls/tts?text=%E7%9B%9B%E5%BC%80,0.0
6,盛情,sheng qing,shèng qíng,sheng4 qing2,great kindness; boundless hospitality,名,https://api.wohuimandarin.com/nls/tts?text=%E7%9B%9B%E6%83%85,0.0
6,盛行,sheng xing,shèng xíng,sheng4 xing2,be current; be in vogue,动,https://api.wohuimandarin.com/nls/tts?text=%E7%9B%9B%E8%A1%8C,0.0
6,师范,shi fan,shī fàn,shi1 fan4,teacher-training,名,https://api.wohuimandarin.com/nls/tts?text=%E5%B8%88%E8%8C%83,0.0
6,施加,shi jia,shī jiā,shi1 jia1,exert; bring to bear on; impose,动,https://api.wohuimandarin.com/nls/tts?text=%E6%96%BD%E5%8A%A0,0.0
6,失事,shi shi,shī shì,shi1 shi4,be involved in a crash,动,https://api.wohuimandarin.com/nls/tts?text=%E5%A4%B1%E4%BA%8B,0.0
6,尸体,shi ti,shī tǐ,shi1 ti3,corpse; dead body; cadaver,名,https://api.wohuimandarin.com/nls/tts?text=%E5%B0%B8%E4%BD%93,0.0
6,失误,shi wu,shī wù,shi1 wu4,miss; fault,名,https://api.wohuimandarin.com/nls/tts?text=%E5%A4%B1%E8%AF%AF,0.0
6,施展,shi zhan,shī zhǎn,shi1 zhan3,put to good use,动,https://api.wohuimandarin.com/nls/tts?text=%E6%96%BD%E5%B1%95,0.0
6,失踪,shi zong,shī zōng,shi1 zong1,be missing,动,https://api.wohuimandarin.com/nls/tts?text=%E5%A4%B1%E8%B8%AA,0.0
6,拾,shi,shí,shi2,pick up; collect; ten [formal],动,https://api.wohuimandarin.com/nls/tts?text=sh%C3%AD,0.0
6,识别,shi bie,shí bié,shi2 bie2,discriminate; distinguish; discern,动,https://api.wohuimandarin.com/nls/tts?text=%E8%AF%86%E5%88%AB,0.0
6,时常,shi chang,shí cháng,shi2 chang2,often; frequently; now and again,副,https://api.wohuimandarin.com/nls/tts?text=%E6%97%B6%E5%B8%B8,0.0
6,时而,shi er,shí ér,shi2 er2,from time to time; sometimes,副,https://api.wohuimandarin.com/nls/tts?text=%E6%97%B6%E8%80%8C,0.0
6,时光,shi guang,shí guāng,shi2 guang1,time,名,https://api.wohuimandarin.com/nls/tts?text=%E6%97%B6%E5%85%89,0.0
6,实惠,shi hui,shí huì,shi2 hui4,material/tangible benefit,名/形,https://api.wohuimandarin.com/nls/tts?text=%E5%AE%9E%E6%83%A0,0.0
6,时机,shi ji,shí jī,shi2 ji1,opportunity; an opportune moment,名,https://api.wohuimandarin.com/nls/tts?text=%E6%97%B6%E6%9C%BA,0.0
6,实力,shi li,shí lì,shi2 li4,actual strength,名,https://api.wohuimandarin.com/nls/tts?text=%E5%AE%9E%E5%8A%9B,0.0
6,实施,shi shi,shí shī,shi2 shi1,put into effect; implement; carry out,动,https://api.wohuimandarin.com/nls/tts?text=%E5%AE%9E%E6%96%BD,0.0
6,时事,shi shi,shí shì,shi2 shi4,current events; current affairs,名,https://api.wohuimandarin.com/nls/tts?text=%E6%97%B6%E4%BA%8B,0.0
6,实事求是,shi shi qiu shi,shí shì qiú shì,shi2 shi4 qiu2 shi4,base on facts; be practical and realistic,,https://api.wohuimandarin.com/nls/tts?text=%E5%AE%9E%E4%BA%8B%E6%B1%82%E6%98%AF,0.0
6,实行,shi xing,shí xíng,shi2 xing2,put into practice; carry out; implement,动,https://api.wohuimandarin.com/nls/tts?text=%E5%AE%9E%E8%A1%8C,0.0
6,石油,shi you,shí yóu,shi2 you2,petroleum; oil,名,https://api.wohuimandarin.com/nls/tts?text=%E7%9F%B3%E6%B2%B9,0.0
6,实质,shi zhi,shí zhì,shi2 zhi4,substance; essence; texture,名,https://api.wohuimandarin.com/nls/tts?text=%E5%AE%9E%E8%B4%A8,0.0
6,十足,shi zu,shí zú,shi2 zu2,100 per cent; out-and-out; sheer,副,https://api.wohuimandarin.com/nls/tts?text=%E5%8D%81%E8%B6%B3,0.0
6,使命,shi ming,shǐ mìng,shi3 ming4,mission,名,https://api.wohuimandarin.com/nls/tts?text=%E4%BD%BF%E5%91%BD,0.0
6,势必,shi bi,shì bì,shi4 bi4,be bound to; certainly will,副,https://api.wohuimandarin.com/nls/tts?text=%E5%8A%BF%E5%BF%85,0.0
6,世代,shi dai,shì dài,shi4 dai4,generation,名,https://api.wohuimandarin.com/nls/tts?text=%E4%B8%96%E4%BB%A3,0.0
6,示范,shi fan,shì fàn,shi4 fan4,set an example; demonstrate,动,https://api.wohuimandarin.com/nls/tts?text=%E7%A4%BA%E8%8C%83,0.0
6,释放,shi fang,shì fàng,shi4 fang4,release; deliver; set free,动,https://api.wohuimandarin.com/nls/tts?text=%E9%87%8A%E6%94%BE,0.0
6,是非,shi fei,shì fēi,shi4 fei1,right and wrong; quarrel; dispute,名,https://api.wohuimandarin.com/nls/tts?text=%E6%98%AF%E9%9D%9E,0.0
6,事故,shi gu,shì gù,shi4 gu4,accident; malfunction; fault,名,https://api.wohuimandarin.com/nls/tts?text=%E4%BA%8B%E6%95%85,0.0
6,事迹,shi ji,shì jì,shi4 ji4,deed; achievement,名,https://api.wohuimandarin.com/nls/tts?text=%E4%BA%8B%E8%BF%B9,0.0
6,事件,shi jian,shì jiàn,shi4 jian4,event; incident,名,https://api.wohuimandarin.com/nls/tts?text=%E4%BA%8B%E4%BB%B6,0.0
6,视力,shi li,shì lì,shi4 li4,vision; sight,名,https://api.wohuimandarin.com/nls/tts?text=%E8%A7%86%E5%8A%9B,0.0
6,势力,shi li,shì li,shi4 li5,force; power; influence,名,https://api.wohuimandarin.com/nls/tts?text=%E5%8A%BF%E5%8A%9B,0.0
6,视频,shi pin,shì pín,shi4 pin2,video,名,https://api.wohuimandarin.com/nls/tts?text=%E8%A7%86%E9%A2%91,0.0
6,逝世,shi shi,shì shì,shi4 shi4,pass away; die,动,https://api.wohuimandarin.com/nls/tts?text=%E9%80%9D%E4%B8%96,0.0
6,事态,shi tai,shì tài,shi4 tai4,state of affairs; situation,名,https://api.wohuimandarin.com/nls/tts?text=%E4%BA%8B%E6%80%81,0.0
6,试图,shi tu,shì tú,shi4 tu2,to attempt; try,动,https://api.wohuimandarin.com/nls/tts?text=%E8%AF%95%E5%9B%BE,0.0
6,示威,shi wei,shì wēi,shi4 wei1,demonstrate; put on a show of force; display one's strength,动,https://api.wohuimandarin.com/nls/tts?text=%E7%A4%BA%E5%A8%81,0.0
6,事务,shi wu,shì wù,shi4 wu4,(political; economic) affairs,名,https://api.wohuimandarin.com/nls/tts?text=%E4%BA%8B%E5%8A%A1,0.0
6,视线,shi xian,shì xiàn,shi4 xian4,line of sight,名,https://api.wohuimandarin.com/nls/tts?text=%E8%A7%86%E7%BA%BF,0.0
6,事项,shi xiang,shì xiàng,shi4 xiang4,matter; item,名,https://api.wohuimandarin.com/nls/tts?text=%E4%BA%8B%E9%A1%B9,0.0
6,试验,shi yan,shì yàn,shi4 yan4,trial; experiment; test,动,https://api.wohuimandarin.com/nls/tts?text=%E8%AF%95%E9%AA%8C,0.0
6,视野,shi ye,shì yě,shi4 ye3,field of vision; scan,名,https://api.wohuimandarin.com/nls/tts?text=%E8%A7%86%E9%87%8E,0.0
6,事业,shi ye,shì yè,shi4 ye4,undertaking; enterprise,名,https://api.wohuimandarin.com/nls/tts?text=%E4%BA%8B%E4%B8%9A,0.0
6,适宜,shi yi,shì yí,shi4 yi2,suitable; fit; appropriate; proper,动,https://api.wohuimandarin.com/nls/tts?text=%E9%80%82%E5%AE%9C,0.0
6,示意,shi yi,shì yì,shi4 yi4,signal; hint; give a sign,动,https://api.wohuimandarin.com/nls/tts?text=%E7%A4%BA%E6%84%8F,0.0
6,收藏,shou cang,shōu cáng,shou1 cang2,collect; store up,动,https://api.wohuimandarin.com/nls/tts?text=%E6%94%B6%E8%97%8F,0.0
6,收缩,shou suo,shōu suō,shou1 suo1,contract; shrink; concentrate one's forces,动,https://api.wohuimandarin.com/nls/tts?text=%E6%94%B6%E7%BC%A9,0.0
6,收益,shou yi,shōu yì,shou1 yi4,income; proceeds; earnings,名,https://api.wohuimandarin.com/nls/tts?text=%E6%94%B6%E7%9B%8A,0.0
6,收音机,shou yin ji,shōu yīn jī,shou1 yin1 ji1,radio (set),名,https://api.wohuimandarin.com/nls/tts?text=%E6%94%B6%E9%9F%B3%E6%9C%BA,0.0
6,手法,shou fa,shǒu fǎ,shou3 fa3,skill; technique,名,https://api.wohuimandarin.com/nls/tts?text=%E6%89%8B%E6%B3%95,0.0
6,守护,shou hu,shǒu hù,shou3 hu4,guard; defend; ward,动,https://api.wohuimandarin.com/nls/tts?text=%E5%AE%88%E6%8A%A4,0.0
6,手势,shou shi,shǒu shì,shou3 shi4,gesture; sign; signal,名,https://api.wohuimandarin.com/nls/tts?text=%E6%89%8B%E5%8A%BF,0.0
6,首饰,shou shi,shǒu shì,shou3 shi4,head ornament,名,https://api.wohuimandarin.com/nls/tts?text=%E9%A6%96%E9%A5%B0,0.0
6,首要,shou yao,shǒu yào,shou3 yao4,of the first importance;chief,形,https://api.wohuimandarin.com/nls/tts?text=%E9%A6%96%E8%A6%81,0.0
6,手艺,shou yi,shǒu yì,shou3 yi4,workmanship; craftsmanship; handicraft,名,https://api.wohuimandarin.com/nls/tts?text=%E6%89%8B%E8%89%BA,0.0
6,授予,shou yu,shòu yǔ,shou4 yu3,award; grant; confer,动,https://api.wohuimandarin.com/nls/tts?text=%E6%8E%88%E4%BA%88,0.0
6,受罪,shou zui,shòu zuì,shou4 zui4,endure hardships,动,https://api.wohuimandarin.com/nls/tts?text=%E5%8F%97%E7%BD%AA,0.0
6,舒畅,shu chang,shū chàng,shu1 chang4,happy; entirely free from worry,形,https://api.wohuimandarin.com/nls/tts?text=%E8%88%92%E7%95%85,0.0
6,书法,shu fa,shū fǎ,shu1 fa3,calligraphy; penmanship,名,https://api.wohuimandarin.com/nls/tts?text=%E4%B9%A6%E6%B3%95,0.0
6,疏忽,shu hu,shū hu,shu1 hu5,carelessness; negligence; oversight,动,https://api.wohuimandarin.com/nls/tts?text=%E7%96%8F%E5%BF%BD,0.0
6,书籍,shu ji,shū jí,shu1 ji2,books; literature,名,https://api.wohuimandarin.com/nls/tts?text=%E4%B9%A6%E7%B1%8D,0.0
6,书记,shu ji,shū ji,shu1 ji5,secretary; clerk,名,https://api.wohuimandarin.com/nls/tts?text=%E4%B9%A6%E8%AE%B0,0.0
6,书面,shu mian,shū miàn,shu1 mian4,in written form; in writing,形,https://api.wohuimandarin.com/nls/tts?text=%E4%B9%A6%E9%9D%A2,0.0
6,疏远,shu yuan,shū yuǎn,shu1 yuan3,become estranged,形,https://api.wohuimandarin.com/nls/tts?text=%E7%96%8F%E8%BF%9C,0.0
6,竖,shu,shù,shu4,vertical; upright; perpendicular,形/动,https://api.wohuimandarin.com/nls/tts?text=sh%C3%B9,0.0
6,束,shu,shù,shu4,bind; tie; bunch; sheaf,量,https://api.wohuimandarin.com/nls/tts?text=sh%C3%B9,0.0
6,数额,shu e,shù é,shu4 e2,number; amount; quota,名,https://api.wohuimandarin.com/nls/tts?text=%E6%95%B0%E9%A2%9D,0.0
6,束缚,shu fu,shù fù,shu4 fu4,tie; bind up; fetter,动,https://api.wohuimandarin.com/nls/tts?text=%E6%9D%9F%E7%BC%9A,0.0
6,树立,shu li,shù lì,shu4 li4,set up; establish; build,动,https://api.wohuimandarin.com/nls/tts?text=%E6%A0%91%E7%AB%8B,0.0
6,耍,shua,shuǎ,shua3,play with; flourish,动,https://api.wohuimandarin.com/nls/tts?text=shu%C7%8E,0.0
6,衰老,shuai lao,shuāi lǎo,shuai1 lao3,grow old; deteriorate with age,形,https://api.wohuimandarin.com/nls/tts?text=%E8%A1%B0%E8%80%81,0.0
6,衰退,shuai tui,shuāi tuì,shuai1 tui4,decline; decay; rust,动,https://api.wohuimandarin.com/nls/tts?text=%E8%A1%B0%E9%80%80,0.0
6,率领,shuai ling,shuài lǐng,shuai4 ling3,lead; head; command,动,https://api.wohuimandarin.com/nls/tts?text=%E7%8E%87%E9%A2%86,0.0
6,涮火锅,shuan huo guo,shuàn huǒ guō,shuan4 huo3 guo1,eat hot pot,,https://api.wohuimandarin.com/nls/tts?text=%E6%B6%AE%E7%81%AB%E9%94%85,0.0
6,双胞胎,shuang bao tai,shuāng bāo tāi,shuang1 bao1 tai1,twins,名,https://api.wohuimandarin.com/nls/tts?text=%E5%8F%8C%E8%83%9E%E8%83%8E,0.0
6,爽快,shuang kuai,shuǎng kuài,shuang3 kuai4,refreshed; comfortable,形,https://api.wohuimandarin.com/nls/tts?text=%E7%88%BD%E5%BF%AB,0.0
6,水利,shui li,shuǐ lì,shui3 li4,water conservancy; irrigation works,名,https://api.wohuimandarin.com/nls/tts?text=%E6%B0%B4%E5%88%A9,0.0
6,水龙头,shui long tou,shuǐ lóng tóu,shui3 long2 tou2,stopcock; tap; faucet,名,https://api.wohuimandarin.com/nls/tts?text=%E6%B0%B4%E9%BE%99%E5%A4%B4,0.0
6,水泥,shui ni,shuǐ ní,shui3 ni2,cement; concrete,名,https://api.wohuimandarin.com/nls/tts?text=%E6%B0%B4%E6%B3%A5,0.0
6,瞬间,shun jian,shùn jiān,shun4 jian1,moment,名,https://api.wohuimandarin.com/nls/tts?text=%E7%9E%AC%E9%97%B4,0.0
6,司法,si fa,sī fǎ,si1 fa3,administration of justice; judiciary,动,https://api.wohuimandarin.com/nls/tts?text=%E5%8F%B8%E6%B3%95,0.0
6,司令,si ling,sī lìng,si1 ling4,commander; commanding officer,名,https://api.wohuimandarin.com/nls/tts?text=%E5%8F%B8%E4%BB%A4,0.0
6,思念,si nian,sī niàn,si1 nian4,long for; remember fondly; yearn,动,https://api.wohuimandarin.com/nls/tts?text=%E6%80%9D%E5%BF%B5,0.0
6,思索,si suo,sī suǒ,si1 suo3,think deeply; ponder; speculate,动,https://api.wohuimandarin.com/nls/tts?text=%E6%80%9D%E7%B4%A2,0.0
6,思维,si wei,sī wéi,si1 wei2,thought; thinking,名,https://api.wohuimandarin.com/nls/tts?text=%E6%80%9D%E7%BB%B4,0.0
6,斯文,si wen,sī wen,si1 wen5,refined; gentle,形,https://api.wohuimandarin.com/nls/tts?text=%E6%96%AF%E6%96%87,0.0
6,私自,si zi,sī zì,si1 zi4,privately; secretly,副,https://api.wohuimandarin.com/nls/tts?text=%E7%A7%81%E8%87%AA,0.0
6,死亡,si wang,sǐ wáng,si3 wang2,die; death,名,https://api.wohuimandarin.com/nls/tts?text=%E6%AD%BB%E4%BA%A1,0.0
6,寺庙,si miao,sì miào,si4 miao4,temple,名,https://api.wohuimandarin.com/nls/tts?text=%E5%AF%BA%E5%BA%99,0.0
6,肆无忌惮,si wu ji dan,sì wú jì dàn,si4 wu2 ji4 dan4,act recklessly without care for anyone else; act outrageously,,https://api.wohuimandarin.com/nls/tts?text=%E8%82%86%E6%97%A0%E5%BF%8C%E6%83%AE,0.0
6,饲养,si yang,sì yǎng,si4 yang3,raise; rear; feed,动,https://api.wohuimandarin.com/nls/tts?text=%E9%A5%B2%E5%85%BB,0.0
6,四肢,si zhi,sì zhī,si4 zhi1,the four limbs [arms and legs]; all fours,名,https://api.wohuimandarin.com/nls/tts?text=%E5%9B%9B%E8%82%A2,0.0
6,耸,song,sǒng,song3,tower aloft; rise straight up; alarm,动,https://api.wohuimandarin.com/nls/tts?text=s%C7%92ng,0.0
6,艘,sou,sōu,sou1,great boat; ship,量,https://api.wohuimandarin.com/nls/tts?text=s%C5%8Du,0.0
6,苏醒,su xing,sū xǐng,su1 xing3,revive; regain consciousness; come round,动,https://api.wohuimandarin.com/nls/tts?text=%E8%8B%8F%E9%86%92,0.0
6,俗话,su hua,sú huà,su2 hua4,common saying; adage,名,https://api.wohuimandarin.com/nls/tts?text=%E4%BF%97%E8%AF%9D,0.0
6,素食,su shi,sù shí,su4 shi2,vegetarian food,名,https://api.wohuimandarin.com/nls/tts?text=%E7%B4%A0%E9%A3%9F,0.0
6,诉讼,su song,sù sòng,su4 song4,lawsuit; litigation; legal action,动,https://api.wohuimandarin.com/nls/tts?text=%E8%AF%89%E8%AE%BC,0.0
6,塑造,su zao,sù zào,su4 zao4,model; mould,动,https://api.wohuimandarin.com/nls/tts?text=%E5%A1%91%E9%80%A0,0.0
6,素质,su zhi,sù zhì,su4 zhi4,quality,名,https://api.wohuimandarin.com/nls/tts?text=%E7%B4%A0%E8%B4%A8,0.0
6,算数,suan shu,suàn shù,suan4 shu4,do sums; count,动,https://api.wohuimandarin.com/nls/tts?text=%E7%AE%97%E6%95%B0,0.0
6,随即,sui ji,suí jí,sui2 ji2,immediately; presently,副,https://api.wohuimandarin.com/nls/tts?text=%E9%9A%8F%E5%8D%B3,0.0
6,随意,sui yi,suí yì,sui2 yi4,at will; as one pleases; ad lib,形,https://api.wohuimandarin.com/nls/tts?text=%E9%9A%8F%E6%84%8F,0.0
6,隧道,sui dao,suì dào,sui4 dao4,tunnel,名,https://api.wohuimandarin.com/nls/tts?text=%E9%9A%A7%E9%81%93,0.0
6,岁月,sui yue,suì yuè,sui4 yue4,years,名,https://api.wohuimandarin.com/nls/tts?text=%E5%B2%81%E6%9C%88,0.0
6,损坏,sun huai,sǔn huài,sun3 huai4,damage; injure; spoil,动,https://api.wohuimandarin.com/nls/tts?text=%E6%8D%9F%E5%9D%8F,0.0
6,索取,suo qu,suǒ qǔ,suo3 qu3,obtain,动,https://api.wohuimandarin.com/nls/tts?text=%E7%B4%A2%E5%8F%96,0.0
6,索性,suo xing,suǒ xìng,suo3 xing4,might as well; simply,副,https://api.wohuimandarin.com/nls/tts?text=%E7%B4%A2%E6%80%A7,0.0
6,塌,ta,tā,ta1,collapse; cave in; sink,动,https://api.wohuimandarin.com/nls/tts?text=t%C4%81,0.0
6,踏实,ta shi,tā shi,ta1 shi5,dependable; steady and sure,形,https://api.wohuimandarin.com/nls/tts?text=%E8%B8%8F%E5%AE%9E,0.0
6,塔,ta,tǎ,ta3,pagoda; tower; minaret,名,https://api.wohuimandarin.com/nls/tts?text=t%C7%8E,0.0
6,台风,tai feng,tái fēng,tai2 feng1,typhoon; stage manners,名,https://api.wohuimandarin.com/nls/tts?text=%E5%8F%B0%E9%A3%8E,0.0
6,泰斗,tai dou,tài dǒu,tai4 dou3,a leading authority,名,https://api.wohuimandarin.com/nls/tts?text=%E6%B3%B0%E6%96%97,0.0
6,太空,tai kong,tài kōng,tai4 kong1,the firmament; outer space,名,https://api.wohuimandarin.com/nls/tts?text=%E5%A4%AA%E7%A9%BA,0.0
6,摊,tan,tān,tan1,to spread out,动,https://api.wohuimandarin.com/nls/tts?text=t%C4%81n,0.0
6,瘫痪,tan huan,tān huàn,tan1 huan4,paralysis; palsy,动,https://api.wohuimandarin.com/nls/tts?text=%E7%98%AB%E7%97%AA,0.0
6,贪婪,tan lan,tān lán,tan1 lan2,avaricious; greedy; rapacious,形,https://api.wohuimandarin.com/nls/tts?text=%E8%B4%AA%E5%A9%AA,0.0
6,贪污,tan wu,tān wū,tan1 wu1,corruption; embezzle,动,https://api.wohuimandarin.com/nls/tts?text=%E8%B4%AA%E6%B1%A1,0.0
6,弹性,tan xing,tán xìng,tan2 xing4,elasticity; resilience,名,https://api.wohuimandarin.com/nls/tts?text=%E5%BC%B9%E6%80%A7,0.0
6,坦白,tan bai,tǎn bái,tan3 bai2,honest; frank; candid,动,https://api.wohuimandarin.com/nls/tts?text=%E5%9D%A6%E7%99%BD,0.0
6,探测,tan ce,tàn cè,tan4 ce4,survey; sound; probe,动,https://api.wohuimandarin.com/nls/tts?text=%E6%8E%A2%E6%B5%8B,0.0
6,叹气,tan qi,tàn qì,tan4 qi4,sigh,动,https://api.wohuimandarin.com/nls/tts?text=%E5%8F%B9%E6%B0%94,0.0
6,探索,tan suo,tàn suǒ,tan4 suo3,explore; probe; search,动,https://api.wohuimandarin.com/nls/tts?text=%E6%8E%A2%E7%B4%A2,0.0
6,探讨,tan tao,tàn tǎo,tan4 tao3,inquire into; probe; investigate,动,https://api.wohuimandarin.com/nls/tts?text=%E6%8E%A2%E8%AE%A8,0.0
6,探望,tan wang,tàn wàng,tan4 wang4,visit; pay a visit to; call on,动,https://api.wohuimandarin.com/nls/tts?text=%E6%8E%A2%E6%9C%9B,0.0
6,倘若,tang ruo,tǎng ruò,tang3 ruo4,"if, in case",副,https://api.wohuimandarin.com/nls/tts?text=%E5%80%98%E8%8B%A5,0.0
6,掏,tao,tāo,tao1,draw out; pull out; fish out;,动,https://api.wohuimandarin.com/nls/tts?text=t%C4%81o,0.0
6,滔滔不绝,tao tao bu jue,tāo tāo bù jué,tao1 tao1 bu4 jue2,exhaust oneself by talking,,https://api.wohuimandarin.com/nls/tts?text=%E6%BB%94%E6%BB%94%E4%B8%8D%E7%BB%9D,0.0
6,陶瓷,tao ci,táo cí,tao2 ci2,ceramics; pottery and porcelain,名,https://api.wohuimandarin.com/nls/tts?text=%E9%99%B6%E7%93%B7,0.0
6,淘汰,tao tai,táo tài,tao2 tai4,eliminate through selection or competition; weed out,动,https://api.wohuimandarin.com/nls/tts?text=%E6%B7%98%E6%B1%B0,0.0
6,陶醉,tao zui,táo zuì,tao2 zui4,to be infatuated with,动,https://api.wohuimandarin.com/nls/tts?text=%E9%99%B6%E9%86%89,0.0
6,讨好,tao hao,tǎo hǎo,tao3 hao3,to win favor by fawning on somebody,动,https://api.wohuimandarin.com/nls/tts?text=%E8%AE%A8%E5%A5%BD,0.0
6,特长,te chang,tè cháng,te4 chang2,what one is skilled in; strong point; speciality,名,https://api.wohuimandarin.com/nls/tts?text=%E7%89%B9%E9%95%BF,0.0
6,特定,te ding,tè dìng,te4 ding4,specially appointed; specially designated,形,https://api.wohuimandarin.com/nls/tts?text=%E7%89%B9%E5%AE%9A,0.0
6,特意,te yi,tè yì,te4 yi4,for a special purpose,副,https://api.wohuimandarin.com/nls/tts?text=%E7%89%B9%E6%84%8F,0.0
6,提拔,ti ba,tí bá,ti2 ba2,promote,动,https://api.wohuimandarin.com/nls/tts?text=%E6%8F%90%E6%8B%94,0.0
6,题材,ti cai,tí cái,ti2 cai2,subject matter; theme,名,https://api.wohuimandarin.com/nls/tts?text=%E9%A2%98%E6%9D%90,0.0
6,提炼,ti lian,tí liàn,ti2 lian4,extract and refine,动,https://api.wohuimandarin.com/nls/tts?text=%E6%8F%90%E7%82%BC,0.0
6,提示,ti shi,tí shì,ti2 shi4,point out; prompt,动,https://api.wohuimandarin.com/nls/tts?text=%E6%8F%90%E7%A4%BA,0.0
6,提议,ti yi,tí yì,ti2 yi4,propose; suggest; move,动,https://api.wohuimandarin.com/nls/tts?text=%E6%8F%90%E8%AE%AE,0.0
6,体裁,ti cai,tǐ cái,ti3 cai2,form of writing,名,https://api.wohuimandarin.com/nls/tts?text=%E4%BD%93%E8%A3%81,0.0
6,体积,ti ji,tǐ jī,ti3 ji1,volume; bulk,名,https://api.wohuimandarin.com/nls/tts?text=%E4%BD%93%E7%A7%AF,0.0
6,体谅,ti liang,tǐ liàng,ti3 liang4,show understanding and sympathy for,动,https://api.wohuimandarin.com/nls/tts?text=%E4%BD%93%E8%B0%85,0.0
6,体面,ti mian,tǐ miàn,ti3 mian4,dignity; propriety; face,形,https://api.wohuimandarin.com/nls/tts?text=%E4%BD%93%E9%9D%A2,0.0
6,体系,ti xi,tǐ xì,ti3 xi4,system; setup,名,https://api.wohuimandarin.com/nls/tts?text=%E4%BD%93%E7%B3%BB,0.0
6,天才,tian cai,tiān cái,tian1 cai2,genius; talent; gift,名,https://api.wohuimandarin.com/nls/tts?text=%E5%A4%A9%E6%89%8D,0.0
6,天赋,tian fu,tiān fù,tian1 fu4,"natural gift, talent",名,https://api.wohuimandarin.com/nls/tts?text=%E5%A4%A9%E8%B5%8B,0.0
6,天伦之乐,tian lun zhi le,tiān lún zhī lè,tian1 lun2 zhi1 le4,the happiness of a family reunion,,https://api.wohuimandarin.com/nls/tts?text=%E5%A4%A9%E4%BC%A6%E4%B9%8B%E4%B9%90,0.0
6,天然气,tian ran qi,tiān rán qì,tian1 ran2 qi4,natural gas,名,https://api.wohuimandarin.com/nls/tts?text=%E5%A4%A9%E7%84%B6%E6%B0%94,0.0
6,天生,tian sheng,tiān shēng,tian1 sheng1,inherent; innate,形,https://api.wohuimandarin.com/nls/tts?text=%E5%A4%A9%E7%94%9F,0.0
6,天堂,tian tang,tiān táng,tian1 tang2,heaven; paradise,名,https://api.wohuimandarin.com/nls/tts?text=%E5%A4%A9%E5%A0%82,0.0
6,天文,tian wen,tiān wén,tian1 wen2,astronomy,名,https://api.wohuimandarin.com/nls/tts?text=%E5%A4%A9%E6%96%87,0.0
6,田径,tian jing,tián jìng,tian2 jing4,track and field (athletics),名,https://api.wohuimandarin.com/nls/tts?text=%E7%94%B0%E5%BE%84,0.0
6,田野,tian ye,tián yě,tian2 ye3,fields; open country,名,https://api.wohuimandarin.com/nls/tts?text=%E7%94%B0%E9%87%8E,0.0
6,舔,tian,tiǎn,tian3,to lick; lap,动,https://api.wohuimandarin.com/nls/tts?text=ti%C7%8En,0.0
6,挑剔,tiao ti,tiāo ti,tiao1 ti5,nitpick; be hypercritical; be fastidious,动,https://api.wohuimandarin.com/nls/tts?text=%E6%8C%91%E5%89%94,0.0
6,调和,tiao he,tiáo hé,tiao2 he2,mediate; reconcile,动,https://api.wohuimandarin.com/nls/tts?text=%E8%B0%83%E5%92%8C,0.0
6,调剂,tiao ji,tiáo jì,tiao2 ji4,make up a prescription; adjust; regulate,动,https://api.wohuimandarin.com/nls/tts?text=%E8%B0%83%E5%89%82,0.0
6,调节,tiao jie,tiáo jié,tiao2 jie2,regulate; adjust; monitor,动,https://api.wohuimandarin.com/nls/tts?text=%E8%B0%83%E8%8A%82,0.0
6,调解,tiao jie,tiáo jiě,tiao2 jie3,mediate; make peace; arbitrate,动,https://api.wohuimandarin.com/nls/tts?text=%E8%B0%83%E8%A7%A3,0.0
6,条款,tiao kuan,tiáo kuǎn,tiao2 kuan3,clause; article; provision,名,https://api.wohuimandarin.com/nls/tts?text=%E6%9D%A1%E6%AC%BE,0.0
6,条理,tiao li,tiáo lǐ,tiao2 li3,proper arrangement; orderliness,名,https://api.wohuimandarin.com/nls/tts?text=%E6%9D%A1%E7%90%86,0.0
6,调料,tiao liao,tiáo liào,tiao2 liao4,seasoning; condiment,名,https://api.wohuimandarin.com/nls/tts?text=%E8%B0%83%E6%96%99,0.0
6,条约,tiao yue,tiáo yuē,tiao2 yue1,convention; treaty; pact,名,https://api.wohuimandarin.com/nls/tts?text=%E6%9D%A1%E7%BA%A6,0.0
6,挑拨,tiao bo,tiǎo bō,tiao3 bo1,instigate; incite; foment,动,https://api.wohuimandarin.com/nls/tts?text=%E6%8C%91%E6%8B%A8,0.0
6,挑衅,tiao xin,tiǎo xìn,tiao3 xin4,provoke; defiance,动,https://api.wohuimandarin.com/nls/tts?text=%E6%8C%91%E8%A1%85,0.0
6,跳跃,tiao yue,tiào yuè,tiao4 yue4,jump; skip; hop,动,https://api.wohuimandarin.com/nls/tts?text=%E8%B7%B3%E8%B7%83,0.0
6,停泊,ting bo,tíng bó,ting2 bo2,anchor; berth; mooring,动,https://api.wohuimandarin.com/nls/tts?text=%E5%81%9C%E6%B3%8A,0.0
6,停顿,ting dun,tíng dùn,ting2 dun4,stop; halt; pause,动,https://api.wohuimandarin.com/nls/tts?text=%E5%81%9C%E9%A1%BF,0.0
6,停滞,ting zhi,tíng zhì,ting2 zhi4,stagnate; bog down; be at a standstill,动,https://api.wohuimandarin.com/nls/tts?text=%E5%81%9C%E6%BB%9E,0.0
6,亭子,ting zi,tíng zi,ting2 zi5,pavilion; kiosk,名,https://api.wohuimandarin.com/nls/tts?text=%E4%BA%AD%E5%AD%90,0.0
6,挺拔,ting ba,tǐng bá,ting3 ba2,tall and straight,形,https://api.wohuimandarin.com/nls/tts?text=%E6%8C%BA%E6%8B%94,0.0
6,通货膨胀,tong huo peng zhang,tōng huò péng zhàng,tong1 huo4 peng2 zhang4,inflation; expansion of the currency,,https://api.wohuimandarin.com/nls/tts?text=%E9%80%9A%E8%B4%A7%E8%86%A8%E8%83%80,0.0
6,通缉,tong ji,tōng jī,tong1 ji1,to order the arrest of somebody as criminal,动,https://api.wohuimandarin.com/nls/tts?text=%E9%80%9A%E7%BC%89,0.0
6,通俗,tong su,tōng sú,tong1 su2,popular; common,形,https://api.wohuimandarin.com/nls/tts?text=%E9%80%9A%E4%BF%97,0.0
6,通讯,tong xun,tōng xùn,tong1 xun4,news report,名,https://api.wohuimandarin.com/nls/tts?text=%E9%80%9A%E8%AE%AF,0.0
6,通用,tong yong,tōng yòng,tong1 yong4,be in common use; be current,动,https://api.wohuimandarin.com/nls/tts?text=%E9%80%9A%E7%94%A8,0.0
6,铜,tong,tóng,tong2,copper,名,https://api.wohuimandarin.com/nls/tts?text=t%C3%B3ng,0.0
6,同胞,tong bao,tóng bāo,tong2 bao1,compatriot; sibling,名,https://api.wohuimandarin.com/nls/tts?text=%E5%90%8C%E8%83%9E,0.0
6,童话,tong hua,tóng huà,tong2 hua4,children's stories; fairy tales,名,https://api.wohuimandarin.com/nls/tts?text=%E7%AB%A5%E8%AF%9D,0.0
6,同志,tong zhi,tóng zhì,tong2 zhi4,comrade,名,https://api.wohuimandarin.com/nls/tts?text=%E5%90%8C%E5%BF%97,0.0
6,统筹兼顾,tong chou jian gu,tǒng chóu jiān gù,tong3 chou2 jian1 gu4,overall planning considering all factors,,https://api.wohuimandarin.com/nls/tts?text=%E7%BB%9F%E7%AD%B9%E5%85%BC%E9%A1%BE,0.0
6,统计,tong ji,tǒng jì,tong3 ji4,statistics; numerical statement,动,https://api.wohuimandarin.com/nls/tts?text=%E7%BB%9F%E8%AE%A1,0.0
6,统统,tong tong,tǒng tǒng,tong3 tong3,all; completely; entirely,副,https://api.wohuimandarin.com/nls/tts?text=%E7%BB%9F%E7%BB%9F,0.0
6,统治,tong zhi,tǒng zhì,tong3 zhi4,rule; dominate; govern,动,https://api.wohuimandarin.com/nls/tts?text=%E7%BB%9F%E6%B2%BB,0.0
6,投机,tou ji,tóu jī,tou2 ji1,speculate; be opportunistic,动,https://api.wohuimandarin.com/nls/tts?text=%E6%8A%95%E6%9C%BA,0.0
6,投票,tou piao,tóu piào,tou2 piao4,vote,动,https://api.wohuimandarin.com/nls/tts?text=%E6%8A%95%E7%A5%A8,0.0
6,投诉,tou su,tóu sù,tou2 su4,complaint,动,https://api.wohuimandarin.com/nls/tts?text=%E6%8A%95%E8%AF%89,0.0
6,投降,tou xiang,tóu xiáng,tou2 xiang2,surrender; capitulate,动,https://api.wohuimandarin.com/nls/tts?text=%E6%8A%95%E9%99%8D,0.0
6,投掷,tou zhi,tóu zhì,tou2 zhi4,throw; hurl; cast,动,https://api.wohuimandarin.com/nls/tts?text=%E6%8A%95%E6%8E%B7,0.0
6,透露,tou lu,tòu lù,tou4 lu4,to reveal,动,https://api.wohuimandarin.com/nls/tts?text=%E9%80%8F%E9%9C%B2,0.0
6,秃,tu,tū,tu1,bald; bare; barren,动,https://api.wohuimandarin.com/nls/tts?text=t%C5%AB,0.0
6,突破,tu po,tū pò,tu1 po4,break through; surmount,动,https://api.wohuimandarin.com/nls/tts?text=%E7%AA%81%E7%A0%B4,2.0
6,图案,tu an,tú àn,tu2 an4,pattern; design,名,https://api.wohuimandarin.com/nls/tts?text=%E5%9B%BE%E6%A1%88,0.0
6,徒弟,tu di,tú dì,tu2 di4,apprentice; disciple,名,https://api.wohuimandarin.com/nls/tts?text=%E5%BE%92%E5%BC%9F,5.0
6,途径,tu jing,tú jìng,tu2 jing4,road; avenue; way,名,https://api.wohuimandarin.com/nls/tts?text=%E9%80%94%E5%BE%84,0.0
6,涂抹,tu mo,tú mǒ,tu2 mo3,daub; smear; paint,动,https://api.wohuimandarin.com/nls/tts?text=%E6%B6%82%E6%8A%B9,0.0
6,土壤,tu rang,tǔ rǎng,tu3 rang3,soil; ground,名,https://api.wohuimandarin.com/nls/tts?text=%E5%9C%9F%E5%A3%A4,0.0
6,团结,tuan jie,tuán jié,tuan2 jie2,unite; rally,动,https://api.wohuimandarin.com/nls/tts?text=%E5%9B%A2%E7%BB%93,0.0
6,团体,tuan ti,tuán tǐ,tuan2 ti3,organization; group; team,名,https://api.wohuimandarin.com/nls/tts?text=%E5%9B%A2%E4%BD%93,0.0
6,团圆,tuan yuan,tuán yuán,tuan2 yuan2,to have a reunion,动,https://api.wohuimandarin.com/nls/tts?text=%E5%9B%A2%E5%9C%86,0.0
6,推测,tui ce,tuī cè,tui1 ce4,infer; conjecture; guess,动,https://api.wohuimandarin.com/nls/tts?text=%E6%8E%A8%E6%B5%8B,0.0
6,推翻,tui fan,tuī fān,tui1 fan1,overthrow; overturn; topple,动,https://api.wohuimandarin.com/nls/tts?text=%E6%8E%A8%E7%BF%BB,0.0
6,推理,tui li,tuī lǐ,tui1 li3,inference; reasoning,动,https://api.wohuimandarin.com/nls/tts?text=%E6%8E%A8%E7%90%86,0.0
6,推论,tui lun,tuī lùn,tui1 lun4,inference; triangulation,动,https://api.wohuimandarin.com/nls/tts?text=%E6%8E%A8%E8%AE%BA,0.0
6,推销,tui xiao,tuī xiāo,tui1 xiao1,market; peddle; sales promotion,动,https://api.wohuimandarin.com/nls/tts?text=%E6%8E%A8%E9%94%80,0.0
6,吞吞吐吐,tun tun tu tu,tūn tūn tǔ tǔ,tun1 tun1 tu3 tu3,to hum and haw [idiom],,https://api.wohuimandarin.com/nls/tts?text=%E5%90%9E%E5%90%9E%E5%90%90%E5%90%90,0.0
6,脱离,tuo li,tuō lí,tuo1 li2,separate oneself from; break away from,动,https://api.wohuimandarin.com/nls/tts?text=%E8%84%B1%E7%A6%BB,0.0
6,拖延,tuo yan,tuō yán,tuo1 yan2,delay; put off; procrastinate,动,https://api.wohuimandarin.com/nls/tts?text=%E6%8B%96%E5%BB%B6,0.0
6,托运,tuo yun,tuō yùn,tuo1 yun4,consign for shipment,动,https://api.wohuimandarin.com/nls/tts?text=%E6%89%98%E8%BF%90,0.0
6,妥当,tuo dang,tuǒ dang,tuo3 dang5,well-thought-out; appropriate; proper,形,https://api.wohuimandarin.com/nls/tts?text=%E5%A6%A5%E5%BD%93,0.0
6,妥善,tuo shan,tuǒ shàn,tuo3 shan4,appropriate; proper; well arranged,形,https://api.wohuimandarin.com/nls/tts?text=%E5%A6%A5%E5%96%84,0.0
6,妥协,tuo xie,tuǒ xié,tuo3 xie2,come to terms; compromise,动,https://api.wohuimandarin.com/nls/tts?text=%E5%A6%A5%E5%8D%8F,0.0
6,椭圆,tuo yuan,tuǒ yuán,tuo3 yuan2,oval; ellipse,名,https://api.wohuimandarin.com/nls/tts?text=%E6%A4%AD%E5%9C%86,0.0
6,唾弃,tuo qi,tuò qì,tuo4 qi4,spurn,动,https://api.wohuimandarin.com/nls/tts?text=%E5%94%BE%E5%BC%83,0.0
6,挖掘,wa jue,wā jué,wa1 jue2,excavate; unearth; dig,动,https://api.wohuimandarin.com/nls/tts?text=%E6%8C%96%E6%8E%98,0.0
6,娃娃,wa wa,wá wa,wa2 wa5,baby,名,https://api.wohuimandarin.com/nls/tts?text=%E5%A8%83%E5%A8%83,0.0
6,瓦解,wa jie,wǎ jiě,wa3 jie3,disintegrate; collapse; crumble,动,https://api.wohuimandarin.com/nls/tts?text=%E7%93%A6%E8%A7%A3,0.0
6,哇,wa,wa,wa5,wow,助,https://api.wohuimandarin.com/nls/tts?text=wa,0.0
6,歪曲,wai qu,wāi qū,wai1 qu1,distort; misrepresent; twist,动,https://api.wohuimandarin.com/nls/tts?text=%E6%AD%AA%E6%9B%B2,0.0
6,外表,wai biao,wài biǎo,wai4 biao3,outward appearance; exterior,名,https://api.wohuimandarin.com/nls/tts?text=%E5%A4%96%E8%A1%A8,0.0
6,外行,wai hang,wài háng,wai4 hang2,layman; non-professional,名/形,https://api.wohuimandarin.com/nls/tts?text=%E5%A4%96%E8%A1%8C,0.0
6,外界,wai jie,wài jiè,wai4 jie4,the outside world; outside,名,https://api.wohuimandarin.com/nls/tts?text=%E5%A4%96%E7%95%8C,0.0
6,外向,wai xiang,wài xiàng,wai4 xiang4,extrovert,形,https://api.wohuimandarin.com/nls/tts?text=%E5%A4%96%E5%90%91,0.0
6,丸,wan,wán,wan2,pill,名,https://api.wohuimandarin.com/nls/tts?text=w%C3%A1n,0.0
6,完备,wan bei,wán bèi,wan2 bei4,complete; perfect,形,https://api.wohuimandarin.com/nls/tts?text=%E5%AE%8C%E5%A4%87,0.0
6,完毕,wan bi,wán bì,wan2 bi4,finish; complete,动,https://api.wohuimandarin.com/nls/tts?text=%E5%AE%8C%E6%AF%95,0.0
6,顽固,wan gu,wán gù,wan2 gu4,obstinate; stubborn; headstrong,形,https://api.wohuimandarin.com/nls/tts?text=%E9%A1%BD%E5%9B%BA,0.0
6,玩弄,wan nong,wán nòng,wan2 nong4,play,动,https://api.wohuimandarin.com/nls/tts?text=%E7%8E%A9%E5%BC%84,0.0
6,顽强,wan qiang,wán qiáng,wan2 qiang2,indomitable; staunch; tenacious,形,https://api.wohuimandarin.com/nls/tts?text=%E9%A1%BD%E5%BC%BA,0.0
6,玩意儿,wan yi er,wán yì er,wan2 yi4 er5,plaything; toy,名,https://api.wohuimandarin.com/nls/tts?text=%E7%8E%A9%E6%84%8F%E5%84%BF,0.0
6,挽回,wan hui,wǎn huí,wan3 hui2,retrieve; redeem,动,https://api.wohuimandarin.com/nls/tts?text=%E6%8C%BD%E5%9B%9E,0.0
6,挽救,wan jiu,wǎn jiù,wan3 jiu4,save; remedy; rescue,动,https://api.wohuimandarin.com/nls/tts?text=%E6%8C%BD%E6%95%91,0.0
6,惋惜,wan xi,wǎn xī,wan3 xi1,feel sorry for somebody or about something; to pity,形,https://api.wohuimandarin.com/nls/tts?text=%E6%83%8B%E6%83%9C,0.0
6,万分,wan fen,wàn fēn,wan4 fen1,very much; extremely,副,https://api.wohuimandarin.com/nls/tts?text=%E4%B8%87%E5%88%86,0.0
6,往常,wang chang,wǎng cháng,wang3 chang2,habitually in the past; as one used to do formerly,名,https://api.wohuimandarin.com/nls/tts?text=%E5%BE%80%E5%B8%B8,0.0
6,往事,wang shi,wǎng shì,wang3 shi4,history; the past,名,https://api.wohuimandarin.com/nls/tts?text=%E5%BE%80%E4%BA%8B,0.0
6,妄想,wang xiang,wàng xiǎng,wang4 xiang3,vain hope; wishful thinking,动,https://api.wohuimandarin.com/nls/tts?text=%E5%A6%84%E6%83%B3,0.0
6,微不足道,wei bu zu dao,wēi bù zú dào,wei1 bu4 zu2 dao4,not worth mentioning; insignificant,,https://api.wohuimandarin.com/nls/tts?text=%E5%BE%AE%E4%B8%8D%E8%B6%B3%E9%81%93,0.0
6,威风,wei feng,wēi fēng,wei1 feng1,power and prestige,名/形,https://api.wohuimandarin.com/nls/tts?text=%E5%A8%81%E9%A3%8E,0.0
6,微观,wei guan,wēi guān,wei1 guan1,microcosmic,形,https://api.wohuimandarin.com/nls/tts?text=%E5%BE%AE%E8%A7%82,0.0
6,危机,wei ji,wēi jī,wei1 ji1,crisis; crunch,名,https://api.wohuimandarin.com/nls/tts?text=%E5%8D%B1%E6%9C%BA,0.0
6,威力,wei li,wēi lì,wei1 li4,force; power; might,名,https://api.wohuimandarin.com/nls/tts?text=%E5%A8%81%E5%8A%9B,0.0
6,威望,wei wang,wēi wàng,wei1 wang4,prestige,名,https://api.wohuimandarin.com/nls/tts?text=%E5%A8%81%E6%9C%9B,0.0
6,威信,wei xin,wēi xìn,wei1 xin4,prestige,名,https://api.wohuimandarin.com/nls/tts?text=%E5%A8%81%E4%BF%A1,0.0
6,违背,wei bei,wéi bèi,wei2 bei4,violate; go against; run counter to,动,https://api.wohuimandarin.com/nls/tts?text=%E8%BF%9D%E8%83%8C,0.0
6,维持,wei chi,wéi chí,wei2 chi2,keep; maintain; preserve,动,https://api.wohuimandarin.com/nls/tts?text=%E7%BB%B4%E6%8C%81,0.0
6,唯独,wei du,wéi dú,wei2 du2,only; alone,副,https://api.wohuimandarin.com/nls/tts?text=%E5%94%AF%E7%8B%AC,0.0
6,维护,wei hu,wéi hù,wei2 hu4,maintain,动,https://api.wohuimandarin.com/nls/tts?text=%E7%BB%B4%E6%8A%A4,0.0
6,为难,wei nan,wéi nán,wei2 nan2,feel embarrassed/awkward,形,https://api.wohuimandarin.com/nls/tts?text=%E4%B8%BA%E9%9A%BE,0.0
6,为期,wei qi,wéi qī,wei2 qi1,by a definite date,动,https://api.wohuimandarin.com/nls/tts?text=%E4%B8%BA%E6%9C%9F,0.0
6,维生素,wei sheng su,wéi shēng sù,wei2 sheng1 su4,vitamin,名,https://api.wohuimandarin.com/nls/tts?text=%E7%BB%B4%E7%94%9F%E7%B4%A0,0.0
6,委托,wei tuo,wěi tuō,wei3 tuo1,entrust; authorize; bail,动,https://api.wohuimandarin.com/nls/tts?text=%E5%A7%94%E6%89%98,0.0
6,委员,wei yuan,wěi yuán,wei3 yuan2,committee member,名,https://api.wohuimandarin.com/nls/tts?text=%E5%A7%94%E5%91%98,0.0
6,伪造,wei zao,wěi zào,wei3 zao4,counterfeit; forge; falsify,动,https://api.wohuimandarin.com/nls/tts?text=%E4%BC%AA%E9%80%A0,0.0
6,喂,wei,wèi,wei4,hello,动,https://api.wohuimandarin.com/nls/tts?text=w%C3%A8i,0.0
6,畏惧,wei ju,wèi jù,wei4 ju4,fear; awe; dread,形,https://api.wohuimandarin.com/nls/tts?text=%E7%95%8F%E6%83%A7,0.0
6,蔚蓝,wei lan,wèi lán,wei4 lan2,azure,形,https://api.wohuimandarin.com/nls/tts?text=%E8%94%9A%E8%93%9D,0.0
6,未免,wei mian,wèi miǎn,wei4 mian3,rather; a bit too; truly,副,https://api.wohuimandarin.com/nls/tts?text=%E6%9C%AA%E5%85%8D,0.0
6,慰问,wei wen,wèi wèn,wei4 wen4,express sympathy and solicitude for,动,https://api.wohuimandarin.com/nls/tts?text=%E6%85%B0%E9%97%AE,0.0
6,卫星,wei xing,wèi xīng,wei4 xing1,satellite; moon,名,https://api.wohuimandarin.com/nls/tts?text=%E5%8D%AB%E6%98%9F,0.0
6,温带,wen dai,wēn dài,wen1 dai4,temperate zone,名,https://api.wohuimandarin.com/nls/tts?text=%E6%B8%A9%E5%B8%A6,0.0
6,温和,wen he,wēn hé,wen1 he2,lukewarm,形,https://api.wohuimandarin.com/nls/tts?text=%E6%B8%A9%E5%92%8C,0.0
6,文凭,wen ping,wén píng,wen2 ping2,diploma,名,https://api.wohuimandarin.com/nls/tts?text=%E6%96%87%E5%87%AD,0.0
6,文物,wen wu,wén wù,wen2 wu4,cultural relic; historical relic,名,https://api.wohuimandarin.com/nls/tts?text=%E6%96%87%E7%89%A9,0.0
6,文献,wen xian,wén xiàn,wen2 xian4,document; literature,名,https://api.wohuimandarin.com/nls/tts?text=%E6%96%87%E7%8C%AE,0.0
6,文雅,wen ya,wén yǎ,wen2 ya3,elegant; refined; cultured,形,https://api.wohuimandarin.com/nls/tts?text=%E6%96%87%E9%9B%85,0.0
6,文艺,wen yi,wén yì,wen2 yi4,literature and art,名,https://api.wohuimandarin.com/nls/tts?text=%E6%96%87%E8%89%BA,0.0
6,问世,wen shi,wèn shì,wen4 shi4,be published; come out,动,https://api.wohuimandarin.com/nls/tts?text=%E9%97%AE%E4%B8%96,0.0
6,窝,wo,wō,wo1,nest; den; lair,名,https://api.wohuimandarin.com/nls/tts?text=w%C5%8D,0.0
6,乌黑,wu hei,wū hēi,wu1 hei1,jet-black,形,https://api.wohuimandarin.com/nls/tts?text=%E4%B9%8C%E9%BB%91,0.0
6,污蔑,wu mie,wū miè,wu1 mie4,slander; vilify,动,https://api.wohuimandarin.com/nls/tts?text=%E6%B1%A1%E8%94%91,0.0
6,诬陷,wu xian,wū xiàn,wu1 xian4,to frame someone; make a false charge against sb,动,https://api.wohuimandarin.com/nls/tts?text=%E8%AF%AC%E9%99%B7,0.0
6,无比,wu bi,wú bǐ,wu2 bi3,incomparable; unparalleled; matchless,动,https://api.wohuimandarin.com/nls/tts?text=%E6%97%A0%E6%AF%94,0.0
6,无偿,wu chang,wú cháng,wu2 chang2,free; gratis,名,https://api.wohuimandarin.com/nls/tts?text=%E6%97%A0%E5%81%BF,0.0
6,无耻,wu chi,wú chǐ,wu2 chi3,shameless; brazen; impudent,形,https://api.wohuimandarin.com/nls/tts?text=%E6%97%A0%E8%80%BB,0.0
6,无动于衷,wu dong yu zhong,wú dòng yú zhōng,wu2 dong4 yu2 zhong1,be completely indifferent; remain completely unmoved,,https://api.wohuimandarin.com/nls/tts?text=%E6%97%A0%E5%8A%A8%E4%BA%8E%E8%A1%B7,0.0
6,无非,wu fei,wú fēi,wu2 fei1,nothing but; no more than; simply,副,https://api.wohuimandarin.com/nls/tts?text=%E6%97%A0%E9%9D%9E,0.0
6,无辜,wu gu,wú gū,wu2 gu1,not guilty [law],形,https://api.wohuimandarin.com/nls/tts?text=%E6%97%A0%E8%BE%9C,0.0
6,无精打采,wu jing da cai,wú jīng dǎ cǎi,wu2 jing1 da3 cai3,have the blues; be listless,,https://api.wohuimandarin.com/nls/tts?text=%E6%97%A0%E7%B2%BE%E6%89%93%E9%87%87,0.0
6,无赖,wu lai,wú lài,wu2 lai4,like a rascal or scoundrel,形/名,https://api.wohuimandarin.com/nls/tts?text=%E6%97%A0%E8%B5%96,0.0
6,无理取闹,wu li qu nao,wú lǐ qǔ nào,wu2 li3 qu3 nao4,make trouble out of nothing; find fault with somebody for no reason whatsoever,,https://api.wohuimandarin.com/nls/tts?text=%E6%97%A0%E7%90%86%E5%8F%96%E9%97%B9,0.0
6,无能为力,wu neng wei li,wú néng wéi lì,wu2 neng2 wei2 li4,helpless; unable to do anything to help,,https://api.wohuimandarin.com/nls/tts?text=%E6%97%A0%E8%83%BD%E4%B8%BA%E5%8A%9B,0.0
6,无穷无尽,wu qiong wu jin,wú qióng wú jìn,wu2 qiong2 wu2 jin4,inexhaustible; boundless; endless,,https://api.wohuimandarin.com/nls/tts?text=%E6%97%A0%E7%A9%B7%E6%97%A0%E5%B0%BD,0.0
6,无微不至,wu wei bu zhi,wú wēi bú zhì,wu2 wei1 bu2 zhi4,lavish every care on; in every possible way; meticulously,,https://api.wohuimandarin.com/nls/tts?text=%E6%97%A0%E5%BE%AE%E4%B8%8D%E8%87%B3,0.0
6,无忧无虑,wu you wu lv,wú yōu wú lǜ,wu2 you1 wu2 lv4,care-free; without sorrow or anxiety,,https://api.wohuimandarin.com/nls/tts?text=%E6%97%A0%E5%BF%A7%E6%97%A0%E8%99%91,0.0
6,无知,wu zhi,wú zhī,wu2 zhi1,ignorant,形,https://api.wohuimandarin.com/nls/tts?text=%E6%97%A0%E7%9F%A5,0.0
6,舞蹈,wu dao,wǔ dǎo,wu3 dao3,dance,名,https://api.wohuimandarin.com/nls/tts?text=%E8%88%9E%E8%B9%88,0.0
6,武器,wu qi,wǔ qì,wu3 qi4,weapon; arms,名,https://api.wohuimandarin.com/nls/tts?text=%E6%AD%A6%E5%99%A8,5.0
6,侮辱,wu ru,wǔ rǔ,wu3 ru3,insult; humiliate,动,https://api.wohuimandarin.com/nls/tts?text=%E4%BE%AE%E8%BE%B1,0.0
6,武侠,wu xia,wǔ xiá,wu3 xia2,person adept in martial arts who performs chivalrous deeds,名,https://api.wohuimandarin.com/nls/tts?text=%E6%AD%A6%E4%BE%A0,0.0
6,武装,wu zhuang,wǔ zhuāng,wu3 zhuang1,arms; military equipment; armed forces,动,https://api.wohuimandarin.com/nls/tts?text=%E6%AD%A6%E8%A3%85,0.0
6,务必,wu bi,wù bì,wu4 bi4,must; be sure to,副,https://api.wohuimandarin.com/nls/tts?text=%E5%8A%A1%E5%BF%85,0.0
6,误差,wu cha,wù chā,wu4 cha1,error,名,https://api.wohuimandarin.com/nls/tts?text=%E8%AF%AF%E5%B7%AE,0.0
6,误解,wu jie,wù jiě,wu4 jie3,misread; misunderstand; misconstrue,动/名,https://api.wohuimandarin.com/nls/tts?text=%E8%AF%AF%E8%A7%A3,0.0
6,物美价廉,wu mei jia lian,wù měi jià lián,wu4 mei3 jia4 lian2,high quality and inexpensive,,https://api.wohuimandarin.com/nls/tts?text=%E7%89%A9%E7%BE%8E%E4%BB%B7%E5%BB%89,0.0
6,物业,wu ye,wù yè,wu4 ye4,property [real estate],名,https://api.wohuimandarin.com/nls/tts?text=%E7%89%A9%E4%B8%9A,0.0
6,物资,wu zi,wù zī,wu4 zi1,goods and materials,名,https://api.wohuimandarin.com/nls/tts?text=%E7%89%A9%E8%B5%84,0.0
6,溪,xi,xī,xi1,brook; rivulet; streamlet,名,https://api.wohuimandarin.com/nls/tts?text=x%C4%AB,0.0
6,膝盖,xi gai,xī gài,xi1 gai4,knee,名,https://api.wohuimandarin.com/nls/tts?text=%E8%86%9D%E7%9B%96,0.0
6,熄灭,xi mie,xī miè,xi1 mie4,extinguish; quench; put out,动,https://api.wohuimandarin.com/nls/tts?text=%E7%86%84%E7%81%AD,0.0
6,昔日,xi ri,xī rì,xi1 ri4,in former times; in the past; in the old days,名,https://api.wohuimandarin.com/nls/tts?text=%E6%98%94%E6%97%A5,0.0
6,牺牲,xi sheng,xī shēng,xi1 sheng1,a beast slaughtered for sacrifice; sacrifice; sacrifice oneself,动,https://api.wohuimandarin.com/nls/tts?text=%E7%89%BA%E7%89%B2,0.0
6,夕阳,xi yang,xī yáng,xi1 yang2,the setting sun,名,https://api.wohuimandarin.com/nls/tts?text=%E5%A4%95%E9%98%B3,0.0
6,媳妇,xi fu,xí fu,xi2 fu5,wife; daughter-in-law,名,https://api.wohuimandarin.com/nls/tts?text=%E5%AA%B3%E5%A6%87,0.0
6,袭击,xi ji,xí jī,xi2 ji1,make a surprise attack on; assault; raid,动,https://api.wohuimandarin.com/nls/tts?text=%E8%A2%AD%E5%87%BB,0.0
6,习俗,xi su,xí sú,xi2 su2,customs; traditions,名,https://api.wohuimandarin.com/nls/tts?text=%E4%B9%A0%E4%BF%97,0.0
6,喜闻乐见,xi wen le jian,xǐ wén lè jiàn,xi3 wen2 le4 jian4,be delighted to hear and see,,https://api.wohuimandarin.com/nls/tts?text=%E5%96%9C%E9%97%BB%E4%B9%90%E8%A7%81,0.0
6,喜悦,xi yue,xǐ yuè,xi3 yue4,happy; joyful,名,https://api.wohuimandarin.com/nls/tts?text=%E5%96%9C%E6%82%A6,0.0
6,细胞,xi bao,xì bāo,xi4 bao1,cell [biology],名,https://api.wohuimandarin.com/nls/tts?text=%E7%BB%86%E8%83%9E,0.0
6,细菌,xi jun,xì jūn,xi4 jun1,germ; bacterium,名,https://api.wohuimandarin.com/nls/tts?text=%E7%BB%86%E8%8F%8C,0.0
6,系列,xi lie,xì liè,xi4 lie4,succession; series; set,名,https://api.wohuimandarin.com/nls/tts?text=%E7%B3%BB%E5%88%97,0.0
6,细致,xi zhi,xì zhì,xi4 zhi4,careful; meticulous; painstaking,形,https://api.wohuimandarin.com/nls/tts?text=%E7%BB%86%E8%87%B4,0.0
6,霞,xia,xiá,xia2,rosy clouds; morning or evening glow,名,https://api.wohuimandarin.com/nls/tts?text=xi%C3%A1,0.0
6,狭隘,xia ai,xiá ài,xia2 ai4,narrow; parochial,形,https://api.wohuimandarin.com/nls/tts?text=%E7%8B%AD%E9%9A%98,0.0
6,峡谷,xia gu,xiá gǔ,xia2 gu3,gorge; canyon; gulch,名,https://api.wohuimandarin.com/nls/tts?text=%E5%B3%A1%E8%B0%B7,0.0
6,狭窄,xia zhai,xiá zhǎi,xia2 zhai3,narrow; cramped,形,https://api.wohuimandarin.com/nls/tts?text=%E7%8B%AD%E7%AA%84,0.0
6,下属,xia shu,xià shǔ,xia4 shu3,subordinate; branch,名,https://api.wohuimandarin.com/nls/tts?text=%E4%B8%8B%E5%B1%9E,0.0
6,先进,xian jin,xiān jìn,xian1 jin4,advanced,形,https://api.wohuimandarin.com/nls/tts?text=%E5%85%88%E8%BF%9B,0.0
6,鲜明,xian ming,xiān míng,xian1 ming2,bright; clear-cut; distinct,形,https://api.wohuimandarin.com/nls/tts?text=%E9%B2%9C%E6%98%8E,0.0
6,掀起,xian qi,xiān qǐ,xian1 qi3,lift; raise,动,https://api.wohuimandarin.com/nls/tts?text=%E6%8E%80%E8%B5%B7,0.0
6,先前,xian qian,xiān qián,xian1 qian2,before; previously,名,https://api.wohuimandarin.com/nls/tts?text=%E5%85%88%E5%89%8D,0.0
6,纤维,xian wei,xiān wéi,xian1 wei2,fibre; filament,名,https://api.wohuimandarin.com/nls/tts?text=%E7%BA%A4%E7%BB%B4,0.0
6,弦,xian,xián,xian2,the string of a musical instrument/bow; spring,名,https://api.wohuimandarin.com/nls/tts?text=xi%C3%A1n,0.0
6,嫌,xian,xián,xian2,suspicion; ill will; resentment,动,https://api.wohuimandarin.com/nls/tts?text=xi%C3%A1n,0.0
6,闲话,xian hua,xián huà,xian2 hua4,chitchat; digression,名,https://api.wohuimandarin.com/nls/tts?text=%E9%97%B2%E8%AF%9D,0.0
6,贤惠,xian hui,xián huì,xian2 hui4,virtuous,形,https://api.wohuimandarin.com/nls/tts?text=%E8%B4%A4%E6%83%A0,0.0
6,衔接,xian jie,xián jiē,xian2 jie1,link up; join; connect,动,https://api.wohuimandarin.com/nls/tts?text=%E8%A1%94%E6%8E%A5,0.0
6,嫌疑,xian yi,xián yí,xian2 yi2,suspicion,名,https://api.wohuimandarin.com/nls/tts?text=%E5%AB%8C%E7%96%91,0.0
6,显著,xian zhu,xiǎn zhù,xian3 zhu4,notable; striking; remarkable,形,https://api.wohuimandarin.com/nls/tts?text=%E6%98%BE%E8%91%97,0.0
6,现场,xian chang,xiàn chǎng,xian4 chang3,scene; site; spot,名,https://api.wohuimandarin.com/nls/tts?text=%E7%8E%B0%E5%9C%BA,0.0
6,现成,xian cheng,xiàn chéng,xian4 cheng2,ready-made; off the peg,形,https://api.wohuimandarin.com/nls/tts?text=%E7%8E%B0%E6%88%90,0.0
6,馅儿,xian er,xiàn er,xian4 er5,filling,名,https://api.wohuimandarin.com/nls/tts?text=%E9%A6%85%E5%84%BF,0.0
6,宪法,xian fa,xiàn fǎ,xian4 fa3,constitution; charter,名,https://api.wohuimandarin.com/nls/tts?text=%E5%AE%AA%E6%B3%95,0.0
6,陷害,xian hai,xiàn hài,xian4 hai4,frame; make a false charge against; snare,动,https://api.wohuimandarin.com/nls/tts?text=%E9%99%B7%E5%AE%B3,0.0
6,陷阱,xian jing,xiàn jǐng,xian4 jing3,lit. a pit for trapping animals,名,https://api.wohuimandarin.com/nls/tts?text=%E9%99%B7%E9%98%B1,0.0
6,陷入,xian ru,xiàn rù,xian4 ru4,sink into; fall into; land oneself in,动,https://api.wohuimandarin.com/nls/tts?text=%E9%99%B7%E5%85%A5,0.0
6,线索,xian suo,xiàn suǒ,xian4 suo3,clue; trail; thread,名,https://api.wohuimandarin.com/nls/tts?text=%E7%BA%BF%E7%B4%A2,0.0
6,现状,xian zhuang,xiàn zhuàng,xian4 zhuang4,current situation,名,https://api.wohuimandarin.com/nls/tts?text=%E7%8E%B0%E7%8A%B6,0.0
6,相差,xiang cha,xiāng chà,xiang1 cha4,difference,动,https://api.wohuimandarin.com/nls/tts?text=%E7%9B%B8%E5%B7%AE,0.0
6,相等,xiang deng,xiāng děng,xiang1 deng3,be equal to,动,https://api.wohuimandarin.com/nls/tts?text=%E7%9B%B8%E7%AD%89,0.0
6,相辅相成,xiang fu xiang cheng,xiāng fǔ xiāng chéng,xiang1 fu3 xiang1 cheng2,complement each other,,https://api.wohuimandarin.com/nls/tts?text=%E7%9B%B8%E8%BE%85%E7%9B%B8%E6%88%90,0.0
6,镶嵌,xiang qian,xiāng qiàn,xiang1 qian4,inlay; mount; fill in,动,https://api.wohuimandarin.com/nls/tts?text=%E9%95%B6%E5%B5%8C,0.0
6,相应,xiang ying,xiāng yìng,xiang1 ying4,corresponding; relevant; work in concert with,动,https://api.wohuimandarin.com/nls/tts?text=%E7%9B%B8%E5%BA%94,0.0
6,乡镇,xiang zhen,xiāng zhèn,xiang1 zhen4,villages and towns,名,https://api.wohuimandarin.com/nls/tts?text=%E4%B9%A1%E9%95%87,0.0
6,想方设法,xiang fang she fa,xiǎng fāng shè fǎ,xiang3 fang1 she4 fa3,find ways and means to; in every possible way,,https://api.wohuimandarin.com/nls/tts?text=%E6%83%B3%E6%96%B9%E8%AE%BE%E6%B3%95,0.0
6,响亮,xiang liang,xiǎng liàng,xiang3 liang4,loud and clear; resounding; sonorous,形,https://api.wohuimandarin.com/nls/tts?text=%E5%93%8D%E4%BA%AE,0.0
6,响应,xiang ying,xiǎng yìng,xiang3 ying4,respond; answer,动,https://api.wohuimandarin.com/nls/tts?text=%E5%93%8D%E5%BA%94,0.0
6,巷,xiang,xiàng,xiang4,lane; alley,名,https://api.wohuimandarin.com/nls/tts?text=xi%C3%A0ng,0.0
6,向导,xiang dao,xiàng dǎo,xiang4 dao3,guide,名,https://api.wohuimandarin.com/nls/tts?text=%E5%90%91%E5%AF%BC,0.0
6,向来,xiang lai,xiàng lái,xiang4 lai2,always; all along,副,https://api.wohuimandarin.com/nls/tts?text=%E5%90%91%E6%9D%A5,0.0
6,相声,xiang sheng,xiàng sheng,xiang4 sheng0,comic dialog,名,https://api.wohuimandarin.com/nls/tts?text=%E7%9B%B8%E5%A3%B0,0.0
6,向往,xiang wang,xiàng wǎng,xiang4 wang3,yearn for; look forward to,动,https://api.wohuimandarin.com/nls/tts?text=%E5%90%91%E5%BE%80,0.0
6,削,xiao,xiāo,xiao1,cut,动,https://api.wohuimandarin.com/nls/tts?text=xi%C4%81o,0.0
6,消除,xiao chu,xiāo chú,xiao1 chu2,eliminate; dispel; clear up,动,https://api.wohuimandarin.com/nls/tts?text=%E6%B6%88%E9%99%A4,0.0
6,消毒,xiao du,xiāo dú,xiao1 du2,disinfect; sterilise,动,https://api.wohuimandarin.com/nls/tts?text=%E6%B6%88%E6%AF%92,0.0
6,消防,xiao fang,xiāo fáng,xiao1 fang2,extinguish and protect; fire control,动,https://api.wohuimandarin.com/nls/tts?text=%E6%B6%88%E9%98%B2,0.0
6,消耗,xiao hao,xiāo hào,xiao1 hao4,consume; use up; deplete,动,https://api.wohuimandarin.com/nls/tts?text=%E6%B6%88%E8%80%97,0.0
6,销毁,xiao hui,xiāo huǐ,xiao1 hui3,destroy by melting or burning,动,https://api.wohuimandarin.com/nls/tts?text=%E9%94%80%E6%AF%81,0.0
6,消灭,xiao mie,xiāo miè,xiao1 mie4,perish; die out; annihilate,动,https://api.wohuimandarin.com/nls/tts?text=%E6%B6%88%E7%81%AD,3.0
6,潇洒,xiao sa,xiāo sǎ,xiao1 sa3,natural and unrestrained [of a person's appearance or demeanor],形,https://api.wohuimandarin.com/nls/tts?text=%E6%BD%87%E6%B4%92,0.0
6,小心翼翼,xiao xin yi yi,xiǎo xīn yì yì,xiao3 xin1 yi4 yi4,with great care; be very scrupulous; ; cautiously,,https://api.wohuimandarin.com/nls/tts?text=%E5%B0%8F%E5%BF%83%E7%BF%BC%E7%BF%BC,0.0
6,肖像,xiao xiang,xiào xiàng,xiao4 xiang4,portrait,名,https://api.wohuimandarin.com/nls/tts?text=%E8%82%96%E5%83%8F,0.0
6,效益,xiao yi,xiào yì,xiao4 yi4,beneficial result; effectiveness; achievements,名,https://api.wohuimandarin.com/nls/tts?text=%E6%95%88%E7%9B%8A,0.0
6,效应,xiao ying,xiào yìng,xiao4 ying4,effect [scientific phenomenon],名,https://api.wohuimandarin.com/nls/tts?text=%E6%95%88%E5%BA%94,0.0
6,携带,xie dai,xié dài,xie2 dai4,carry; bring; take along,动,https://api.wohuimandarin.com/nls/tts?text=%E6%90%BA%E5%B8%A6,0.0
6,协会,xie hui,xié huì,xie2 hui4,association; society; institute,名,https://api.wohuimandarin.com/nls/tts?text=%E5%8D%8F%E4%BC%9A,0.0
6,协商,xie shang,xié shāng,xie2 shang1,consult; talk things over,动,https://api.wohuimandarin.com/nls/tts?text=%E5%8D%8F%E5%95%86,0.0
6,协调,xie tiao,xié tiáo,xie2 tiao2,coordinate; integrate; harmonize,动,https://api.wohuimandarin.com/nls/tts?text=%E5%8D%8F%E8%B0%83,0.0
6,协议,xie yi,xié yì,xie2 yi4,agree on; understanding; treaty,名,https://api.wohuimandarin.com/nls/tts?text=%E5%8D%8F%E8%AE%AE,0.0
6,协助,xie zhu,xié zhù,xie2 zhu4,assist; help,动,https://api.wohuimandarin.com/nls/tts?text=%E5%8D%8F%E5%8A%A9,0.0
6,屑,xie,xiè,xie4,scraps; crumbs,名,https://api.wohuimandarin.com/nls/tts?text=xi%C3%A8,0.0
6,谢绝,xie jue,xiè jué,xie4 jue2,close one's doors; refuse; decline,动,https://api.wohuimandarin.com/nls/tts?text=%E8%B0%A2%E7%BB%9D,0.0
6,泄露,xie lu,xiè lù,xie4 lu4,let out; reveal; divulge,动,https://api.wohuimandarin.com/nls/tts?text=%E6%B3%84%E9%9C%B2,0.0
6,泄气,xie qi,xiè qì,xie4 qi4,lose heart; feel discouraged; be disheartened,动,https://api.wohuimandarin.com/nls/tts?text=%E6%B3%84%E6%B0%94,0.0
6,新陈代谢,xin chen dai xie,xīn chén dài xiè,xin1 chen2 dai4 xie4,the new supersedes the old,,https://api.wohuimandarin.com/nls/tts?text=%E6%96%B0%E9%99%88%E4%BB%A3%E8%B0%A2,0.0
6,心得,xin de,xīn dé,xin1 de2,"what one has learned from work, study etc",名,https://api.wohuimandarin.com/nls/tts?text=%E5%BF%83%E5%BE%97,0.0
6,心甘情愿,xin gan qing yuan,xīn gān qíng yuàn,xin1 gan1 qing2 yuan4,be delighted to do something [idiom],,https://api.wohuimandarin.com/nls/tts?text=%E5%BF%83%E7%94%98%E6%83%85%E6%84%BF,0.0
6,新郎,xin lang,xīn láng,xin1 lang2,bridegroom,名,https://api.wohuimandarin.com/nls/tts?text=%E6%96%B0%E9%83%8E,0.0
6,心灵,xin ling,xīn líng,xin1 ling2,soul; intelligent,名,https://api.wohuimandarin.com/nls/tts?text=%E5%BF%83%E7%81%B5,0.0
6,新娘,xin niang,xīn niáng,xin1 niang2,bride,名,https://api.wohuimandarin.com/nls/tts?text=%E6%96%B0%E5%A8%98,0.0
6,辛勤,xin qin,xīn qín,xin1 qin2,industrious; hardworking,形,https://api.wohuimandarin.com/nls/tts?text=%E8%BE%9B%E5%8B%A4,0.0
6,薪水,xin shui,xīn shuǐ,xin1 shui3,salary; pay; wages,名,https://api.wohuimandarin.com/nls/tts?text=%E8%96%AA%E6%B0%B4,0.0
6,心态,xin tai,xīn tài,xin1 tai4,mentality; psychology,名,https://api.wohuimandarin.com/nls/tts?text=%E5%BF%83%E6%80%81,0.0
6,心疼,xin teng,xīn téng,xin1 teng2,love dearly,动,https://api.wohuimandarin.com/nls/tts?text=%E5%BF%83%E7%96%BC,0.0
6,欣慰,xin wei,xīn wèi,xin1 wei4,be relieved; be gratified,形,https://api.wohuimandarin.com/nls/tts?text=%E6%AC%A3%E6%85%B0,0.0
6,欣欣向荣,xin xin xiang rong,xīn xīn xiàng róng,xin1 xin1 xiang4 rong2,thriving; flourishing; prosperous,,https://api.wohuimandarin.com/nls/tts?text=%E6%AC%A3%E6%AC%A3%E5%90%91%E8%8D%A3,0.0
6,心血,xin xue,xīn xuè,xin1 xue4,painstaking care [lit. with the heart's blood],名,https://api.wohuimandarin.com/nls/tts?text=%E5%BF%83%E8%A1%80,0.0
6,心眼儿,xin yan er,xīn yǎn er,xin1 yan3 er5,heart; mind,名,https://api.wohuimandarin.com/nls/tts?text=%E5%BF%83%E7%9C%BC%E5%84%BF,0.0
6,新颖,xin ying,xīn yǐng,xin1 ying3,new and original; novel,形,https://api.wohuimandarin.com/nls/tts?text=%E6%96%B0%E9%A2%96,0.0
6,信赖,xin lai,xìn lài,xin4 lai4,trust; count on; have faith in,动,https://api.wohuimandarin.com/nls/tts?text=%E4%BF%A1%E8%B5%96,0.0
6,信念,xin nian,xìn niàn,xin4 nian4,faith; belief; conviction,名,https://api.wohuimandarin.com/nls/tts?text=%E4%BF%A1%E5%BF%B5,0.0
6,信仰,xin yang,xìn yǎng,xin4 yang3,faith; belief,动/名,https://api.wohuimandarin.com/nls/tts?text=%E4%BF%A1%E4%BB%B0,0.0
6,信誉,xin yu,xìn yù,xin4 yu4,prestige,名,https://api.wohuimandarin.com/nls/tts?text=%E4%BF%A1%E8%AA%89,0.0
6,腥,xing,xīng,xing1,raw meat or fish,形,https://api.wohuimandarin.com/nls/tts?text=x%C4%ABng,0.0
6,兴高采烈,xing gao cai lie,xīng gāo cǎi liè,xing1 gao1 cai3 lie4,be jubilant; be in good  spirits; elated,,https://api.wohuimandarin.com/nls/tts?text=%E5%85%B4%E9%AB%98%E9%87%87%E7%83%88,0.0
6,兴隆,xing long,xīng lóng,xing1 long2,booming,形,https://api.wohuimandarin.com/nls/tts?text=%E5%85%B4%E9%9A%86,0.0
6,兴旺,xing wang,xīng wàng,xing1 wang4,prosperous; flourishing; thriving,形,https://api.wohuimandarin.com/nls/tts?text=%E5%85%B4%E6%97%BA,0.0
6,刑事,xing shi,xíng shì,xing2 shi4,criminal; penal,名,https://api.wohuimandarin.com/nls/tts?text=%E5%88%91%E4%BA%8B,0.0
6,形态,xing tai,xíng tài,xing2 tai4,form; shape; pattern,名,https://api.wohuimandarin.com/nls/tts?text=%E5%BD%A2%E6%80%81,0.0
6,行政,xing zheng,xíng zhèng,xing2 zheng4,administration,名,https://api.wohuimandarin.com/nls/tts?text=%E8%A1%8C%E6%94%BF,0.0
6,性感,xing gan,xìng gǎn,xing4 gan3,sexuality; sex appeal,形,https://api.wohuimandarin.com/nls/tts?text=%E6%80%A7%E6%84%9F,0.0
6,性命,xing ming,xìng mìng,xing4 ming4,life,名,https://api.wohuimandarin.com/nls/tts?text=%E6%80%A7%E5%91%BD,0.0
6,性能,xing neng,xìng néng,xing4 neng2,function; property; nature,名,https://api.wohuimandarin.com/nls/tts?text=%E6%80%A7%E8%83%BD,0.0
6,兴致勃勃,xing zhi bo bo,xìng zhì bó bó,xing4 zhi4 bo2 bo2,be in high spirits; cheerful and energetic,,https://api.wohuimandarin.com/nls/tts?text=%E5%85%B4%E8%87%B4%E5%8B%83%E5%8B%83,0.0
6,凶恶,xiong e,xiōng è,xiong1 e4,fierce; ferocious; malevolent,形,https://api.wohuimandarin.com/nls/tts?text=%E5%87%B6%E6%81%B6,0.0
6,胸怀,xiong huai,xiōng huái,xiong1 huai2,mind; heart; breast,名,https://api.wohuimandarin.com/nls/tts?text=%E8%83%B8%E6%80%80,0.0
6,凶手,xiong shou,xiōng shǒu,xiong1 shou3,murderer; assassin; assailant,名,https://api.wohuimandarin.com/nls/tts?text=%E5%87%B6%E6%89%8B,0.0
6,胸膛,xiong tang,xiōng táng,xiong1 tang2,breast; thorax; chest,名,https://api.wohuimandarin.com/nls/tts?text=%E8%83%B8%E8%86%9B,0.0
6,汹涌,xiong yong,xiōng yǒng,xiong1 yong3,"to surge up violently [of ocean, river, lake etc]",形,https://api.wohuimandarin.com/nls/tts?text=%E6%B1%B9%E6%B6%8C,0.0
6,雄厚,xiong hou,xióng hòu,xiong2 hou4,tremendous; rich; abundant,形,https://api.wohuimandarin.com/nls/tts?text=%E9%9B%84%E5%8E%9A,0.0
6,雄伟,xiong wei,xióng wěi,xiong2 wei3,grand; imposing; majestic,形,https://api.wohuimandarin.com/nls/tts?text=%E9%9B%84%E4%BC%9F,0.0
6,羞耻,xiu chi,xiū chǐ,xiu1 chi3,ashamed,形,https://api.wohuimandarin.com/nls/tts?text=%E7%BE%9E%E8%80%BB,0.0
6,修复,xiu fu,xiū fù,xiu1 fu4,repair; restore; renovate,动,https://api.wohuimandarin.com/nls/tts?text=%E4%BF%AE%E5%A4%8D,0.0
6,修建,xiu jian,xiū jiàn,xiu1 jian4,build; construct; erect,动,https://api.wohuimandarin.com/nls/tts?text=%E4%BF%AE%E5%BB%BA,0.0
6,修养,xiu yang,xiū yǎng,xiu1 yang3,accomplishment; training; mastery,名,https://api.wohuimandarin.com/nls/tts?text=%E4%BF%AE%E5%85%BB,0.0
6,绣,xiu,xiù,xiu4,embroider,动,https://api.wohuimandarin.com/nls/tts?text=xi%C3%B9,0.0
6,嗅觉,xiu jue,xiù jué,xiu4 jue2,sense of smell,名,https://api.wohuimandarin.com/nls/tts?text=%E5%97%85%E8%A7%89,0.0
6,虚假,xu jia,xū jiǎ,xu1 jia3,false; sham,形,https://api.wohuimandarin.com/nls/tts?text=%E8%99%9A%E5%81%87,0.0
6,需求,xu qiu,xū qiú,xu1 qiu2,need; requirement,名,https://api.wohuimandarin.com/nls/tts?text=%E9%9C%80%E6%B1%82,0.0
6,虚荣,xu rong,xū róng,xu1 rong2,vanity; vain glory,名,https://api.wohuimandarin.com/nls/tts?text=%E8%99%9A%E8%8D%A3,0.0
6,虚伪,xu wei,xū wěi,xu1 wei3,sham; false; hypocritical,形,https://api.wohuimandarin.com/nls/tts?text=%E8%99%9A%E4%BC%AA,0.0
6,须知,xu zhi,xū zhī,xu1 zhi1,it must be understood that,名,https://api.wohuimandarin.com/nls/tts?text=%E9%A1%BB%E7%9F%A5,0.0
6,许可,xu ke,xǔ kě,xu3 ke3,permit; allow,动,https://api.wohuimandarin.com/nls/tts?text=%E8%AE%B8%E5%8F%AF,0.0
6,酗酒,xu jiu,xù jiǔ,xu4 jiu3,become drunk and violent,动,https://api.wohuimandarin.com/nls/tts?text=%E9%85%97%E9%85%92,0.0
6,畜牧,xu mu,xù mù,xu4 mu4,raise livestock,名,https://api.wohuimandarin.com/nls/tts?text=%E7%95%9C%E7%89%A7,0.0
6,序言,xu yan,xù yán,xu4 yan2,introduction; preface; foreword,名,https://api.wohuimandarin.com/nls/tts?text=%E5%BA%8F%E8%A8%80,0.0
6,喧哗,xuan hua,xuān huá,xuan1 hua2,hubbub,形,https://api.wohuimandarin.com/nls/tts?text=%E5%96%A7%E5%93%97,0.0
6,宣誓,xuan shi,xuān shì,xuan1 shi4,swear an oath; make a vow; make a pledge,动,https://api.wohuimandarin.com/nls/tts?text=%E5%AE%A3%E8%AA%93,0.0
6,宣扬,xuan yang,xuān yáng,xuan1 yang2,publicise; advocate; advertise,动,https://api.wohuimandarin.com/nls/tts?text=%E5%AE%A3%E6%89%AC,0.0
6,悬挂,xuan gua,xuán guà,xuan2 gua4,hang; fly; suspend,动,https://api.wohuimandarin.com/nls/tts?text=%E6%82%AC%E6%8C%82,0.0
6,旋律,xuan lv,xuán lǜ,xuan2 lv4,melody,名,https://api.wohuimandarin.com/nls/tts?text=%E6%97%8B%E5%BE%8B,0.0
6,悬念,xuan nian,xuán niàn,xuan2 nian4,suspense; be concerned about; miss,名,https://api.wohuimandarin.com/nls/tts?text=%E6%82%AC%E5%BF%B5,0.0
6,悬殊,xuan shu,xuán shū,xuan2 shu1,a wide gap,名,https://api.wohuimandarin.com/nls/tts?text=%E6%82%AC%E6%AE%8A,0.0
6,悬崖峭壁,xuan ya qiao bi,xuán yá qiào bì,xuan2 ya2 qiao4 bi4,precipitous rock faces and sheer cliffs,,https://api.wohuimandarin.com/nls/tts?text=%E6%82%AC%E5%B4%96%E5%B3%AD%E5%A3%81,0.0
6,旋转,xuan zhuan,xuán zhuǎn,xuan2 zhuan3,revolve; rotate; spin,动,https://api.wohuimandarin.com/nls/tts?text=%E6%97%8B%E8%BD%AC,0.0
6,选拔,xuan ba,xuǎn bá,xuan3 ba2,select; choose,动,https://api.wohuimandarin.com/nls/tts?text=%E9%80%89%E6%8B%94,0.0
6,选举,xuan ju,xuǎn jǔ,xuan3 ju3,elect; vote,动,https://api.wohuimandarin.com/nls/tts?text=%E9%80%89%E4%B8%BE,0.0
6,选手,xuan shou,xuǎn shǒu,xuan3 shou3,an athlete selected for a sports meet; contestant,名,https://api.wohuimandarin.com/nls/tts?text=%E9%80%89%E6%89%8B,0.0
6,炫耀,xuan yao,xuàn yào,xuan4 yao4,to show off,动,https://api.wohuimandarin.com/nls/tts?text=%E7%82%AB%E8%80%80,0.0
6,削弱,xue ruo,xuē ruò,xue1 ruo4,weaken; cripple,动,https://api.wohuimandarin.com/nls/tts?text=%E5%89%8A%E5%BC%B1,0.0
6,学说,xue shuo,xué shuō,xue2 shuo1,theory; doctrine,名,https://api.wohuimandarin.com/nls/tts?text=%E5%AD%A6%E8%AF%B4,0.0
6,学位,xue wei,xué wèi,xue2 wei4,academic degree,名,https://api.wohuimandarin.com/nls/tts?text=%E5%AD%A6%E4%BD%8D,0.0
6,雪上加霜,xue shang jia shuang,xuě shàng jiā shuāng,xue3 shang4 jia1 shuang1,snow plus frost; one disaster after another,,https://api.wohuimandarin.com/nls/tts?text=%E9%9B%AA%E4%B8%8A%E5%8A%A0%E9%9C%9C,0.0
6,血压,xue ya,xuè yā,xue4 ya1,blood pressure,名,https://api.wohuimandarin.com/nls/tts?text=%E8%A1%80%E5%8E%8B,0.0
6,熏陶,xun tao,xūn táo,xun1 tao2,exert a gradual uplifting influence on; nurture; edify,动,https://api.wohuimandarin.com/nls/tts?text=%E7%86%8F%E9%99%B6,0.0
6,循环,xun huan,xún huán,xun2 huan2,circulate; round; repeat,动,https://api.wohuimandarin.com/nls/tts?text=%E5%BE%AA%E7%8E%AF,0.0
6,巡逻,xun luo,xún luó,xun2 luo2,(go on) patrol,动,https://api.wohuimandarin.com/nls/tts?text=%E5%B7%A1%E9%80%BB,0.0
6,寻觅,xun mi,xún mì,xun2 mi4,seek; look for,动,https://api.wohuimandarin.com/nls/tts?text=%E5%AF%BB%E8%A7%85,0.0
6,循序渐进,xun xu jian jin,xún xù jiàn jìn,xun2 xu4 jian4 jin4,proceed in an orderly way and step by step,,https://api.wohuimandarin.com/nls/tts?text=%E5%BE%AA%E5%BA%8F%E6%B8%90%E8%BF%9B,0.0
6,岳母,e mu,yuè mǔ,e4 mu3,mother-in-law,名,https://api.wohuimandarin.com/nls/tts?text=%E5%B2%B3%E6%AF%8D,0.0
6,鸦雀无声,ya e wu sheng,yā què wú shēng,ya1 e4 wu2 sheng1,[lit.] crow and sparrow make no sound; all is quiet [idiom],,https://api.wohuimandarin.com/nls/tts?text=%E9%B8%A6%E9%9B%80%E6%97%A0%E5%A3%B0,0.0
6,压迫,ya po,yā pò,ya1 po4,oppress; repress; constrict,动,https://api.wohuimandarin.com/nls/tts?text=%E5%8E%8B%E8%BF%AB,0.0
6,压岁钱,ya sui qian,yā suì qián,ya1 sui4 qian2,[money given to children as a lunar New Year gift],名,https://api.wohuimandarin.com/nls/tts?text=%E5%8E%8B%E5%B2%81%E9%92%B1,0.0
6,压缩,ya suo,yā suō,ya1 suo1,compress; condense; cut down,动,https://api.wohuimandarin.com/nls/tts?text=%E5%8E%8B%E7%BC%A9,0.0
6,压抑,ya yi,yā yì,ya1 yi4,constrain; inhibit; hold back,动,https://api.wohuimandarin.com/nls/tts?text=%E5%8E%8B%E6%8A%91,0.0
6,压榨,ya zha,yā zhà,ya1 zha4,press; squeeze; expression,动,https://api.wohuimandarin.com/nls/tts?text=%E5%8E%8B%E6%A6%A8,0.0
6,压制,ya zhi,yā zhì,ya1 zhi4,suppress; stifle; inhibit,动,https://api.wohuimandarin.com/nls/tts?text=%E5%8E%8B%E5%88%B6,0.0
6,亚军,ya jun,yà jūn,ya4 jun1,second place; runner-up,名,https://api.wohuimandarin.com/nls/tts?text=%E4%BA%9A%E5%86%9B,0.0
6,烟花爆竹,yan hua bao zhu,yān huā bào zhú,yan1 hua1 bao4 zhu2,fireworks,,https://api.wohuimandarin.com/nls/tts?text=%E7%83%9F%E8%8A%B1%E7%88%86%E7%AB%B9,0.0
6,淹没,yan mo,yān mò,yan1 mo4,submerge; inundate; drown,动,https://api.wohuimandarin.com/nls/tts?text=%E6%B7%B9%E6%B2%A1,0.0
6,沿海,yan hai,yán hǎi,yan2 hai3,along the coast; coastal; littoral,名,https://api.wohuimandarin.com/nls/tts?text=%E6%B2%BF%E6%B5%B7,0.0
6,严寒,yan han,yán hán,yan2 han2,bitter cold,形,https://api.wohuimandarin.com/nls/tts?text=%E4%B8%A5%E5%AF%92,0.0
6,严禁,yan jin,yán jìn,yan2 jin4,strictly forbid,动,https://api.wohuimandarin.com/nls/tts?text=%E4%B8%A5%E7%A6%81,0.0
6,严峻,yan jun,yán jùn,yan2 jun4,stern; severe; grim,形,https://api.wohuimandarin.com/nls/tts?text=%E4%B8%A5%E5%B3%BB,0.0
6,严厉,yan li,yán lì,yan2 li4,stern; severe,形,https://api.wohuimandarin.com/nls/tts?text=%E4%B8%A5%E5%8E%89,0.0
6,言论,yan lun,yán lùn,yan2 lun4,opinion on public affairs; expression of one's political views,名,https://api.wohuimandarin.com/nls/tts?text=%E8%A8%80%E8%AE%BA,0.0
6,严密,yan mi,yán mì,yan2 mi4,tight; close; strict,形,https://api.wohuimandarin.com/nls/tts?text=%E4%B8%A5%E5%AF%86,0.0
6,延期,yan qi,yán qī,yan2 qi1,postpone; defer; put off,动,https://api.wohuimandarin.com/nls/tts?text=%E5%BB%B6%E6%9C%9F,0.0
6,炎热,yan re,yán rè,yan2 re4,scorching; blazing; burning hot,形,https://api.wohuimandarin.com/nls/tts?text=%E7%82%8E%E7%83%AD,0.0
6,延伸,yan shen,yán shēn,yan2 shen1,extend; elongate; roll out,动,https://api.wohuimandarin.com/nls/tts?text=%E5%BB%B6%E4%BC%B8,0.0
6,岩石,yan shi,yán shí,yan2 shi2,rock,名,https://api.wohuimandarin.com/nls/tts?text=%E5%B2%A9%E7%9F%B3,0.0
6,延续,yan xu,yán xù,yan2 xu4,continue; go on; last,动,https://api.wohuimandarin.com/nls/tts?text=%E5%BB%B6%E7%BB%AD,0.0
6,演变,yan bian,yǎn biàn,yan3 bian4,develop; evolve,动,https://api.wohuimandarin.com/nls/tts?text=%E6%BC%94%E5%8F%98,0.0
6,掩盖,yan gai,yǎn gài,yan3 gai4,cover; conceal; blanket,动,https://api.wohuimandarin.com/nls/tts?text=%E6%8E%A9%E7%9B%96,0.0
6,眼光,yan guang,yǎn guāng,yan3 guang1,sight; foresight; insight,名,https://api.wohuimandarin.com/nls/tts?text=%E7%9C%BC%E5%85%89,0.0
6,掩护,yan hu,yǎn hù,yan3 hu4,shield; screen; cover,动,https://api.wohuimandarin.com/nls/tts?text=%E6%8E%A9%E6%8A%A4,0.0
6,眼色,yan se,yǎn sè,yan3 se4,hint given with the eyes; meaningful glance,名,https://api.wohuimandarin.com/nls/tts?text=%E7%9C%BC%E8%89%B2,0.0
6,眼神,yan shen,yǎn shén,yan3 shen2,expression in one's eyes,名,https://api.wohuimandarin.com/nls/tts?text=%E7%9C%BC%E7%A5%9E,0.0
6,掩饰,yan shi,yǎn shì,yan3 shi4,cover up; gloss over; conceal,动,https://api.wohuimandarin.com/nls/tts?text=%E6%8E%A9%E9%A5%B0,0.0
6,演习,yan xi,yǎn xí,yan3 xi2,manoeuvre; exercise; drill,动,https://api.wohuimandarin.com/nls/tts?text=%E6%BC%94%E4%B9%A0,0.0
6,演绎,yan yi,yǎn yì,yan3 yi4,infer; deduce,动,https://api.wohuimandarin.com/nls/tts?text=%E6%BC%94%E7%BB%8E,0.0
6,演奏,yan zou,yǎn zòu,yan3 zou4,give a performance (with a musical instrument),动,https://api.wohuimandarin.com/nls/tts?text=%E6%BC%94%E5%A5%8F,0.0
6,验收,yan shou,yàn shōu,yan4 shou1,check before acceptance,动,https://api.wohuimandarin.com/nls/tts?text=%E9%AA%8C%E6%94%B6,0.0
6,厌恶,yan wu,yàn wù,yan4 wu4,detest; abhor; be disgusted with,动,https://api.wohuimandarin.com/nls/tts?text=%E5%8E%8C%E6%81%B6,0.0
6,验证,yan zheng,yàn zhèng,yan4 zheng4,test and verify; check; prove,动,https://api.wohuimandarin.com/nls/tts?text=%E9%AA%8C%E8%AF%81,0.0
6,氧气,yang qi,yǎng qì,yang3 qi4,oxygen,名,https://api.wohuimandarin.com/nls/tts?text=%E6%B0%A7%E6%B0%94,0.0
6,样品,yang pin,yàng pǐn,yang4 pin3,sample; specimen; prototype,名,https://api.wohuimandarin.com/nls/tts?text=%E6%A0%B7%E5%93%81,0.0
6,摇摆,yao bai,yáo bǎi,yao2 bai3,sway; swing; rock,动,https://api.wohuimandarin.com/nls/tts?text=%E6%91%87%E6%91%86,0.0
6,摇滚,yao gun,yáo gǔn,yao2 gun3,rock (and roll),名,https://api.wohuimandarin.com/nls/tts?text=%E6%91%87%E6%BB%9A,0.0
6,遥控,yao kong,yáo kòng,yao2 kong4,remote control,动,https://api.wohuimandarin.com/nls/tts?text=%E9%81%A5%E6%8E%A7,0.0
6,谣言,yao yan,yáo yán,yao2 yan2,rumour; groundless allegation,名,https://api.wohuimandarin.com/nls/tts?text=%E8%B0%A3%E8%A8%80,0.0
6,遥远,yao yuan,yáo yuǎn,yao2 yuan3,distant; remote; faraway,形,https://api.wohuimandarin.com/nls/tts?text=%E9%81%A5%E8%BF%9C,0.0
6,要点,yao dian,yào diǎn,yao4 dian3,main points; key points; essentials,名,https://api.wohuimandarin.com/nls/tts?text=%E8%A6%81%E7%82%B9,0.0
6,要命,yao ming,yào mìng,yao4 ming4,drive someone to their death,动,https://api.wohuimandarin.com/nls/tts?text=%E8%A6%81%E5%91%BD,0.0
6,要素,yao su,yào sù,yao4 su4,essential factor; key element,名,https://api.wohuimandarin.com/nls/tts?text=%E8%A6%81%E7%B4%A0,0.0
6,耀眼,yao yan,yào yǎn,yao4 yan3,dazzling,形,https://api.wohuimandarin.com/nls/tts?text=%E8%80%80%E7%9C%BC,0.0
6,野蛮,ye man,yě mán,ye3 man2,uncivilized; savage; barbarous,形,https://api.wohuimandarin.com/nls/tts?text=%E9%87%8E%E8%9B%AE,0.0
6,野心,ye xin,yě xīn,ye3 xin1,wild ambition; careerism,名,https://api.wohuimandarin.com/nls/tts?text=%E9%87%8E%E5%BF%83,0.0
6,液体,ye ti,yè tǐ,ye4 ti3,liquid,名,https://api.wohuimandarin.com/nls/tts?text=%E6%B6%B2%E4%BD%93,0.0
6,依旧,yi jiu,yī jiù,yi1 jiu4,as before; still,副,https://api.wohuimandarin.com/nls/tts?text=%E4%BE%9D%E6%97%A7,0.0
6,依据,yi ju,yī jù,yi1 ju4,according to; in the light of; on the basis of,名/介,https://api.wohuimandarin.com/nls/tts?text=%E4%BE%9D%E6%8D%AE,0.0
6,依靠,yi kao,yī kào,yi1 kao4,rely on; depend on,动,https://api.wohuimandarin.com/nls/tts?text=%E4%BE%9D%E9%9D%A0,0.0
6,依赖,yi lai,yī lài,yi1 lai4,rely on; be dependent on,动,https://api.wohuimandarin.com/nls/tts?text=%E4%BE%9D%E8%B5%96,0.0
6,一流,yi liu,yī liú,yi1 liu2,first-rate; top quality,形,https://api.wohuimandarin.com/nls/tts?text=%E4%B8%80%E6%B5%81,0.0
6,一如既往,yi ru ji wang,yī rú jì wǎng,yi1 ru2 ji4 wang3,as in the past; as ever,,https://api.wohuimandarin.com/nls/tts?text=%E4%B8%80%E5%A6%82%E6%97%A2%E5%BE%80,0.0
6,衣裳,yi shang,yī shang,yi1 shang5,clothing; clothes,名,https://api.wohuimandarin.com/nls/tts?text=%E8%A1%A3%E8%A3%B3,0.0
6,依托,yi tuo,yī tuō,yi1 tuo1,rely on; depend on,动,https://api.wohuimandarin.com/nls/tts?text=%E4%BE%9D%E6%89%98,0.0
6,遗产,yi chan,yí chǎn,yi2 chan3,legacy; inheritance; heritage,名,https://api.wohuimandarin.com/nls/tts?text=%E9%81%97%E4%BA%A7,0.0
6,遗传,yi chuan,yí chuán,yi2 chuan2,inherit; hereditary,动,https://api.wohuimandarin.com/nls/tts?text=%E9%81%97%E4%BC%A0,0.0
6,一度,yi du,yí dù,yi2 du4,once; at one time; for a time,副,https://api.wohuimandarin.com/nls/tts?text=%E4%B8%80%E5%BA%A6,0.0
6,一贯,yi guan,yí guàn,yi2 guan4,from beginning to end; consistent; persistent,形,https://api.wohuimandarin.com/nls/tts?text=%E4%B8%80%E8%B4%AF,0.0
6,疑惑,yi huo,yí huò,yi2 huo4,feel uncertain; not be convinced,名,https://api.wohuimandarin.com/nls/tts?text=%E7%96%91%E6%83%91,0.0
6,遗留,yi liu,yí liú,yi2 liu2,leave behind; hand down,动,https://api.wohuimandarin.com/nls/tts?text=%E9%81%97%E7%95%99,0.0
6,一目了然,yi mu liao ran,yí mù liǎo rán,yi2 mu4 liao3 ran2,be immediately obvious; stick out a mile,,https://api.wohuimandarin.com/nls/tts?text=%E4%B8%80%E7%9B%AE%E4%BA%86%E7%84%B6,0.0
6,仪器,yi qi,yí qì,yi2 qi4,instrument; appliance; apparatus,名,https://api.wohuimandarin.com/nls/tts?text=%E4%BB%AA%E5%99%A8,0.0
6,遗失,yi shi,yí shī,yi2 shi1,lose,动,https://api.wohuimandarin.com/nls/tts?text=%E9%81%97%E5%A4%B1,0.0
6,仪式,yi shi,yí shì,yi2 shi4,ceremony; rite; function,名,https://api.wohuimandarin.com/nls/tts?text=%E4%BB%AA%E5%BC%8F,0.0
6,一向,yi xiang,yí xiàng,yi2 xiang4,consistently; all along; always (previously),副,https://api.wohuimandarin.com/nls/tts?text=%E4%B8%80%E5%90%91,0.0
6,以便,yi bian,yǐ biàn,yi3 bian4,so that; in order to,连,https://api.wohuimandarin.com/nls/tts?text=%E4%BB%A5%E4%BE%BF,0.0
6,以免,yi mian,yǐ miǎn,yi3 mian3,in order to avoid; so as not to; lest,连,https://api.wohuimandarin.com/nls/tts?text=%E4%BB%A5%E5%85%8D,0.0
6,以往,yi wang,yǐ wǎng,yi3 wang3,before; formerly; previously; in the past,名,https://api.wohuimandarin.com/nls/tts?text=%E4%BB%A5%E5%BE%80,0.0
6,以致,yi zhi,yǐ zhì,yi3 zhi4,so that; with the result that,连,https://api.wohuimandarin.com/nls/tts?text=%E4%BB%A5%E8%87%B4,0.0
6,以至,yi zhi,yǐ zhì,yi3 zhi4,down to,连,https://api.wohuimandarin.com/nls/tts?text=%E4%BB%A5%E8%87%B3,0.0
6,翼,yi,yì,yi4,the wing of a bird/aeroplane; etc; flank; assist,名,https://api.wohuimandarin.com/nls/tts?text=y%C3%AC,0.0
6,亦,yi,yì,yi4,also; too,副,https://api.wohuimandarin.com/nls/tts?text=y%C3%AC,0.0
6,异常,yi chang,yì cháng,yi4 chang2,unusual; abnormal; anomalous,形/副,https://api.wohuimandarin.com/nls/tts?text=%E5%BC%82%E5%B8%B8,0.0
6,一帆风顺,yi fan feng shun,yì fān fēng shùn,yi4 fan1 feng1 shun4,have a favorable wind all the way; everything going smoothly,,https://api.wohuimandarin.com/nls/tts?text=%E4%B8%80%E5%B8%86%E9%A3%8E%E9%A1%BA,0.0
6,一举两得,yi ju liang de,yì jǔ liǎng dé,yi4 ju3 liang3 de2,achieve two things at once; kill two birds with one stone,,https://api.wohuimandarin.com/nls/tts?text=%E4%B8%80%E4%B8%BE%E4%B8%A4%E5%BE%97,0.0
6,毅力,yi li,yì lì,yi4 li4,willpower; guts; stamina,名,https://api.wohuimandarin.com/nls/tts?text=%E6%AF%85%E5%8A%9B,0.0
6,意料,yi liao,yì liào,yi4 liao4,expect; anticipate,动,https://api.wohuimandarin.com/nls/tts?text=%E6%84%8F%E6%96%99,0.0
6,毅然,yi ran,yì rán,yi4 ran2,resolutely; firmly; determinedly,副,https://api.wohuimandarin.com/nls/tts?text=%E6%AF%85%E7%84%B6,0.0
6,意识,yi shi,yì shi,yi4 shi5,be conscious of; be aware of; realise,名/动,https://api.wohuimandarin.com/nls/tts?text=%E6%84%8F%E8%AF%86,0.0
6,一丝不苟,yi si bu gou,yì sī bù gǒu,yi4 si1 bu4 gou3,dot the i's and cross the t's,,https://api.wohuimandarin.com/nls/tts?text=%E4%B8%80%E4%B8%9D%E4%B8%8D%E8%8B%9F,0.0
6,意图,yi tu,yì tú,yi4 tu2,intention; purpose; intent,名/动,https://api.wohuimandarin.com/nls/tts?text=%E6%84%8F%E5%9B%BE,0.0
6,意味着,yi wei zhe,yì wèi zhe,yi4 wei4 zhe5,signify; mean; imply,动,https://api.wohuimandarin.com/nls/tts?text=%E6%84%8F%E5%91%B3%E7%9D%80,0.0
6,意向,yi xiang,yì xiàng,yi4 xiang4,intention; purpose,名,https://api.wohuimandarin.com/nls/tts?text=%E6%84%8F%E5%90%91,0.0
6,意志,yi zhi,yì zhì,yi4 zhi4,will,名,https://api.wohuimandarin.com/nls/tts?text=%E6%84%8F%E5%BF%97,0.0
6,阴谋,yin mou,yīn móu,yin1 mou2,plot; scheme; conspiracy,名,https://api.wohuimandarin.com/nls/tts?text=%E9%98%B4%E8%B0%8B,0.0
6,音响,yin xiang,yīn xiǎng,yin1 xiang3,sound; acoustics; audio,名,https://api.wohuimandarin.com/nls/tts?text=%E9%9F%B3%E5%93%8D,0.0
6,隐蔽,yin bi,yǐn bì,yin3 bi4,take cover; hide; conceal,动/形,https://api.wohuimandarin.com/nls/tts?text=%E9%9A%90%E8%94%BD,0.0
6,引导,yin dao,yǐn dǎo,yin3 dao3,guide; lead; pilot,动,https://api.wohuimandarin.com/nls/tts?text=%E5%BC%95%E5%AF%BC,0.0
6,隐患,yin huan,yǐn huàn,yin3 huan4,hidden trouble/danger,名,https://api.wohuimandarin.com/nls/tts?text=%E9%9A%90%E6%82%A3,0.0
6,隐瞒,yin man,yǐn mán,yin3 man2,conceal; hide; hold back,动,https://api.wohuimandarin.com/nls/tts?text=%E9%9A%90%E7%9E%92,0.0
6,引擎,yin qing,yǐn qíng,yin3 qing2,engine,名,https://api.wohuimandarin.com/nls/tts?text=%E5%BC%95%E6%93%8E,0.0
6,饮食,yin shi,yǐn shí,yin3 shi2,food and drink; diet,名,https://api.wohuimandarin.com/nls/tts?text=%E9%A5%AE%E9%A3%9F,0.0
6,隐私,yin si,yǐn sī,yin3 si1,conceal; hide; secret,名,https://api.wohuimandarin.com/nls/tts?text=%E9%9A%90%E7%A7%81,0.0
6,引用,yin yong,yǐn yòng,yin3 yong4,quote; cite; recommend,动,https://api.wohuimandarin.com/nls/tts?text=%E5%BC%95%E7%94%A8,0.0
6,隐约,yin yue,yǐn yuē,yin3 yue1,indistinct; faint,形,https://api.wohuimandarin.com/nls/tts?text=%E9%9A%90%E7%BA%A6,0.0
6,婴儿,ying er,yīng ér,ying1 er2,baby; infant,名,https://api.wohuimandarin.com/nls/tts?text=%E5%A9%B4%E5%84%BF,0.0
6,英明,ying ming,yīng míng,ying1 ming2,wise; brilliant,形,https://api.wohuimandarin.com/nls/tts?text=%E8%8B%B1%E6%98%8E,0.0
6,英勇,ying yong,yīng yǒng,ying1 yong3,heroic; valiant; courageous,形,https://api.wohuimandarin.com/nls/tts?text=%E8%8B%B1%E5%8B%87,0.0
6,盈利,ying li,yíng lì,ying2 li4,profit; gain,名,https://api.wohuimandarin.com/nls/tts?text=%E7%9B%88%E5%88%A9,0.0
6,迎面,ying mian,yíng miàn,ying2 mian4,head-on; face to face,副,https://api.wohuimandarin.com/nls/tts?text=%E8%BF%8E%E9%9D%A2,0.0
6,应酬,ying chou,yìng chou,ying4 chou5,engage in social activities,动/名,https://api.wohuimandarin.com/nls/tts?text=%E5%BA%94%E9%85%AC,0.0
6,应邀,ying yao,yìng yāo,ying4 yao1,at somebody's invitation,动,https://api.wohuimandarin.com/nls/tts?text=%E5%BA%94%E9%82%80,0.0
6,拥护,yong hu,yōng hù,yong1 hu4,support; uphold; endorse,动,https://api.wohuimandarin.com/nls/tts?text=%E6%8B%A5%E6%8A%A4,0.0
6,庸俗,yong su,yōng sú,yong1 su2,vulgar; philistine; base,形,https://api.wohuimandarin.com/nls/tts?text=%E5%BA%B8%E4%BF%97,0.0
6,拥有,yong you,yōng yǒu,yong1 you3,possess; have; own,动,https://api.wohuimandarin.com/nls/tts?text=%E6%8B%A5%E6%9C%89,0.0
6,永恒,yong heng,yǒng héng,yong3 heng2,eternal,形,https://api.wohuimandarin.com/nls/tts?text=%E6%B0%B8%E6%81%92,0.0
6,涌现,yong xian,yǒng xiàn,yong3 xian4,emerge in large numbers; spring up,动,https://api.wohuimandarin.com/nls/tts?text=%E6%B6%8C%E7%8E%B0,0.0
6,勇于,yong yu,yǒng yú,yong3 yu2,be brave in; be bold in; have the courage to,动,https://api.wohuimandarin.com/nls/tts?text=%E5%8B%87%E4%BA%8E,0.0
6,踊跃,yong yue,yǒng yuè,yong3 yue4,jump; skip; hop,形,https://api.wohuimandarin.com/nls/tts?text=%E8%B8%8A%E8%B7%83,0.0
6,用户,yong hu,yòng hù,yong4 hu4,user; subscriber; consumer,名,https://api.wohuimandarin.com/nls/tts?text=%E7%94%A8%E6%88%B7,0.0
6,优胜劣汰,you sheng lie tai,yōu shèng liè tài,you1 sheng4 lie4 tai4,survival of the fittest,,https://api.wohuimandarin.com/nls/tts?text=%E4%BC%98%E8%83%9C%E5%8A%A3%E6%B1%B0,0.0
6,优先,you xian,yōu xiān,you1 xian1,take precedence; prior,动,https://api.wohuimandarin.com/nls/tts?text=%E4%BC%98%E5%85%88,0.0
6,优异,you yi,yōu yì,you1 yi4,excellent; outstanding,形,https://api.wohuimandarin.com/nls/tts?text=%E4%BC%98%E5%BC%82,0.0
6,忧郁,you yu,yōu yù,you1 yu4,melancholy; heavy-hearted; dejected,形,https://api.wohuimandarin.com/nls/tts?text=%E5%BF%A7%E9%83%81,0.0
6,优越,you yue,yōu yuè,you1 yue4,superior; advantageous,形,https://api.wohuimandarin.com/nls/tts?text=%E4%BC%98%E8%B6%8A,0.0
6,油腻,you ni,yóu nì,you2 ni4,greasy; oily,形,https://api.wohuimandarin.com/nls/tts?text=%E6%B2%B9%E8%85%BB,0.0
6,油漆,you qi,yóu qī,you2 qi1,paint; oil colour,名,https://api.wohuimandarin.com/nls/tts?text=%E6%B2%B9%E6%BC%86,0.0
6,犹如,you ru,yóu rú,you2 ru2,just as; like; as if,动,https://api.wohuimandarin.com/nls/tts?text=%E7%8A%B9%E5%A6%82,0.0
6,有条不紊,you tiao bu wen,yǒu tiáo bù wěn,you3 tiao2 bu4 wen3,all in good order; methodically; systematically,,https://api.wohuimandarin.com/nls/tts?text=%E6%9C%89%E6%9D%A1%E4%B8%8D%E7%B4%8A,0.0
6,诱惑,you huo,yòu huò,you4 huo4,entice; tempt; lure,动,https://api.wohuimandarin.com/nls/tts?text=%E8%AF%B1%E6%83%91,0.0
6,幼稚,you zhi,yòu zhì,you4 zhi4,young; childish,形,https://api.wohuimandarin.com/nls/tts?text=%E5%B9%BC%E7%A8%9A,0.0
6,愚蠢,yu chun,yú chǔn,yu2 chun3,stupid; foolish; silly,形,https://api.wohuimandarin.com/nls/tts?text=%E6%84%9A%E8%A0%A2,0.0
6,舆论,yu lun,yú lùn,yu2 lun4,public opinion,名,https://api.wohuimandarin.com/nls/tts?text=%E8%88%86%E8%AE%BA,0.0
6,愚昧,yu mei,yú mèi,yu2 mei4,fatuous; ignorant,形,https://api.wohuimandarin.com/nls/tts?text=%E6%84%9A%E6%98%A7,0.0
6,渔民,yu min,yú mín,yu2 min2,fisherman,名,https://api.wohuimandarin.com/nls/tts?text=%E6%B8%94%E6%B0%91,0.0
6,与日俱增,yu ri ju zeng,yǔ rì jù zēng,yu3 ri4 ju4 zeng1,grow with each passing day,,https://api.wohuimandarin.com/nls/tts?text=%E4%B8%8E%E6%97%A5%E4%BF%B1%E5%A2%9E,0.0
6,羽绒服,yu rong fu,yǔ róng fú,yu3 rong2 fu2,down-filled coat,名,https://api.wohuimandarin.com/nls/tts?text=%E7%BE%BD%E7%BB%92%E6%9C%8D,0.0
6,宇宙,yu zhou,yǔ zhòu,yu3 zhou4,universe; cosmos,名,https://api.wohuimandarin.com/nls/tts?text=%E5%AE%87%E5%AE%99,0.0
6,愈,yu,yù,yu4,heal; recover; increasingly,副,https://api.wohuimandarin.com/nls/tts?text=y%C3%B9,0.0
6,玉,yu,yù,yu4,jade,名,https://api.wohuimandarin.com/nls/tts?text=y%C3%B9,0.0
6,预料,yu liao,yù liào,yu4 liao4,expect; predict,动,https://api.wohuimandarin.com/nls/tts?text=%E9%A2%84%E6%96%99,0.0
6,预期,yu qi,yù qī,yu4 qi1,expect; anticipate,动,https://api.wohuimandarin.com/nls/tts?text=%E9%A2%84%E6%9C%9F,0.0
6,预算,yu suan,yù suàn,yu4 suan4,budget,名,https://api.wohuimandarin.com/nls/tts?text=%E9%A2%84%E7%AE%97,0.0
6,欲望,yu wang,yù wàng,yu4 wang4,desire; wish,名,https://api.wohuimandarin.com/nls/tts?text=%E6%AC%B2%E6%9C%9B,0.0
6,预先,yu xian,yù xiān,yu4 xian1,in advance; beforehand,副,https://api.wohuimandarin.com/nls/tts?text=%E9%A2%84%E5%85%88,0.0
6,预言,yu yan,yù yán,yu4 yan2,prophesy; predict; foretell,动/名,https://api.wohuimandarin.com/nls/tts?text=%E9%A2%84%E8%A8%80,1.0
6,寓言,yu yan,yù yán,yu4 yan2,fable; allegory; parable,名,https://api.wohuimandarin.com/nls/tts?text=%E5%AF%93%E8%A8%80,0.0
6,预兆,yu zhao,yù zhào,yu4 zhao4,omen; sign; harbinger,名,https://api.wohuimandarin.com/nls/tts?text=%E9%A2%84%E5%85%86,0.0
6,冤枉,yuan wang,yuān wang,yuan1 wang5,wrong; treat unjustly,动/形,https://api.wohuimandarin.com/nls/tts?text=%E5%86%A4%E6%9E%89,0.0
6,原告,yuan gao,yuán gào,yuan2 gao4,plaintiff; complainant,名,https://api.wohuimandarin.com/nls/tts?text=%E5%8E%9F%E5%91%8A,0.0
6,缘故,yuan gu,yuán gù,yuan2 gu4,cause; reason,名,https://api.wohuimandarin.com/nls/tts?text=%E7%BC%98%E6%95%85,0.0
6,原理,yuan li,yuán lǐ,yuan2 li3,principle; tenet; axiom,名,https://api.wohuimandarin.com/nls/tts?text=%E5%8E%9F%E7%90%86,0.0
6,园林,yuan lin,yuán lín,yuan2 lin2,gardens; park,名,https://api.wohuimandarin.com/nls/tts?text=%E5%9B%AD%E6%9E%97,0.0
6,圆满,yuan man,yuán mǎn,yuan2 man3,perfect; satisfactory,形,https://api.wohuimandarin.com/nls/tts?text=%E5%9C%86%E6%BB%A1,0.0
6,源泉,yuan quan,yuán quán,yuan2 quan2,fountain; source,名,https://api.wohuimandarin.com/nls/tts?text=%E6%BA%90%E6%B3%89,0.0
6,原始,yuan shi,yuán shǐ,yuan2 shi3,original; firsthand; primitive,形,https://api.wohuimandarin.com/nls/tts?text=%E5%8E%9F%E5%A7%8B,0.0
6,元首,yuan shou,yuán shǒu,yuan2 shou3,head of a state; chief executive,名,https://api.wohuimandarin.com/nls/tts?text=%E5%85%83%E9%A6%96,0.0
6,元素,yuan su,yuán sù,yuan2 su4,element,名,https://api.wohuimandarin.com/nls/tts?text=%E5%85%83%E7%B4%A0,0.0
6,原先,yuan xian,yuán xiān,yuan2 xian1,former; original,名,https://api.wohuimandarin.com/nls/tts?text=%E5%8E%9F%E5%85%88,0.0
6,元宵节,yuan xiao jie,yuán xiāo jié,yuan2 xiao1 jie2,Lantern Festival,名,https://api.wohuimandarin.com/nls/tts?text=%E5%85%83%E5%AE%B5%E8%8A%82,0.0
6,约束,yue shu,yuē shù,yue1 shu4,keep within bounds; restrain,动,https://api.wohuimandarin.com/nls/tts?text=%E7%BA%A6%E6%9D%9F,0.0
6,乐谱,yue pu,yuè pǔ,yue4 pu3,music score,名,https://api.wohuimandarin.com/nls/tts?text=%E4%B9%90%E8%B0%B1,0.0
6,熨,yun,yùn,yun4,iron; press,动,https://api.wohuimandarin.com/nls/tts?text=y%C3%B9n,0.0
6,蕴藏,yun cang,yùn cáng,yun4 cang2,hold in store; contain,动,https://api.wohuimandarin.com/nls/tts?text=%E8%95%B4%E8%97%8F,0.0
6,酝酿,yun niang,yùn niàng,yun4 niang4,brew; ferment,动,https://api.wohuimandarin.com/nls/tts?text=%E9%85%9D%E9%85%BF,0.0
6,运算,yun suan,yùn suàn,yun4 suan4,operation; arithmetic,动,https://api.wohuimandarin.com/nls/tts?text=%E8%BF%90%E7%AE%97,0.0
6,运行,yun xing,yùn xíng,yun4 xing2,move; be in motion; run,动,https://api.wohuimandarin.com/nls/tts?text=%E8%BF%90%E8%A1%8C,0.0
6,孕育,yun yu,yùn yù,yun4 yu4,be pregnant,动,https://api.wohuimandarin.com/nls/tts?text=%E5%AD%95%E8%82%B2,0.0
6,砸,za,zá,za2,pound; tamp; crush,动,https://api.wohuimandarin.com/nls/tts?text=z%C3%A1,0.0
6,杂技,za ji,zá jì,za2 ji4,acrobatics,名,https://api.wohuimandarin.com/nls/tts?text=%E6%9D%82%E6%8A%80,0.0
6,杂交,za jiao,zá jiāo,za2 jiao1,hybridise; cross breed,动,https://api.wohuimandarin.com/nls/tts?text=%E6%9D%82%E4%BA%A4,0.0
6,咋,za,zǎ,za3,how; why [dialect for 怎么],代,https://api.wohuimandarin.com/nls/tts?text=z%C7%8E,0.0
6,灾难,zai nan,zāi nàn,zai1 nan4,calamity; disaster; catastrophe,名,https://api.wohuimandarin.com/nls/tts?text=%E7%81%BE%E9%9A%BE,0.0
6,栽培,zai pei,zāi péi,zai1 pei2,cultivate; grow; plant,动,https://api.wohuimandarin.com/nls/tts?text=%E6%A0%BD%E5%9F%B9,0.0
6,宰,zai,zǎi,zai3,slaughter; butcher,动,https://api.wohuimandarin.com/nls/tts?text=z%C7%8Ei,0.0
6,再接再厉,zai jie zai li,zài jiē zài lì,zai4 jie1 zai4 li4,redouble your efforts,,https://api.wohuimandarin.com/nls/tts?text=%E5%86%8D%E6%8E%A5%E5%86%8D%E5%8E%89,0.0
6,在意,zai yi,zài yì,zai4 yi4,take notice of; care about; mind; take to heart,动,https://api.wohuimandarin.com/nls/tts?text=%E5%9C%A8%E6%84%8F,0.0
6,攒,zan,zǎn,zan3,collect together; assemble,动,https://api.wohuimandarin.com/nls/tts?text=z%C7%8En,0.0
6,暂且,zan qie,zàn qiě,zan4 qie3,for the time being; for the moment,副,https://api.wohuimandarin.com/nls/tts?text=%E6%9A%82%E4%B8%94,0.0
6,赞叹,zan tan,zàn tàn,zan4 tan4,gasp in admiration; highly praise,动,https://api.wohuimandarin.com/nls/tts?text=%E8%B5%9E%E5%8F%B9,0.0
6,赞助,zan zhu,zàn zhù,zan4 zhu4,support; sponsor; donate money to assist,动,https://api.wohuimandarin.com/nls/tts?text=%E8%B5%9E%E5%8A%A9,0.0
6,遭受,zao shou,zāo shòu,zao1 shou4,suffer; be subjected to; sustain,动,https://api.wohuimandarin.com/nls/tts?text=%E9%81%AD%E5%8F%97,0.0
6,糟蹋,zao ta,zāo ta,zao1 ta5,waste; ruin; spoil,动,https://api.wohuimandarin.com/nls/tts?text=%E7%B3%9F%E8%B9%8B,0.0
6,遭殃,zao yang,zāo yāng,zao1 yang1,suffer (disaster),动,https://api.wohuimandarin.com/nls/tts?text=%E9%81%AD%E6%AE%83,0.0
6,遭遇,zao yu,zāo yù,zao1 yu4,meet with; encounter; run up against,动/名,https://api.wohuimandarin.com/nls/tts?text=%E9%81%AD%E9%81%87,0.0
6,造型,zao xing,zào xíng,zao4 xing2,modelling; profiling; mouldmaking,名,https://api.wohuimandarin.com/nls/tts?text=%E9%80%A0%E5%9E%8B,0.0
6,噪音,zao yin,zào yīn,zao4 yin1,noise; undesired sound,名,https://api.wohuimandarin.com/nls/tts?text=%E5%99%AA%E9%9F%B3,0.0
6,责怪,ze guai,zé guài,ze2 guai4,blame,动,https://api.wohuimandarin.com/nls/tts?text=%E8%B4%A3%E6%80%AA,0.0
6,贼,zei,zéi,zei2,thief; traitor; extremely,名,https://api.wohuimandarin.com/nls/tts?text=z%C3%A9i,0.0
6,增添,zeng tian,zēng tiān,zeng1 tian1,add,动,https://api.wohuimandarin.com/nls/tts?text=%E5%A2%9E%E6%B7%BB,0.0
6,赠送,zeng song,zèng sòng,zeng4 song4,give as a present; present as a gift,动,https://api.wohuimandarin.com/nls/tts?text=%E8%B5%A0%E9%80%81,0.0
6,扎,zha,zhā,zha1,prick; stab,动,https://api.wohuimandarin.com/nls/tts?text=zh%C4%81,0.0
6,渣,zha,zhā,zha1,dregs; residue; sediment,名,https://api.wohuimandarin.com/nls/tts?text=zh%C4%81,0.0
6,扎实,zha shi,zhā shi,zha1 shi5,sturdy; strong,形,https://api.wohuimandarin.com/nls/tts?text=%E6%89%8E%E5%AE%9E,0.0
6,眨,zha,zhǎ,zha3,blink; wink,动,https://api.wohuimandarin.com/nls/tts?text=zh%C7%8E,0.0
6,诈骗,zha pian,zhà piàn,zha4 pian4,defraud; swindle,动,https://api.wohuimandarin.com/nls/tts?text=%E8%AF%88%E9%AA%97,0.0
6,摘要,zhai yao,zhāi yào,zhai1 yao4,summary; abstract,名,https://api.wohuimandarin.com/nls/tts?text=%E6%91%98%E8%A6%81,0.0
6,债券,zhai quan,zhài quàn,zhai4 quan4,bond; debenture,名,https://api.wohuimandarin.com/nls/tts?text=%E5%80%BA%E5%88%B8,0.0
6,沾光,zhan guang,zhān guāng,zhan1 guang1,benefit from association with somebody or something,动,https://api.wohuimandarin.com/nls/tts?text=%E6%B2%BE%E5%85%89,0.0
6,瞻仰,zhan yang,zhān yǎng,zhan1 yang3,look at with reverence,动,https://api.wohuimandarin.com/nls/tts?text=%E7%9E%BB%E4%BB%B0,0.0
6,斩钉截铁,zhan ding jie tie,zhǎn dīng jié tiě,zhan3 ding1 jie2 tie3,resolute and decisive; categorical,,https://api.wohuimandarin.com/nls/tts?text=%E6%96%A9%E9%92%89%E6%88%AA%E9%93%81,0.0
6,展示,zhan shi,zhǎn shì,zhan3 shi4,open up before one's eyes,动,https://api.wohuimandarin.com/nls/tts?text=%E5%B1%95%E7%A4%BA,0.0
6,展望,zhan wang,zhǎn wàng,zhan3 wang4,look into the distance,动,https://api.wohuimandarin.com/nls/tts?text=%E5%B1%95%E6%9C%9B,0.0
6,展现,zhan xian,zhǎn xiàn,zhan3 xian4,unfold before one's eyes; emerge,动,https://api.wohuimandarin.com/nls/tts?text=%E5%B1%95%E7%8E%B0,0.0
6,崭新,zhan xin,zhǎn xīn,zhan3 xin1,brand-new,形,https://api.wohuimandarin.com/nls/tts?text=%E5%B4%AD%E6%96%B0,0.0
6,战斗,zhan dou,zhàn dòu,zhan4 dou4,fight; battle; combat,动,https://api.wohuimandarin.com/nls/tts?text=%E6%88%98%E6%96%97,2.0
6,占据,zhan ju,zhàn jù,zhan4 ju4,occupy; take over; colonise,动,https://api.wohuimandarin.com/nls/tts?text=%E5%8D%A0%E6%8D%AE,0.0
6,占领,zhan ling,zhàn lǐng,zhan4 ling3,capture; occupy; seize,动,https://api.wohuimandarin.com/nls/tts?text=%E5%8D%A0%E9%A2%86,0.0
6,战略,zhan lue,zhàn luè,zhan4 lue4,strategy,名,https://api.wohuimandarin.com/nls/tts?text=%E6%88%98%E7%95%A5,0.0
6,战术,zhan shu,zhàn shù,zhan4 shu4,tactics,名,https://api.wohuimandarin.com/nls/tts?text=%E6%88%98%E6%9C%AF,0.0
6,战役,zhan yi,zhàn yì,zhan4 yi4,campaign; battle,名,https://api.wohuimandarin.com/nls/tts?text=%E6%88%98%E5%BD%B9,0.0
6,章程,zhang cheng,zhāng chéng,zhang1 cheng2,regulations; constitution; statutes,名,https://api.wohuimandarin.com/nls/tts?text=%E7%AB%A0%E7%A8%8B,0.0
6,障碍,zhang ai,zhàng ài,zhang4 ai4,hinder; obstruct; bar,名,https://api.wohuimandarin.com/nls/tts?text=%E9%9A%9C%E7%A2%8D,0.0
6,帐篷,zhang peng,zhàng peng,zhang4 peng5,tent,名,https://api.wohuimandarin.com/nls/tts?text=%E5%B8%90%E7%AF%B7,0.0
6,招标,zhao biao,zhāo biāo,zhao1 biao1,invite bids,动,https://api.wohuimandarin.com/nls/tts?text=%E6%8B%9B%E6%A0%87,0.0
6,朝气蓬勃,zhao qi peng bo,zhāo qì péng bó,zhao1 qi4 peng2 bo2,full of vigour and vitality,,https://api.wohuimandarin.com/nls/tts?text=%E6%9C%9D%E6%B0%94%E8%93%AC%E5%8B%83,0.0
6,招收,zhao shou,zhāo shōu,zhao1 shou1,recruit; take in,动,https://api.wohuimandarin.com/nls/tts?text=%E6%8B%9B%E6%94%B6,0.0
6,着迷,zhao mi,zháo mí,zhao2 mi2,be fascinated; be captivated,动,https://api.wohuimandarin.com/nls/tts?text=%E7%9D%80%E8%BF%B7,0.0
6,沼泽,zhao ze,zhǎo zé,zhao3 ze2,marsh; swamp; bog,名,https://api.wohuimandarin.com/nls/tts?text=%E6%B2%BC%E6%B3%BD,0.0
6,照样,zhao yang,zhào yàng,zhao4 yang4,after a pattern or model,副,https://api.wohuimandarin.com/nls/tts?text=%E7%85%A7%E6%A0%B7,0.0
6,照耀,zhao yao,zhào yào,zhao4 yao4,shine; illuminate; enlighten,动,https://api.wohuimandarin.com/nls/tts?text=%E7%85%A7%E8%80%80,0.0
6,遮挡,zhe dang,zhē dǎng,zhe1 dang3,shelter from; keep out,动,https://api.wohuimandarin.com/nls/tts?text=%E9%81%AE%E6%8C%A1,0.0
6,折腾,zhe teng,zhē teng,zhe1 teng5,turn from side to side; toss about,动,https://api.wohuimandarin.com/nls/tts?text=%E6%8A%98%E8%85%BE,0.0
6,折,zhe,zhé,zhe2,break; snap; lose money in business,动,https://api.wohuimandarin.com/nls/tts?text=zh%C3%A9,0.0
6,折磨,zhe mo,zhé mó,zhe2 mo2,cause suffering; torment; affliction,动,https://api.wohuimandarin.com/nls/tts?text=%E6%8A%98%E7%A3%A8,0.0
6,珍贵,zhen gui,zhēn guì,zhen1 gui4,valuable; precious; rare,形,https://api.wohuimandarin.com/nls/tts?text=%E7%8F%8D%E8%B4%B5,0.0
6,真理,zhen li,zhēn lǐ,zhen1 li3,truth,名,https://api.wohuimandarin.com/nls/tts?text=%E7%9C%9F%E7%90%86,0.0
6,侦探,zhen tan,zhēn tàn,zhen1 tan4,detective; spy,名,https://api.wohuimandarin.com/nls/tts?text=%E4%BE%A6%E6%8E%A2,0.0
6,珍稀,zhen xi,zhēn xī,zhen1 xi1,precious; valuable and rare,形,https://api.wohuimandarin.com/nls/tts?text=%E7%8F%8D%E7%A8%80,0.0
6,真相,zhen xiang,zhēn xiàng,zhen1 xiang4,truth; the actual state of affairs,名,https://api.wohuimandarin.com/nls/tts?text=%E7%9C%9F%E7%9B%B8,0.0
6,真挚,zhen zhi,zhēn zhì,zhen1 zhi4,sincere; genuine; cordial,形,https://api.wohuimandarin.com/nls/tts?text=%E7%9C%9F%E6%8C%9A,0.0
6,珍珠,zhen zhu,zhēn zhū,zhen1 zhu1,pearl,名,https://api.wohuimandarin.com/nls/tts?text=%E7%8F%8D%E7%8F%A0,0.0
6,斟酌,zhen zhuo,zhēn zhuó,zhen1 zhuo2,consider; deliberate; think over,动,https://api.wohuimandarin.com/nls/tts?text=%E6%96%9F%E9%85%8C,0.0
6,枕头,zhen tou,zhěn tou,zhen3 tou5,pillow,名,https://api.wohuimandarin.com/nls/tts?text=%E6%9E%95%E5%A4%B4,0.0
6,阵地,zhen di,zhèn dì,zhen4 di4,battle field; front,名,https://api.wohuimandarin.com/nls/tts?text=%E9%98%B5%E5%9C%B0,0.0
6,镇定,zhen ding,zhèn dìng,zhen4 ding4,cool; composed; unperturbed,形,https://api.wohuimandarin.com/nls/tts?text=%E9%95%87%E5%AE%9A,0.0
6,振奋,zhen fen,zhèn fèn,zhen4 fen4,rouse oneself; be inspired with enthusiasm,动/形,https://api.wohuimandarin.com/nls/tts?text=%E6%8C%AF%E5%A5%8B,0.0
6,震撼,zhen han,zhèn hàn,zhen4 han4,to shock,动,https://api.wohuimandarin.com/nls/tts?text=%E9%9C%87%E6%92%BC,0.0
6,震惊,zhen jing,zhèn jīng,zhen4 jing1,shock; amaze; astonish,动,https://api.wohuimandarin.com/nls/tts?text=%E9%9C%87%E6%83%8A,0.0
6,镇静,zhen jing,zhèn jìng,zhen4 jing4,calm; composed; unruffled,形,https://api.wohuimandarin.com/nls/tts?text=%E9%95%87%E9%9D%99,0.0
6,阵容,zhen rong,zhèn róng,zhen4 rong2,battle array; battle formation,名,https://api.wohuimandarin.com/nls/tts?text=%E9%98%B5%E5%AE%B9,0.0
6,振兴,zhen xing,zhèn xīng,zhen4 xing1,cause to prosper; promote; re-energize,动,https://api.wohuimandarin.com/nls/tts?text=%E6%8C%AF%E5%85%B4,0.0
6,争端,zheng duan,zhēng duān,zheng1 duan1,dispute; bone of contention,名,https://api.wohuimandarin.com/nls/tts?text=%E4%BA%89%E7%AB%AF,0.0
6,争夺,zheng duo,zhēng duó,zheng1 duo2,fight for; vie with somebody for something,动,https://api.wohuimandarin.com/nls/tts?text=%E4%BA%89%E5%A4%BA,0.0
6,蒸发,zheng fa,zhēng fā,zheng1 fa1,evaporate,动,https://api.wohuimandarin.com/nls/tts?text=%E8%92%B8%E5%8F%91,0.0
6,征服,zheng fu,zhēng fú,zheng1 fu2,conquer; subjugate,动,https://api.wohuimandarin.com/nls/tts?text=%E5%BE%81%E6%9C%8D,0.0
6,争气,zheng qi,zhēng qì,zheng1 qi4,try to make a good showing; try to win credit,动,https://api.wohuimandarin.com/nls/tts?text=%E4%BA%89%E6%B0%94,0.0
6,征收,zheng shou,zhēng shōu,zheng1 shou1,levy; collect; impose,动,https://api.wohuimandarin.com/nls/tts?text=%E5%BE%81%E6%94%B6,0.0
6,争先恐后,zheng xian kong hou,zhēng xiān kǒng hòu,zheng1 xian1 kong3 hou4,falling over each other; in a mad rush to be first,,https://api.wohuimandarin.com/nls/tts?text=%E4%BA%89%E5%85%88%E6%81%90%E5%90%8E,0.0
6,争议,zheng yi,zhēng yì,zheng1 yi4,controversy,动,https://api.wohuimandarin.com/nls/tts?text=%E4%BA%89%E8%AE%AE,0.0
6,正月,zheng yue,zhēng yuè,zheng1 yue4,the first month of the lunar year,名,https://api.wohuimandarin.com/nls/tts?text=%E6%AD%A3%E6%9C%88,0.0
6,挣扎,zheng zha,zhēng zhá,zheng1 zha2,struggle,动,https://api.wohuimandarin.com/nls/tts?text=%E6%8C%A3%E6%89%8E,0.0
6,整顿,zheng dun,zhěng dùn,zheng3 dun4,rectify; consolidate; reorganise,动,https://api.wohuimandarin.com/nls/tts?text=%E6%95%B4%E9%A1%BF,0.0
6,政策,zheng ce,zhèng cè,zheng4 ce4,policy,名,https://api.wohuimandarin.com/nls/tts?text=%E6%94%BF%E7%AD%96,0.0
6,正当,zheng dang,zhèng dāng,zheng4 dang1,just when; timely,形,https://api.wohuimandarin.com/nls/tts?text=%E6%AD%A3%E5%BD%93,0.0
6,正负,zheng fu,zhèng fù,zheng4 fu4,plus and minus,形,https://api.wohuimandarin.com/nls/tts?text=%E6%AD%A3%E8%B4%9F,0.0
6,正规,zheng gui,zhèng guī,zheng4 gui1,regular; standard; normal,形,https://api.wohuimandarin.com/nls/tts?text=%E6%AD%A3%E8%A7%84,0.0
6,正经,zheng jing,zhèng jing,zheng4 jing5,decent; respectable; honest,形,https://api.wohuimandarin.com/nls/tts?text=%E6%AD%A3%E7%BB%8F,0.0
6,正气,zheng qi,zhèng qì,zheng4 qi4,healthy atmosphere,名,https://api.wohuimandarin.com/nls/tts?text=%E6%AD%A3%E6%B0%94,0.0
6,政权,zheng quan,zhèng quán,zheng4 quan2,political power; regime,名,https://api.wohuimandarin.com/nls/tts?text=%E6%94%BF%E6%9D%83,0.0
6,证实,zheng shi,zhèng shí,zheng4 shi2,authenticate; corroborate; affirm,动,https://api.wohuimandarin.com/nls/tts?text=%E8%AF%81%E5%AE%9E,0.0
6,证书,zheng shu,zhèng shū,zheng4 shu1,certificate; credentials,名,https://api.wohuimandarin.com/nls/tts?text=%E8%AF%81%E4%B9%A6,0.0
6,正义,zheng yi,zhèng yì,zheng4 yi4,just; righteous; proper,形/名,https://api.wohuimandarin.com/nls/tts?text=%E6%AD%A3%E4%B9%89,0.0
6,郑重,zheng zhong,zhèng zhòng,zheng4 zhong4,serious; solemn; earnest,形,https://api.wohuimandarin.com/nls/tts?text=%E9%83%91%E9%87%8D,0.0
6,症状,zheng zhuang,zhèng zhuàng,zheng4 zhuang4,symptom,名,https://api.wohuimandarin.com/nls/tts?text=%E7%97%87%E7%8A%B6,0.0
6,正宗,zheng zong,zhèng zōng,zheng4 zong1,"orthodox school, genuine",形,https://api.wohuimandarin.com/nls/tts?text=%E6%AD%A3%E5%AE%97,0.0
6,枝,zhi,zhī,zhi1,branch; twig,量,https://api.wohuimandarin.com/nls/tts?text=zh%C4%AB,0.0
6,支撑,zhi cheng,zhī chēng,zhi1 cheng1,prop up; sustain; support,动,https://api.wohuimandarin.com/nls/tts?text=%E6%94%AF%E6%92%91,0.0
6,支出,zhi chu,zhī chū,zhi1 chu1,pay; disburse; expenses,动/名,https://api.wohuimandarin.com/nls/tts?text=%E6%94%AF%E5%87%BA,0.0
6,脂肪,zhi fang,zhī fáng,zhi1 fang2,fat [biology],名,https://api.wohuimandarin.com/nls/tts?text=%E8%84%82%E8%82%AA,0.0
6,之际,zhi ji,zhī jì,zhi1 ji4,during,名,https://api.wohuimandarin.com/nls/tts?text=%E4%B9%8B%E9%99%85,0.0
6,知觉,zhi jue,zhī jué,zhi1 jue2,consciousness; perception,名,https://api.wohuimandarin.com/nls/tts?text=%E7%9F%A5%E8%A7%89,0.0
6,支流,zhi liu,zhī liú,zhi1 liu2,tributary; effluent,名,https://api.wohuimandarin.com/nls/tts?text=%E6%94%AF%E6%B5%81,0.0
6,支配,zhi pei,zhī pèi,zhi1 pei4,allocate; budget,动,https://api.wohuimandarin.com/nls/tts?text=%E6%94%AF%E9%85%8D,0.0
6,支援,zhi yuan,zhī yuán,zhi1 yuan2,support; assist; aid,动,https://api.wohuimandarin.com/nls/tts?text=%E6%94%AF%E6%8F%B4,0.0
6,支柱,zhi zhu,zhī zhù,zhi1 zhu4,pillar; support; prop,名,https://api.wohuimandarin.com/nls/tts?text=%E6%94%AF%E6%9F%B1,0.0
6,知足常乐,zhi zu chang le,zhī zú cháng lè,zhi1 zu2 chang2 le4,contentment is happiness,,https://api.wohuimandarin.com/nls/tts?text=%E7%9F%A5%E8%B6%B3%E5%B8%B8%E4%B9%90,0.0
6,值班,zhi ban,zhí bān,zhi2 ban1,be on duty,动,https://api.wohuimandarin.com/nls/tts?text=%E5%80%BC%E7%8F%AD,0.0
6,直播,zhi bo,zhí bō,zhi2 bo1,direct broadcast; live telecast,动,https://api.wohuimandarin.com/nls/tts?text=%E7%9B%B4%E6%92%AD,0.0
6,直径,zhi jing,zhí jìng,zhi2 jing4,calibre,名,https://api.wohuimandarin.com/nls/tts?text=%E7%9B%B4%E5%BE%84,0.0
6,殖民地,zhi min di,zhí mín dì,zhi2 min2 di4,colony,名,https://api.wohuimandarin.com/nls/tts?text=%E6%AE%96%E6%B0%91%E5%9C%B0,0.0
6,职能,zhi neng,zhí néng,zhi2 neng2,function,名,https://api.wohuimandarin.com/nls/tts?text=%E8%81%8C%E8%83%BD,0.0
6,职位,zhi wei,zhí wèi,zhi2 wei4,position; post,名,https://api.wohuimandarin.com/nls/tts?text=%E8%81%8C%E4%BD%8D,0.0
6,职务,zhi wu,zhí wù,zhi2 wu4,post; duties; job,名,https://api.wohuimandarin.com/nls/tts?text=%E8%81%8C%E5%8A%A1,0.0
6,执行,zhi xing,zhí xíng,zhi2 xing2,carry out; execute; implement,动,https://api.wohuimandarin.com/nls/tts?text=%E6%89%A7%E8%A1%8C,0.0
6,执着,zhi zhuo,zhí zhuó,zhi2 zhuo2,persistence,动,https://api.wohuimandarin.com/nls/tts?text=%E6%89%A7%E7%9D%80,0.0
6,侄子,zhi zi,zhí zi,zhi2 zi0,nephew,名,https://api.wohuimandarin.com/nls/tts?text=%E4%BE%84%E5%AD%90,0.0
6,指标,zhi biao,zhǐ biāo,zhi3 biao1,target; quota; norm,名,https://api.wohuimandarin.com/nls/tts?text=%E6%8C%87%E6%A0%87,0.0
6,指定,zhi ding,zhǐ dìng,zhi3 ding4,appoint; assign; allocate,动,https://api.wohuimandarin.com/nls/tts?text=%E6%8C%87%E5%AE%9A,0.0
6,指甲,zhi jia,zhǐ jia,zhi3 jia5,fingernail,名,https://api.wohuimandarin.com/nls/tts?text=%E6%8C%87%E7%94%B2,0.0
6,指令,zhi ling,zhǐ lìng,zhi3 ling4,instruct; order; direct,名,https://api.wohuimandarin.com/nls/tts?text=%E6%8C%87%E4%BB%A4,0.0
6,指南针,zhi nan zhen,zhǐ nán zhēn,zhi3 nan2 zhen1,compass,名,https://api.wohuimandarin.com/nls/tts?text=%E6%8C%87%E5%8D%97%E9%92%88,0.0
6,指示,zhi shi,zhǐ shì,zhi3 shi4,indicate; point out; directive,动/名,https://api.wohuimandarin.com/nls/tts?text=%E6%8C%87%E7%A4%BA,0.0
6,指望,zhi wang,zhǐ wàng,zhi3 wang4,look to; count on; look forward to,动/名,https://api.wohuimandarin.com/nls/tts?text=%E6%8C%87%E6%9C%9B,0.0
6,指责,zhi ze,zhǐ zé,zhi3 ze2,censure; criticise; find fault with,动,https://api.wohuimandarin.com/nls/tts?text=%E6%8C%87%E8%B4%A3,0.0
6,治安,zhi an,zhì ān,zhi4 an1,public order; public security,名,https://api.wohuimandarin.com/nls/tts?text=%E6%B2%BB%E5%AE%89,0.0
6,制裁,zhi cai,zhì cái,zhi4 cai2,sanction; punish,动,https://api.wohuimandarin.com/nls/tts?text=%E5%88%B6%E8%A3%81,0.0
6,致辞,zhi ci,zhì cí,zhi4 ci2,make a speech; address,动,https://api.wohuimandarin.com/nls/tts?text=%E8%87%B4%E8%BE%9E,0.0
6,制服,zhi fu,zhì fú,zhi4 fu2,uniform,名,https://api.wohuimandarin.com/nls/tts?text=%E5%88%B6%E6%9C%8D,0.0
6,治理,zhi li,zhì lǐ,zhi4 li3,administer; govern; run,动,https://api.wohuimandarin.com/nls/tts?text=%E6%B2%BB%E7%90%86,0.0
6,致力,zhi li,zhì lì,zhi4 li4,to work for,动,https://api.wohuimandarin.com/nls/tts?text=%E8%87%B4%E5%8A%9B,0.0
6,智力,zhi li,zhì lì,zhi4 li4,intelligence; mentality; intellect,名,https://api.wohuimandarin.com/nls/tts?text=%E6%99%BA%E5%8A%9B,0.0
6,滞留,zhi liu,zhì liú,zhi4 liu2,be detained; be held up,动,https://api.wohuimandarin.com/nls/tts?text=%E6%BB%9E%E7%95%99,0.0
6,智能,zhi neng,zhì néng,zhi4 neng2,intellect; intelligence; brain power,名,https://api.wohuimandarin.com/nls/tts?text=%E6%99%BA%E8%83%BD,0.0
6,志气,zhi qi,zhì qì,zhi4 qi4,aspiration; ambition,名,https://api.wohuimandarin.com/nls/tts?text=%E5%BF%97%E6%B0%94,0.0
6,智商,zhi shang,zhì shāng,zhi4 shang1,IQ [Intelligence Quotient],名,https://api.wohuimandarin.com/nls/tts?text=%E6%99%BA%E5%95%86,0.0
6,致使,zhi shi,zhì shǐ,zhi4 shi3,cause; result in; bring about,动,https://api.wohuimandarin.com/nls/tts?text=%E8%87%B4%E4%BD%BF,0.0
6,制约,zhi yue,zhì yuē,zhi4 yue1,restrict; constraint; restraint,动,https://api.wohuimandarin.com/nls/tts?text=%E5%88%B6%E7%BA%A6,0.0
6,制止,zhi zhi,zhì zhǐ,zhi4 zhi3,restrain; check; repress,动,https://api.wohuimandarin.com/nls/tts?text=%E5%88%B6%E6%AD%A2,0.0
6,忠诚,zhong cheng,zhōng chéng,zhong1 cheng2,loyal; faithful; staunch,形,https://api.wohuimandarin.com/nls/tts?text=%E5%BF%A0%E8%AF%9A,0.0
6,终点,zhong dian,zhōng diǎn,zhong1 dian3,finishing point; destination,名,https://api.wohuimandarin.com/nls/tts?text=%E7%BB%88%E7%82%B9,0.0
6,中断,zhong duan,zhōng duàn,zhong1 duan4,suspend; cut short; break off; discontinue,动,https://api.wohuimandarin.com/nls/tts?text=%E4%B8%AD%E6%96%AD,0.0
6,终究,zhong jiu,zhōng jiū,zhong1 jiu1,eventually; in the end; after all,副,https://api.wohuimandarin.com/nls/tts?text=%E7%BB%88%E7%A9%B6,0.0
6,中立,zhong li,zhōng lì,zhong1 li4,neutral,动,https://api.wohuimandarin.com/nls/tts?text=%E4%B8%AD%E7%AB%8B,0.0
6,终身,zhong shen,zhōng shēn,zhong1 shen1,lifelong,名,https://api.wohuimandarin.com/nls/tts?text=%E7%BB%88%E8%BA%AB,0.0
6,忠实,zhong shi,zhōng shí,zhong1 shi2,true; faithful; loyal; reliable,形/动,https://api.wohuimandarin.com/nls/tts?text=%E5%BF%A0%E5%AE%9E,0.0
6,衷心,zhong xin,zhōng xīn,zhong1 xin1,heartfelt; wholehearted; sincere,形,https://api.wohuimandarin.com/nls/tts?text=%E8%A1%B7%E5%BF%83,0.0
6,中央,zhong yang,zhōng yāng,zhong1 yang1,central,名,https://api.wohuimandarin.com/nls/tts?text=%E4%B8%AD%E5%A4%AE,0.0
6,终止,zhong zhi,zhōng zhǐ,zhong1 zhi3,stop; suspend; terminate,动,https://api.wohuimandarin.com/nls/tts?text=%E7%BB%88%E6%AD%A2,0.0
6,肿瘤,zhong liu,zhǒng liú,zhong3 liu2,tumour,名,https://api.wohuimandarin.com/nls/tts?text=%E8%82%BF%E7%98%A4,0.0
6,种子,zhong zi,zhǒng zi,zhong3 zi5,seed; germ,名,https://api.wohuimandarin.com/nls/tts?text=%E7%A7%8D%E5%AD%90,0.0
6,种族,zhong zu,zhǒng zú,zhong3 zu2,race,名,https://api.wohuimandarin.com/nls/tts?text=%E7%A7%8D%E6%97%8F,0.0
6,众所周知,zhong suo zhou zhi,zhòng suǒ zhōu zhī,zhong4 suo3 zhou1 zhi1,as everyone knows,,https://api.wohuimandarin.com/nls/tts?text=%E4%BC%97%E6%89%80%E5%91%A8%E7%9F%A5,0.0
6,重心,zhong xin,zhòng xīn,zhong4 xin1,heart; core; key point,名,https://api.wohuimandarin.com/nls/tts?text=%E9%87%8D%E5%BF%83,0.0
6,种植,zhong zhi,zhòng zhí,zhong4 zhi2,to plant,动,https://api.wohuimandarin.com/nls/tts?text=%E7%A7%8D%E6%A4%8D,0.0
6,州,zhou,zhōu,zhou1,[an ancient administrative division]; prefecture,名,https://api.wohuimandarin.com/nls/tts?text=zh%C5%8Du,0.0
6,粥,zhou,zhōu,zhou1,congee [rice porridge],名,https://api.wohuimandarin.com/nls/tts?text=zh%C5%8Du,0.0
6,舟,zhou,zhōu,zhou1,boat,名,https://api.wohuimandarin.com/nls/tts?text=zh%C5%8Du,0.0
6,周边,zhou bian,zhōu biān,zhou1 bian1,perimeter; periphery,名,https://api.wohuimandarin.com/nls/tts?text=%E5%91%A8%E8%BE%B9,0.0
6,周密,zhou mi,zhōu mì,zhou1 mi4,careful; thorough,形,https://api.wohuimandarin.com/nls/tts?text=%E5%91%A8%E5%AF%86,0.0
6,周年,zhou nian,zhōu nián,zhou1 nian2,anniversary,名,https://api.wohuimandarin.com/nls/tts?text=%E5%91%A8%E5%B9%B4,0.0
6,周期,zhou qi,zhōu qī,zhou1 qi1,period; cycle,名,https://api.wohuimandarin.com/nls/tts?text=%E5%91%A8%E6%9C%9F,0.0
6,周折,zhou zhe,zhōu zhé,zhou1 zhe2,twists and turns; setbacks,名,https://api.wohuimandarin.com/nls/tts?text=%E5%91%A8%E6%8A%98,0.0
6,周转,zhou zhuan,zhōu zhuǎn,zhou1 zhuan3,turnover; have enough to meet the need,动,https://api.wohuimandarin.com/nls/tts?text=%E5%91%A8%E8%BD%AC,0.0
6,皱纹,zhou wen,zhòu wén,zhou4 wen2,wrinkle; crease; ruffle,名,https://api.wohuimandarin.com/nls/tts?text=%E7%9A%B1%E7%BA%B9,0.0
6,昼夜,zhou ye,zhòu yè,zhou4 ye4,day and night; round the clock,名,https://api.wohuimandarin.com/nls/tts?text=%E6%98%BC%E5%A4%9C,0.0
6,株,zhu,zhū,zhu1,root and stem of a tree; individual plant; plant,量,https://api.wohuimandarin.com/nls/tts?text=zh%C5%AB,0.0
6,诸位,zhu wei,zhū wèi,zhu1 wei4,ladies and gentlemen; everybody,代,https://api.wohuimandarin.com/nls/tts?text=%E8%AF%B8%E4%BD%8D,0.0
6,逐年,zhu nian,zhú nián,zhu2 nian2,year by year; year after year; with each passing year,副,https://api.wohuimandarin.com/nls/tts?text=%E9%80%90%E5%B9%B4,0.0
6,拄,zhu,zhǔ,zhu3,lean on,动,https://api.wohuimandarin.com/nls/tts?text=zh%C7%94,0.0
6,主办,zhu ban,zhǔ bàn,zhu3 ban4,host; hold; organise (event),动,https://api.wohuimandarin.com/nls/tts?text=%E4%B8%BB%E5%8A%9E,0.0
6,主导,zhu dao,zhǔ dǎo,zhu3 dao3,lead; dominant,动,https://api.wohuimandarin.com/nls/tts?text=%E4%B8%BB%E5%AF%BC,0.0
6,嘱咐,zhu fu,zhǔ fù,zhu3 fu4,enjoin; exhort; charge (with a task),动,https://api.wohuimandarin.com/nls/tts?text=%E5%98%B1%E5%92%90,0.0
6,主管,zhu guan,zhǔ guǎn,zhu3 guan3,be responsible for; be in charge of,动/名,https://api.wohuimandarin.com/nls/tts?text=%E4%B8%BB%E7%AE%A1,0.0
6,主流,zhu liu,zhǔ liú,zhu3 liu2,main stream,名,https://api.wohuimandarin.com/nls/tts?text=%E4%B8%BB%E6%B5%81,0.0
6,主权,zhu quan,zhǔ quán,zhu3 quan2,sovereign rights; sovereignty,名,https://api.wohuimandarin.com/nls/tts?text=%E4%B8%BB%E6%9D%83,0.0
6,主义,zhu yi,zhǔ yì,zhu3 yi4,militarism,名,https://api.wohuimandarin.com/nls/tts?text=%E4%B8%BB%E4%B9%89,0.0
6,助理,zhu li,zhù lǐ,zhu4 li3,assistant,名,https://api.wohuimandarin.com/nls/tts?text=%E5%8A%A9%E7%90%86,0.0
6,注射,zhu she,zhù shè,zhu4 she4,injection,动,https://api.wohuimandarin.com/nls/tts?text=%E6%B3%A8%E5%B0%84,0.0
6,注释,zhu shi,zhù shì,zhu4 shi4,explanatory note,动/名,https://api.wohuimandarin.com/nls/tts?text=%E6%B3%A8%E9%87%8A,0.0
6,注视,zhu shi,zhù shì,zhu4 shi4,gaze at; have one's eye on,动,https://api.wohuimandarin.com/nls/tts?text=%E6%B3%A8%E8%A7%86,0.0
6,助手,zhu shou,zhù shǒu,zhu4 shou3,helper; aide; assistant,名,https://api.wohuimandarin.com/nls/tts?text=%E5%8A%A9%E6%89%8B,0.0
6,铸造,zhu zao,zhù zào,zhu4 zao4,foundry; cast,动,https://api.wohuimandarin.com/nls/tts?text=%E9%93%B8%E9%80%A0,0.0
6,驻扎,zhu zha,zhù zhā,zhu4 zha1,be stationed; be quartered,动,https://api.wohuimandarin.com/nls/tts?text=%E9%A9%BB%E6%89%8E,0.0
6,住宅,zhu zhai,zhù zhái,zhu4 zhai2,residence,名,https://api.wohuimandarin.com/nls/tts?text=%E4%BD%8F%E5%AE%85,0.0
6,注重,zhu zhong,zhù zhòng,zhu4 zhong4,lay stress on; emphasise,动,https://api.wohuimandarin.com/nls/tts?text=%E6%B3%A8%E9%87%8D,0.0
6,著作,zhu zuo,zhù zuò,zhu4 zuo4,work; writings; opus,名,https://api.wohuimandarin.com/nls/tts?text=%E8%91%97%E4%BD%9C,0.0
6,拽,zhuai,zhuài,zhuai4,drag; haul; pull,动,https://api.wohuimandarin.com/nls/tts?text=zhu%C3%A0i,0.0
6,砖,zhuan,zhuān,zhuan1,brick,名,https://api.wohuimandarin.com/nls/tts?text=zhu%C4%81n,0.0
6,专长,zhuan chang,zhuān cháng,zhuan1 chang2,speciality,名,https://api.wohuimandarin.com/nls/tts?text=%E4%B8%93%E9%95%BF,0.0
6,专程,zhuan cheng,zhuān chéng,zhuan1 cheng2,special trip,副,https://api.wohuimandarin.com/nls/tts?text=%E4%B8%93%E7%A8%8B,0.0
6,专利,zhuan li,zhuān lì,zhuan1 li4,patent,名,https://api.wohuimandarin.com/nls/tts?text=%E4%B8%93%E5%88%A9,0.0
6,专题,zhuan ti,zhuān tí,zhuan1 ti2,special topic,名,https://api.wohuimandarin.com/nls/tts?text=%E4%B8%93%E9%A2%98,0.0
6,转达,zhuan da,zhuǎn dá,zhuan3 da2,pass on; convey; communicate,动,https://api.wohuimandarin.com/nls/tts?text=%E8%BD%AC%E8%BE%BE,0.0
6,转让,zhuan rang,zhuǎn ràng,zhuan3 rang4,transfer the possession of; assign,动,https://api.wohuimandarin.com/nls/tts?text=%E8%BD%AC%E8%AE%A9,0.0
6,转移,zhuan yi,zhuǎn yí,zhuan3 yi2,shift; transfer; divert,动,https://api.wohuimandarin.com/nls/tts?text=%E8%BD%AC%E7%A7%BB,0.0
6,转折,zhuan zhe,zhuǎn zhé,zhuan3 zhe2,a turn in the course of events; transition,动,https://api.wohuimandarin.com/nls/tts?text=%E8%BD%AC%E6%8A%98,0.0
6,传记,zhuan ji,zhuàn jì,zhuan4 ji4,biography,名,https://api.wohuimandarin.com/nls/tts?text=%E4%BC%A0%E8%AE%B0,0.0
6,装备,zhuang bei,zhuāng bèi,zhuang1 bei4,equip; fit out,名,https://api.wohuimandarin.com/nls/tts?text=%E8%A3%85%E5%A4%87,0.0
6,庄稼,zhuang jia,zhuāng jia,zhuang1 jia0,farm crop,名,https://api.wohuimandarin.com/nls/tts?text=%E5%BA%84%E7%A8%BC,0.0
6,装卸,zhuang xie,zhuāng xiè,zhuang1 xie4,load and unload; assemble and disassemble,动,https://api.wohuimandarin.com/nls/tts?text=%E8%A3%85%E5%8D%B8,0.0
6,庄严,zhuang yan,zhuāng yán,zhuang1 yan2,solemn; dignified; stately,形,https://api.wohuimandarin.com/nls/tts?text=%E5%BA%84%E4%B8%A5,0.0
6,庄重,zhuang zhong,zhuāng zhòng,zhuang1 zhong4,serious; grave; solemn,形,https://api.wohuimandarin.com/nls/tts?text=%E5%BA%84%E9%87%8D,0.0
6,幢,zhuang,zhuàng,zhuang4,streamer [used in ancient China]; [measure word for buildings],量,https://api.wohuimandarin.com/nls/tts?text=zhu%C3%A0ng,0.0
6,壮观,zhuang guan,zhuàng guān,zhuang4 guan1,magnificent sight,形,https://api.wohuimandarin.com/nls/tts?text=%E5%A3%AE%E8%A7%82,0.0
6,壮丽,zhuang li,zhuàng lì,zhuang4 li4,majestic; magnificent; glorious,形,https://api.wohuimandarin.com/nls/tts?text=%E5%A3%AE%E4%B8%BD,0.0
6,壮烈,zhuang lie,zhuàng liè,zhuang4 lie4,heroic; brave,形,https://api.wohuimandarin.com/nls/tts?text=%E5%A3%AE%E7%83%88,0.0
6,追悼,zhui dao,zhuī dào,zhui1 dao4,mourn over a person's death,动,https://api.wohuimandarin.com/nls/tts?text=%E8%BF%BD%E6%82%BC,0.0
6,追究,zhui jiu,zhuī jiū,zhui1 jiu1,look into; find out; investigate,动,https://api.wohuimandarin.com/nls/tts?text=%E8%BF%BD%E7%A9%B6,0.0
6,坠,zhui,zhuì,zhui4,to fall,动,https://api.wohuimandarin.com/nls/tts?text=zhu%C3%AC,0.0
6,准则,zhun ze,zhǔn zé,zhun3 ze2,norm; standard; criterion,名,https://api.wohuimandarin.com/nls/tts?text=%E5%87%86%E5%88%99,0.0
6,琢磨,zhuo mo,zhuó mó,zhuo2 mo2,carve and polish; improve; refine,动,https://api.wohuimandarin.com/nls/tts?text=%E7%90%A2%E7%A3%A8,0.0
6,着手,zhuo shou,zhuó shǒu,zhuo2 shou3,put one's hand to; set about,动,https://api.wohuimandarin.com/nls/tts?text=%E7%9D%80%E6%89%8B,0.0
6,着想,zhuo xiang,zhuó xiǎng,zhuo2 xiang3,consider; take into consideration,动,https://api.wohuimandarin.com/nls/tts?text=%E7%9D%80%E6%83%B3,0.0
6,卓越,zhuo yue,zhuó yuè,zhuo2 yue4,outstanding; brilliant; remarkable,形,https://api.wohuimandarin.com/nls/tts?text=%E5%8D%93%E8%B6%8A,0.0
6,着重,zhuo zhong,zhuó zhòng,zhuo2 zhong4,stress; emphasise,动,https://api.wohuimandarin.com/nls/tts?text=%E7%9D%80%E9%87%8D,0.0
6,资本,zi ben,zī běn,zi1 ben3,capital [economics],名,https://api.wohuimandarin.com/nls/tts?text=%E8%B5%84%E6%9C%AC,0.0
6,资产,zi chan,zī chǎn,zi1 chan3,property; means; capital,名,https://api.wohuimandarin.com/nls/tts?text=%E8%B5%84%E4%BA%A7,0.0
6,滋润,zi run,zī rùn,zi1 run4,moist,形,https://api.wohuimandarin.com/nls/tts?text=%E6%BB%8B%E6%B6%A6,0.0
6,资深,zi shen,zī shēn,zi1 shen1,senior; veteran; experienced,形,https://api.wohuimandarin.com/nls/tts?text=%E8%B5%84%E6%B7%B1,0.0
6,姿态,zi tai,zī tài,zi1 tai4,gesture; posture; one's bearing or carriag,名,https://api.wohuimandarin.com/nls/tts?text=%E5%A7%BF%E6%80%81,0.0
6,滋味,zi wei,zī wèi,zi1 wei4,taste; tang; flavour,名,https://api.wohuimandarin.com/nls/tts?text=%E6%BB%8B%E5%91%B3,0.0
6,资助,zi zhu,zī zhù,zi1 zhu4,aid financially; subsidise,动,https://api.wohuimandarin.com/nls/tts?text=%E8%B5%84%E5%8A%A9,0.0
6,子弹,zi dan,zǐ dàn,zi3 dan4,bullet; cartridge; ammunition,名,https://api.wohuimandarin.com/nls/tts?text=%E5%AD%90%E5%BC%B9,0.0
6,自卑,zi bei,zì bēi,zi4 bei1,feel oneself inferior,形,https://api.wohuimandarin.com/nls/tts?text=%E8%87%AA%E5%8D%91,0.0
6,自发,zi fa,zì fā,zi4 fa1,spontaneous,形,https://api.wohuimandarin.com/nls/tts?text=%E8%87%AA%E5%8F%91,0.0
6,自力更生,zi li geng sheng,zì lì gēng shēng,zi4 li4 geng1 sheng1,rely on one's own efforts,,https://api.wohuimandarin.com/nls/tts?text=%E8%87%AA%E5%8A%9B%E6%9B%B4%E7%94%9F,0.0
6,自满,zi man,zì mǎn,zi4 man3,complacent; self-satisfied,形,https://api.wohuimandarin.com/nls/tts?text=%E8%87%AA%E6%BB%A1,0.0
6,自主,zi zhu,zì zhǔ,zi4 zhu3,act on one's own; decide for oneself,动,https://api.wohuimandarin.com/nls/tts?text=%E8%87%AA%E4%B8%BB,0.0
6,踪迹,zong ji,zōng jì,zong1 ji4,trail; trace; track,名,https://api.wohuimandarin.com/nls/tts?text=%E8%B8%AA%E8%BF%B9,0.0
6,宗教,zong jiao,zōng jiào,zong1 jiao4,religion,名,https://api.wohuimandarin.com/nls/tts?text=%E5%AE%97%E6%95%99,0.0
6,棕色,zong se,zōng sè,zong1 se4,brown,名,https://api.wohuimandarin.com/nls/tts?text=%E6%A3%95%E8%89%B2,0.0
6,宗旨,zong zhi,zōng zhǐ,zong1 zhi3,aim; purpose,名,https://api.wohuimandarin.com/nls/tts?text=%E5%AE%97%E6%97%A8,0.0
6,总而言之,zong er yan zhi,zǒng ér yán zhī,zong3 er2 yan2 zhi1,to make a long story short; all in all; generally speaking,,https://api.wohuimandarin.com/nls/tts?text=%E6%80%BB%E8%80%8C%E8%A8%80%E4%B9%8B,0.0
6,总和,zong he,zǒng hé,zong3 he2,sum; total,名,https://api.wohuimandarin.com/nls/tts?text=%E6%80%BB%E5%92%8C,0.0
6,纵横,zong heng,zòng héng,zong4 heng2,criss-cross; with great ease; freely,动/形,https://api.wohuimandarin.com/nls/tts?text=%E7%BA%B5%E6%A8%AA,0.0
6,走廊,zou lang,zǒu láng,zou3 lang2,corridor,名,https://api.wohuimandarin.com/nls/tts?text=%E8%B5%B0%E5%BB%8A,0.0
6,走漏,zou lou,zǒu lòu,zou3 lou4,leak out; divulge,动,https://api.wohuimandarin.com/nls/tts?text=%E8%B5%B0%E6%BC%8F,0.0
6,走私,zou si,zǒu sī,zou3 si1,smuggle,动,https://api.wohuimandarin.com/nls/tts?text=%E8%B5%B0%E7%A7%81,0.0
6,揍,zou,zòu,zou4,beat; break; smash,动,https://api.wohuimandarin.com/nls/tts?text=z%C3%B2u,0.0
6,租赁,zu lin,zū lìn,zu1 lin4,rent; lease; hire,动,https://api.wohuimandarin.com/nls/tts?text=%E7%A7%9F%E8%B5%81,0.0
6,足以,zu yi,zú yǐ,zu2 yi3,enough to; sufficient to,动,https://api.wohuimandarin.com/nls/tts?text=%E8%B6%B3%E4%BB%A5,0.0
6,阻碍,zu ai,zǔ ài,zu3 ai4,hinder; block; impede,动,https://api.wohuimandarin.com/nls/tts?text=%E9%98%BB%E7%A2%8D,0.0
6,祖父,zu fu,zǔ fù,zu3 fu4,grandfather [father's father],名,https://api.wohuimandarin.com/nls/tts?text=%E7%A5%96%E7%88%B6,0.0
6,祖国,zu guo,zǔ guó,zu3 guo2,homeland; native land,名,https://api.wohuimandarin.com/nls/tts?text=%E7%A5%96%E5%9B%BD,0.0
6,阻拦,zu lan,zǔ lán,zu3 lan2,stop; prevent; obstruct,动,https://api.wohuimandarin.com/nls/tts?text=%E9%98%BB%E6%8B%A6,0.0
6,阻挠,zu nao,zǔ náo,zu3 nao2,obstruct; thwart; stand in the way,动,https://api.wohuimandarin.com/nls/tts?text=%E9%98%BB%E6%8C%A0,0.0
6,祖先,zu xian,zǔ xiān,zu3 xian1,ancestors; forefathers,名,https://api.wohuimandarin.com/nls/tts?text=%E7%A5%96%E5%85%88,0.0
6,钻研,zuan yan,zuān yán,zuan1 yan2,study intensively; dig into,动,https://api.wohuimandarin.com/nls/tts?text=%E9%92%BB%E7%A0%94,0.0
6,钻石,zuan shi,zuàn shí,zuan4 shi2,diamond; jewel,名,https://api.wohuimandarin.com/nls/tts?text=%E9%92%BB%E7%9F%B3,0.0
6,嘴唇,zui chun,zuǐ chún,zui3 chun2,lip,名,https://api.wohuimandarin.com/nls/tts?text=%E5%98%B4%E5%94%87,0.0
6,罪犯,zui fan,zuì fàn,zui4 fan4,criminal; offender; culprit,名,https://api.wohuimandarin.com/nls/tts?text=%E7%BD%AA%E7%8A%AF,0.0
6,遵循,zun xun,zūn xún,zun1 xun2,follow; abide by; adhere to,动,https://api.wohuimandarin.com/nls/tts?text=%E9%81%B5%E5%BE%AA,0.0
6,尊严,zun yan,zūn yán,zun1 yan2,dignity; honour,名,https://api.wohuimandarin.com/nls/tts?text=%E5%B0%8A%E4%B8%A5,0.0
6,作弊,zuo bi,zuò bì,zuo4 bi4,defraud; cheat,动,https://api.wohuimandarin.com/nls/tts?text=%E4%BD%9C%E5%BC%8A,0.0
6,作废,zuo fei,zuò fèi,zuo4 fei4,cancel; delete; nullify,动,https://api.wohuimandarin.com/nls/tts?text=%E4%BD%9C%E5%BA%9F,0.0
6,作风,zuo feng,zuò fēng,zuo4 feng1,style (of work),名,https://api.wohuimandarin.com/nls/tts?text=%E4%BD%9C%E9%A3%8E,0.0
6,作息,zuo xi,zuò xī,zuo4 xi1,work and rest,名,https://api.wohuimandarin.com/nls/tts?text=%E4%BD%9C%E6%81%AF,0.0
6,座右铭,zuo you ming,zuò yòu míng,zuo4 you4 ming2,motto; maxim,名,https://api.wohuimandarin.com/nls/tts?text=%E5%BA%A7%E5%8F%B3%E9%93%AD,0.0
6,做主,zuo zhu,zuò zhǔ,zuo4 zhu3,take the responsibility for a decision,动,https://api.wohuimandarin.com/nls/tts?text=%E5%81%9A%E4%B8%BB,0.0
